ISO-10303-21;
HEADER;
FILE_DESCRIPTION (( 'STEP AP214' ),
    '1' );
FILE_NAME ('Áã¼þ1.STEP',
    '2025-07-25T08:32:15',
    ( '' ),
    ( '' ),
    'SwSTEP 2.0',
    'SolidWorks 2021',
    '' );
FILE_SCHEMA (( 'AUTOMOTIVE_DESIGN' ));
ENDSEC;

DATA;
#1 = LINE ( 'NONE', #6619, #1666 ) ;
#2 = ORIENTED_EDGE ( 'NONE', *, *, #1060, .F. ) ;
#3 = ADVANCED_FACE ( 'NONE', ( #2182 ), #8072, .T. ) ;
#4 = VECTOR ( 'NONE', #3975, 1000.000000000000000 ) ;
#5 = CARTESIAN_POINT ( 'NONE',  ( 0.8499999999999999778, 0.9499999999999998446, 1.249999999999999556 ) ) ;
#6 =( LENGTH_UNIT ( ) NAMED_UNIT ( * ) SI_UNIT ( .MILLI., .METRE. ) );
#7 = FILL_AREA_STYLE_COLOUR ( '', #96 ) ;
#8 = DIRECTION ( 'NONE',  ( -1.000000000000000000, 0.000000000000000000, 0.000000000000000000 ) ) ;
#9 = DIRECTION ( 'NONE',  ( -1.000000000000000000, 0.000000000000000000, -0.000000000000000000 ) ) ;
#10 =( GEOMETRIC_REPRESENTATION_CONTEXT ( 3 ) GLOBAL_UNCERTAINTY_ASSIGNED_CONTEXT ( ( #598 ) ) GLOBAL_UNIT_ASSIGNED_CONTEXT ( ( #1915, #7928, #525 ) ) REPRESENTATION_CONTEXT ( 'NONE', 'WORKASPACE' ) );
#11 = SURFACE_STYLE_USAGE ( .BOTH. , #6715 ) ;
#12 = EDGE_LOOP ( 'NONE', ( #8127, #2282, #6534, #2660 ) ) ;
#13 = CARTESIAN_POINT ( 'NONE',  ( 1.774999999999999467, 1.250000000000000000, 1.199999999999999512 ) ) ;
#14 = CYLINDRICAL_SURFACE ( 'NONE', #7519, 0.1000000000000000472 ) ;
#15 =( NAMED_UNIT ( * ) SI_UNIT ( $, .STERADIAN. ) SOLID_ANGLE_UNIT ( ) );
#16 = ORIENTED_EDGE ( 'NONE', *, *, #217, .F. ) ;
#17 = DIRECTION ( 'NONE',  ( -0.000000000000000000, 0.000000000000000000, 1.000000000000000000 ) ) ;
#18 = VERTEX_POINT ( 'NONE', #931 ) ;
#19 = PLANE ( 'NONE',  #3078 ) ;
#20 = FILL_AREA_STYLE_COLOUR ( '', #6207 ) ;
#21 = CARTESIAN_POINT ( 'NONE',  ( -1.874999999999999556, 0.9499999999999997335, 1.199999999999999512 ) ) ;
#22 = DIRECTION ( 'NONE',  ( 1.070816960479510870E-16, -1.000000000000000000, 0.000000000000000000 ) ) ;
#23 =( NAMED_UNIT ( * ) SI_UNIT ( $, .STERADIAN. ) SOLID_ANGLE_UNIT ( ) );
#24 = ORIENTED_EDGE ( 'NONE', *, *, #3487, .F. ) ;
#25 = LINE ( 'NONE', #6641, #3498 ) ;
#26 = ORIENTED_EDGE ( 'NONE', *, *, #1235, .F. ) ;
#27 =( NAMED_UNIT ( * ) PLANE_ANGLE_UNIT ( ) SI_UNIT ( $, .RADIAN. ) );
#28 = CARTESIAN_POINT ( 'NONE',  ( -1.499999999999999778, -0.7750000000000002442, 1.199999999999983524 ) ) ;
#29 = LINE ( 'NONE', #940, #3504 ) ;
#30 = PRESENTATION_STYLE_ASSIGNMENT (( #3326 ) ) ;
#31 = DIRECTION ( 'NONE',  ( 1.000000000000000000, 1.070816960479510993E-16, 0.000000000000000000 ) ) ;
#32 = PLANE ( 'NONE',  #7233 ) ;
#33 = FILL_AREA_STYLE ('',( #1355 ) ) ;
#34 = FILL_AREA_STYLE ('',( #7968 ) ) ;
#35 = FILL_AREA_STYLE_COLOUR ( '', #2158 ) ;
#36 = DIRECTION ( 'NONE',  ( -0.000000000000000000, 0.000000000000000000, 1.000000000000000000 ) ) ;
#37 = PLANE ( 'NONE',  #3297 ) ;
#38 = DIRECTION ( 'NONE',  ( 4.818676322157799347E-16, -0.000000000000000000, 1.000000000000000000 ) ) ;
#39 =( NAMED_UNIT ( * ) SI_UNIT ( $, .STERADIAN. ) SOLID_ANGLE_UNIT ( ) );
#40 = AXIS2_PLACEMENT_3D ( 'NONE', #2379, #3148, #5112 ) ;
#41 = FILL_AREA_STYLE ('',( #6088 ) ) ;
#42 = EDGE_CURVE ( 'NONE', #3635, #2593, #6183, .T. ) ;
#43 = SURFACE_STYLE_USAGE ( .BOTH. , #4707 ) ;
#44 = ORIENTED_EDGE ( 'NONE', *, *, #5640, .F. ) ;
#45 = ADVANCED_FACE ( 'NONE', ( #2911 ), #849, .T. ) ;
#46 = ORIENTED_EDGE ( 'NONE', *, *, #3012, .T. ) ;
#47 = COLOUR_RGB ( '',0.8509803921568627194, 0.8509803921568627194, 0.8509803921568627194 ) ;
#48 = CARTESIAN_POINT ( 'NONE',  ( -2.074999999999997957, -1.150000000000000355, 0.5999999999999999778 ) ) ;
#49 = SURFACE_SIDE_STYLE ('',( #7945 ) ) ;
#50 = PRESENTATION_STYLE_ASSIGNMENT (( #2788 ) ) ;
#51 = SURFACE_SIDE_STYLE ('',( #8071 ) ) ;
#52 = ADVANCED_FACE ( 'NONE', ( #3465 ), #2826, .T. ) ;
#53 = ADVANCED_FACE ( 'NONE', ( #7653 ), #3716, .F. ) ;
#54 = EDGE_CURVE ( 'NONE', #7763, #1674, #441, .T. ) ;
#55 = FILL_AREA_STYLE_COLOUR ( '', #4710 ) ;
#56 = FACE_OUTER_BOUND ( 'NONE', #3509, .T. ) ;
#57 = AXIS2_PLACEMENT_3D ( 'NONE', #776, #5329, #3357 ) ;
#58 = VECTOR ( 'NONE', #3746, 1000.000000000000000 ) ;
#59 = FILL_AREA_STYLE_COLOUR ( '', #1103 ) ;
#60 = ORIENTED_EDGE ( 'NONE', *, *, #5376, .T. ) ;
#61 = ADVANCED_FACE ( 'NONE', ( #5048 ), #4446, .F. ) ;
#62 =( NAMED_UNIT ( * ) PLANE_ANGLE_UNIT ( ) SI_UNIT ( $, .RADIAN. ) );
#63 = MECHANICAL_DESIGN_GEOMETRIC_PRESENTATION_REPRESENTATION (  '', ( #1583 ), #3641 ) ;
#64 = CARTESIAN_POINT ( 'NONE',  ( -2.024999999999999911, 0.8999999999999996891, 0.4999999999999989453 ) ) ;
#65 = ORIENTED_EDGE ( 'NONE', *, *, #4897, .T. ) ;
#66 = SURFACE_STYLE_USAGE ( .BOTH. , #5770 ) ;
#67 = ORIENTED_EDGE ( 'NONE', *, *, #3063, .T. ) ;
#68 =( GEOMETRIC_REPRESENTATION_CONTEXT ( 3 ) GLOBAL_UNCERTAINTY_ASSIGNED_CONTEXT ( ( #7460 ) ) GLOBAL_UNIT_ASSIGNED_CONTEXT ( ( #8142, #5541, #5462 ) ) REPRESENTATION_CONTEXT ( 'NONE', 'WORKASPACE' ) );
#69 = PRESENTATION_LAYER_ASSIGNMENT (  '', '', ( #8139 ) ) ;
#70 = AXIS2_PLACEMENT_3D ( 'NONE', #8245, #8209, #5524 ) ;
#71 = CARTESIAN_POINT ( 'NONE',  ( 0.9499999999999995115, 2.250000000000000444, 0.5499999999999998224 ) ) ;
#72 = CARTESIAN_POINT ( 'NONE',  ( 1.774999999999999467, 1.350000000000000089, 1.199999999999999512 ) ) ;
#73 = DIRECTION ( 'NONE',  ( -1.000000000000000000, -1.084202172485504040E-15, 0.000000000000000000 ) ) ;
#74 = ORIENTED_EDGE ( 'NONE', *, *, #7216, .F. ) ;
#75 =( GEOMETRIC_REPRESENTATION_CONTEXT ( 3 ) GLOBAL_UNCERTAINTY_ASSIGNED_CONTEXT ( ( #4417 ) ) GLOBAL_UNIT_ASSIGNED_CONTEXT ( ( #1393, #7326, #8089 ) ) REPRESENTATION_CONTEXT ( 'NONE', 'WORKASPACE' ) );
#76 = VECTOR ( 'NONE', #3378, 1000.000000000000000 ) ;
#77 = UNCERTAINTY_MEASURE_WITH_UNIT (LENGTH_MEASURE( 1.000000000000000082E-05 ), #5325, 'distance_accuracy_value', 'NONE');
#78 =( NAMED_UNIT ( * ) SI_UNIT ( $, .STERADIAN. ) SOLID_ANGLE_UNIT ( ) );
#79 = VECTOR ( 'NONE', #2266, 1000.000000000000000 ) ;
#80 = SURFACE_STYLE_USAGE ( .BOTH. , #3360 ) ;
#81 = ADVANCED_FACE ( 'NONE', ( #3538 ), #8310, .F. ) ;
#82 = FILL_AREA_STYLE ('',( #7247 ) ) ;
#83 = FILL_AREA_STYLE ('',( #6690 ) ) ;
#84 =( GEOMETRIC_REPRESENTATION_CONTEXT ( 3 ) GLOBAL_UNCERTAINTY_ASSIGNED_CONTEXT ( ( #4314 ) ) GLOBAL_UNIT_ASSIGNED_CONTEXT ( ( #8157, #7457, #8453 ) ) REPRESENTATION_CONTEXT ( 'NONE', 'WORKASPACE' ) );
#85 = DIRECTION ( 'NONE',  ( 1.000000000000000000, 0.000000000000000000, 0.000000000000000000 ) ) ;
#86 = DIRECTION ( 'NONE',  ( 1.000000000000000000, -1.070816960479510993E-16, 2.081668171172165989E-14 ) ) ;
#87 = VECTOR ( 'NONE', #7081, 1000.000000000000000 ) ;
#88 = DIRECTION ( 'NONE',  ( 1.000000000000000000, 0.000000000000000000, 0.000000000000000000 ) ) ;
#89 = DIRECTION ( 'NONE',  ( -0.000000000000000000, -0.000000000000000000, 1.000000000000000000 ) ) ;
#90 =( LENGTH_UNIT ( ) NAMED_UNIT ( * ) SI_UNIT ( .MILLI., .METRE. ) );
#91 = AXIS2_PLACEMENT_3D ( 'NONE', #2461, #7616, #5564 ) ;
#92 = SURFACE_STYLE_USAGE ( .BOTH. , #751 ) ;
#93 = VERTEX_POINT ( 'NONE', #3491 ) ;
#94 = ORIENTED_EDGE ( 'NONE', *, *, #2283, .F. ) ;
#95 = ORIENTED_EDGE ( 'NONE', *, *, #2960, .T. ) ;
#96 = COLOUR_RGB ( '',0.8509803921568627194, 0.8509803921568627194, 0.8509803921568627194 ) ;
#97 = EDGE_CURVE ( 'NONE', #916, #7802, #6118, .T. ) ;
#98 = AXIS2_PLACEMENT_3D ( 'NONE', #3222, #5843, #9 ) ;
#99 = CARTESIAN_POINT ( 'NONE',  ( 2.024999999999999467, 1.150000000000000133, 1.800000000000000044 ) ) ;
#100 = FILL_AREA_STYLE ('',( #758 ) ) ;
#101 = PLANE ( 'NONE',  #3277 ) ;
#102 = DIRECTION ( 'NONE',  ( -1.070816960479510993E-16, 1.000000000000000000, 0.000000000000000000 ) ) ;
#103 = UNCERTAINTY_MEASURE_WITH_UNIT (LENGTH_MEASURE( 1.000000000000000082E-05 ), #4636, 'distance_accuracy_value', 'NONE');
#104 =( NAMED_UNIT ( * ) PLANE_ANGLE_UNIT ( ) SI_UNIT ( $, .RADIAN. ) );
#105 = DIRECTION ( 'NONE',  ( 0.000000000000000000, 0.000000000000000000, -1.000000000000000000 ) ) ;
#106 = PLANE ( 'NONE',  #6026 ) ;
#107 = COLOUR_RGB ( '',0.8509803921568627194, 0.8509803921568627194, 0.8509803921568627194 ) ;
#108 = PRESENTATION_LAYER_ASSIGNMENT (  '', '', ( #3290 ) ) ;
#109 = CARTESIAN_POINT ( 'NONE',  ( 1.374999999999999778, -1.150000000000000355, 1.199999999999981082 ) ) ;
#110 = APPLICATION_PROTOCOL_DEFINITION ( 'draft international standard', 'automotive_design', 1998, #1868 ) ;
#111 = AXIS2_PLACEMENT_3D ( 'NONE', #1088, #2523, #7783 ) ;
#112 = CARTESIAN_POINT ( 'NONE',  ( -1.899999999999999689, -0.7750000000000002442, 1.779999999999980931 ) ) ;
#113 = VERTEX_POINT ( 'NONE', #2849 ) ;
#114 =( GEOMETRIC_REPRESENTATION_CONTEXT ( 3 ) GLOBAL_UNCERTAINTY_ASSIGNED_CONTEXT ( ( #440 ) ) GLOBAL_UNIT_ASSIGNED_CONTEXT ( ( #2338, #3024, #8350 ) ) REPRESENTATION_CONTEXT ( 'NONE', 'WORKASPACE' ) );
#115 = CARTESIAN_POINT ( 'NONE',  ( -1.499999999999999778, -0.6250000000000004441, 0.2000000000000000111 ) ) ;
#116 = ADVANCED_FACE ( 'NONE', ( #6426 ), #2559, .T. ) ;
#117 = FILL_AREA_STYLE ('',( #20 ) ) ;
#118 = ORIENTED_EDGE ( 'NONE', *, *, #7105, .T. ) ;
#119 = STYLED_ITEM ( 'NONE', ( #1349 ), #717 ) ;
#120 = FACE_OUTER_BOUND ( 'NONE', #6681, .T. ) ;
#121 = CARTESIAN_POINT ( 'NONE',  ( -1.574999999999998623, 0.9499999999999997335, 0.4999999999999987232 ) ) ;
#122 = DIRECTION ( 'NONE',  ( -1.000000000000000000, 8.340016711426956274E-16, 0.000000000000000000 ) ) ;
#123 = MECHANICAL_DESIGN_GEOMETRIC_PRESENTATION_REPRESENTATION (  '', ( #1507 ), #7759 ) ;
#124 = ORIENTED_EDGE ( 'NONE', *, *, #6454, .F. ) ;
#125 = CARTESIAN_POINT ( 'NONE',  ( 2.075000000000000622, 0.3799999999999998934, 0.2000000000000000944 ) ) ;
#126 = PLANE ( 'NONE',  #1278 ) ;
#127 = SURFACE_SIDE_STYLE ('',( #4735 ) ) ;
#128 = VERTEX_POINT ( 'NONE', #5158 ) ;
#129 = FILL_AREA_STYLE ('',( #4130 ) ) ;
#130 = ADVANCED_FACE ( 'NONE', ( #3876 ), #2006, .F. ) ;
#131 = DIRECTION ( 'NONE',  ( 9.531447670202286736E-17, -1.000000000000000000, -0.000000000000000000 ) ) ;
#132 = CARTESIAN_POINT ( 'NONE',  ( 1.874999999999998224, 0.9500000000000001776, 0.5999999999999999778 ) ) ;
#133 = VECTOR ( 'NONE', #6610, 1000.000000000000000 ) ;
#134 = CARTESIAN_POINT ( 'NONE',  ( 2.274999999999999023, -1.149999999999999911, 1.299999999999999156 ) ) ;
#135 = ORIENTED_EDGE ( 'NONE', *, *, #4161, .T. ) ;
#136 = VERTEX_POINT ( 'NONE', #6582 ) ;
#137 = DIRECTION ( 'NONE',  ( -1.070816960479510870E-16, 1.000000000000000000, 0.000000000000000000 ) ) ;
#138 = PRESENTATION_LAYER_ASSIGNMENT (  '', '', ( #6348 ) ) ;
#139 = VECTOR ( 'NONE', #2315, 1000.000000000000000 ) ;
#140 = CARTESIAN_POINT ( 'NONE',  ( -0.7058717852661396952, -1.150000000000000355, 0.000000000000000000 ) ) ;
#141 =( NAMED_UNIT ( * ) SI_UNIT ( $, .STERADIAN. ) SOLID_ANGLE_UNIT ( ) );
#142 = FILL_AREA_STYLE ('',( #5393 ) ) ;
#143 = VECTOR ( 'NONE', #3334, 1000.000000000000000 ) ;
#144 = DIRECTION ( 'NONE',  ( 9.531447670202287969E-17, -1.000000000000000000, 0.000000000000000000 ) ) ;
#145 = DIRECTION ( 'NONE',  ( 1.000000000000000000, 0.000000000000000000, 0.000000000000000000 ) ) ;
#146 = FILL_AREA_STYLE_COLOUR ( '', #4342 ) ;
#147 = DIRECTION ( 'NONE',  ( 1.070816960479510993E-16, -1.000000000000000000, 0.000000000000000000 ) ) ;
#148 = FACE_OUTER_BOUND ( 'NONE', #8446, .T. ) ;
#149 = MECHANICAL_DESIGN_GEOMETRIC_PRESENTATION_REPRESENTATION (  '', ( #7485 ), #5380 ) ;
#150 = SURFACE_STYLE_USAGE ( .BOTH. , #5521 ) ;
#151 = ADVANCED_FACE ( 'NONE', ( #3264 ), #8598, .F. ) ;
#152 = DIRECTION ( 'NONE',  ( 1.000000000000000000, -0.000000000000000000, -0.000000000000000000 ) ) ;
#153 = CARTESIAN_POINT ( 'NONE',  ( -0.7058717852661396952, -0.9180000000000003713, 1.800000000000000044 ) ) ;
#154 = ORIENTED_EDGE ( 'NONE', *, *, #1031, .T. ) ;
#155 = SURFACE_SIDE_STYLE ('',( #3404 ) ) ;
#156 = ORIENTED_EDGE ( 'NONE', *, *, #1990, .T. ) ;
#157 = CARTESIAN_POINT ( 'NONE',  ( 0.8499999999999990896, 0.9500000000000000666, 0.4499999999999998446 ) ) ;
#158 = DIRECTION ( 'NONE',  ( -0.000000000000000000, 0.000000000000000000, -1.000000000000000000 ) ) ;
#159 = EDGE_CURVE ( 'NONE', #8150, #2206, #7348, .T. ) ;
#160 = ADVANCED_FACE ( 'NONE', ( #5348 ), #1487, .T. ) ;
#161 = ORIENTED_EDGE ( 'NONE', *, *, #5815, .F. ) ;
#162 = MECHANICAL_DESIGN_GEOMETRIC_PRESENTATION_REPRESENTATION (  '', ( #3342 ), #4974 ) ;
#163 = DIRECTION ( 'NONE',  ( 0.000000000000000000, 1.000000000000000000, 0.000000000000000000 ) ) ;
#164 = EDGE_CURVE ( 'NONE', #798, #1164, #2373, .T. ) ;
#165 = CARTESIAN_POINT ( 'NONE',  ( -2.024999999999999467, 1.149999999999999689, 0.000000000000000000 ) ) ;
#166 = CARTESIAN_POINT ( 'NONE',  ( -1.899999999999999689, -0.6249999999999951150, 0.2000000000000000111 ) ) ;
#167 = FACE_OUTER_BOUND ( 'NONE', #8560, .T. ) ;
#168 = VERTEX_POINT ( 'NONE', #1407 ) ;
#169 = PRESENTATION_STYLE_ASSIGNMENT (( #6649 ) ) ;
#170 = PRESENTATION_LAYER_ASSIGNMENT (  '', '', ( #307 ) ) ;
#171 = UNCERTAINTY_MEASURE_WITH_UNIT (LENGTH_MEASURE( 1.000000000000000082E-05 ), #2416, 'distance_accuracy_value', 'NONE');
#172 = DIRECTION ( 'NONE',  ( -1.000000000000000000, -1.070816960479510870E-16, 0.000000000000000000 ) ) ;
#173 = DIRECTION ( 'NONE',  ( 1.000000000000000000, 0.000000000000000000, 0.000000000000000000 ) ) ;
#174 = DIRECTION ( 'NONE',  ( 2.096124200138642642E-14, 0.000000000000000000, -1.000000000000000000 ) ) ;
#175 = PRESENTATION_LAYER_ASSIGNMENT (  '', '', ( #602 ) ) ;
#176 = ORIENTED_EDGE ( 'NONE', *, *, #4747, .T. ) ;
#177 = ADVANCED_FACE ( 'NONE', ( #4018 ), #6012, .F. ) ;
#178 = ORIENTED_EDGE ( 'NONE', *, *, #3391, .T. ) ;
#179 = VERTEX_POINT ( 'NONE', #2256 ) ;
#180 = DIRECTION ( 'NONE',  ( 0.000000000000000000, -1.000000000000000000, 0.000000000000000000 ) ) ;
#181 = UNCERTAINTY_MEASURE_WITH_UNIT (LENGTH_MEASURE( 1.000000000000000082E-05 ), #1434, 'distance_accuracy_value', 'NONE');
#182 =( LENGTH_UNIT ( ) NAMED_UNIT ( * ) SI_UNIT ( .MILLI., .METRE. ) );
#183 = EDGE_CURVE ( 'NONE', #734, #7545, #7897, .T. ) ;
#184 = AXIS2_PLACEMENT_3D ( 'NONE', #8052, #6073, #2802 ) ;
#185 =( NAMED_UNIT ( * ) SI_UNIT ( $, .STERADIAN. ) SOLID_ANGLE_UNIT ( ) );
#186 = CARTESIAN_POINT ( 'NONE',  ( 1.574999999999999289, 1.250000000000000000, 0.5999999999999994227 ) ) ;
#187 = COLOUR_RGB ( '',0.2235294117647058654, 0.2235294117647058654, 0.2235294117647058654 ) ;
#188 = CIRCLE ( 'NONE', #1313, 0.1000000000000000472 ) ;
#189 = LINE ( 'NONE', #7474, #3776 ) ;
#190 = VECTOR ( 'NONE', #1020, 1000.000000000000000 ) ;
#191 = CARTESIAN_POINT ( 'NONE',  ( 1.450000000000003508, 1.150000000000000133, 1.749999999999999334 ) ) ;
#192 = DIRECTION ( 'NONE',  ( 0.000000000000000000, 0.000000000000000000, 1.000000000000000000 ) ) ;
#193 = ORIENTED_EDGE ( 'NONE', *, *, #2535, .T. ) ;
#194 = FILL_AREA_STYLE_COLOUR ( '', #6415 ) ;
#195 = PRESENTATION_LAYER_ASSIGNMENT (  '', '', ( #1583 ) ) ;
#196 = PRESENTATION_LAYER_ASSIGNMENT (  '', '', ( #8400 ) ) ;
#197 = ORIENTED_EDGE ( 'NONE', *, *, #7363, .F. ) ;
#198 = ORIENTED_EDGE ( 'NONE', *, *, #5323, .F. ) ;
#199 =( LENGTH_UNIT ( ) NAMED_UNIT ( * ) SI_UNIT ( .MILLI., .METRE. ) );
#200 =( GEOMETRIC_REPRESENTATION_CONTEXT ( 3 ) GLOBAL_UNCERTAINTY_ASSIGNED_CONTEXT ( ( #6315 ) ) GLOBAL_UNIT_ASSIGNED_CONTEXT ( ( #5593, #4857, #1685 ) ) REPRESENTATION_CONTEXT ( 'NONE', 'WORKASPACE' ) );
#201 = FACE_OUTER_BOUND ( 'NONE', #4051, .T. ) ;
#202 = STYLED_ITEM ( 'NONE', ( #5272 ), #6176 ) ;
#203 = ORIENTED_EDGE ( 'NONE', *, *, #274, .T. ) ;
#204 = CARTESIAN_POINT ( 'NONE',  ( -2.074999999999998401, 0.9499999999999997335, 1.299999999999998934 ) ) ;
#205 = DIRECTION ( 'NONE',  ( 0.000000000000000000, 0.000000000000000000, 1.000000000000000000 ) ) ;
#206 = DIRECTION ( 'NONE',  ( 0.000000000000000000, 2.251393692149440783E-30, -1.000000000000000000 ) ) ;
#207 = SURFACE_STYLE_USAGE ( .BOTH. , #8093 ) ;
#208 = ORIENTED_EDGE ( 'NONE', *, *, #3766, .F. ) ;
#209 =( LENGTH_UNIT ( ) NAMED_UNIT ( * ) SI_UNIT ( .MILLI., .METRE. ) );
#210 = FILL_AREA_STYLE ('',( #7535 ) ) ;
#211 = ORIENTED_EDGE ( 'NONE', *, *, #2760, .T. ) ;
#212 = SURFACE_STYLE_FILL_AREA ( #129 ) ;
#213 = AXIS2_PLACEMENT_3D ( 'NONE', #3025, #1778, #3108 ) ;
#214 = AXIS2_PLACEMENT_3D ( 'NONE', #2908, #5434, #2179 ) ;
#215 = ADVANCED_FACE ( 'NONE', ( #5435 ), #882, .T. ) ;
#216 =( GEOMETRIC_REPRESENTATION_CONTEXT ( 3 ) GLOBAL_UNCERTAINTY_ASSIGNED_CONTEXT ( ( #2778 ) ) GLOBAL_UNIT_ASSIGNED_CONTEXT ( ( #8607, #2103, #686 ) ) REPRESENTATION_CONTEXT ( 'NONE', 'WORKASPACE' ) );
#217 = EDGE_CURVE ( 'NONE', #3156, #6733, #2214, .T. ) ;
#218 = CARTESIAN_POINT ( 'NONE',  ( 2.074999999999998845, -0.9578422717728219959, 1.199999999999995515 ) ) ;
#219 = SURFACE_STYLE_FILL_AREA ( #3581 ) ;
#220 = SURFACE_STYLE_USAGE ( .BOTH. , #6618 ) ;
#221 = MECHANICAL_DESIGN_GEOMETRIC_PRESENTATION_REPRESENTATION (  '', ( #8008 ), #356 ) ;
#222 = COLOUR_RGB ( '',0.8509803921568627194, 0.8509803921568627194, 0.8509803921568627194 ) ;
#223 = EDGE_CURVE ( 'NONE', #6038, #6494, #4228, .T. ) ;
#224 = STYLED_ITEM ( 'NONE', ( #2777 ), #6443 ) ;
#225 = AXIS2_PLACEMENT_3D ( 'NONE', #1172, #474, #3593 ) ;
#226 = VERTEX_POINT ( 'NONE', #2869 ) ;
#227 = ORIENTED_EDGE ( 'NONE', *, *, #5429, .T. ) ;
#228 = AXIS2_PLACEMENT_3D ( 'NONE', #6273, #7659, #1625 ) ;
#229 = DIRECTION ( 'NONE',  ( 1.000000000000000000, 0.000000000000000000, 0.000000000000000000 ) ) ;
#230 = CARTESIAN_POINT ( 'NONE',  ( 1.899999999999999689, -0.6249999999999951150, 0.2000000000000000111 ) ) ;
#231 = DIRECTION ( 'NONE',  ( 1.000000000000000000, 1.070816960479510870E-16, -0.000000000000000000 ) ) ;
#232 =( NAMED_UNIT ( * ) PLANE_ANGLE_UNIT ( ) SI_UNIT ( $, .RADIAN. ) );
#233 = ORIENTED_EDGE ( 'NONE', *, *, #7636, .T. ) ;
#234 = AXIS2_PLACEMENT_3D ( 'NONE', #7471, #6979, #1061 ) ;
#235 = SURFACE_SIDE_STYLE ('',( #3558 ) ) ;
#236 = STYLED_ITEM ( 'NONE', ( #5269 ), #2131 ) ;
#237 = ORIENTED_EDGE ( 'NONE', *, *, #54, .T. ) ;
#238 = CARTESIAN_POINT ( 'NONE',  ( -0.7058717852661396952, -1.150000000000000355, 0.4955507190332970602 ) ) ;
#239 = STYLED_ITEM ( 'NONE', ( #7547 ), #8151 ) ;
#240 = DIRECTION ( 'NONE',  ( 0.000000000000000000, -6.862039066364035213E-17, -1.000000000000000000 ) ) ;
#241 = DIRECTION ( 'NONE',  ( 9.531447670202286736E-17, -1.000000000000000000, -0.000000000000000000 ) ) ;
#242 = DIRECTION ( 'NONE',  ( -1.000000000000000000, -0.000000000000000000, -0.000000000000000000 ) ) ;
#243 = ORIENTED_EDGE ( 'NONE', *, *, #5167, .F. ) ;
#244 = VECTOR ( 'NONE', #1125, 1000.000000000000000 ) ;
#245 = AXIS2_PLACEMENT_3D ( 'NONE', #2138, #680, #2629 ) ;
#246 = EDGE_LOOP ( 'NONE', ( #3985, #2650, #1291, #2 ) ) ;
#247 = SURFACE_STYLE_FILL_AREA ( #286 ) ;
#248 = VECTOR ( 'NONE', #5790, 1000.000000000000000 ) ;
#249 = DIRECTION ( 'NONE',  ( 1.000000000000000000, 0.000000000000000000, -0.000000000000000000 ) ) ;
#250 = ORIENTED_EDGE ( 'NONE', *, *, #4674, .T. ) ;
#251 = UNCERTAINTY_MEASURE_WITH_UNIT (LENGTH_MEASURE( 1.000000000000000082E-05 ), #6724, 'distance_accuracy_value', 'NONE');
#252 = PRESENTATION_STYLE_ASSIGNMENT (( #4208 ) ) ;
#253 = CARTESIAN_POINT ( 'NONE',  ( 1.474999999999999423, 0.9500000000000000666, 1.800000000000000266 ) ) ;
#254 = LINE ( 'NONE', #8218, #3449 ) ;
#255 = SURFACE_STYLE_USAGE ( .BOTH. , #293 ) ;
#256 = SURFACE_STYLE_FILL_AREA ( #424 ) ;
#257 = DIRECTION ( 'NONE',  ( 1.000000000000000000, 0.000000000000000000, 0.000000000000000000 ) ) ;
#258 = ORIENTED_EDGE ( 'NONE', *, *, #7593, .T. ) ;
#259 = VECTOR ( 'NONE', #2473, 1000.000000000000000 ) ;
#260 = DIRECTION ( 'NONE',  ( -1.070816960479511117E-16, 1.000000000000000000, -0.000000000000000000 ) ) ;
#261 = FACE_OUTER_BOUND ( 'NONE', #1188, .T. ) ;
#262 = DIRECTION ( 'NONE',  ( 0.000000000000000000, 0.000000000000000000, -1.000000000000000000 ) ) ;
#263 = CARTESIAN_POINT ( 'NONE',  ( 1.774999999999999245, 0.9499999999999998446, 1.299999999999999600 ) ) ;
#264 = ORIENTED_EDGE ( 'NONE', *, *, #7144, .T. ) ;
#265 = VECTOR ( 'NONE', #4638, 1000.000000000000000 ) ;
#266 = ADVANCED_FACE ( 'NONE', ( #8192 ), #2347, .T. ) ;
#267 = FACE_BOUND ( 'NONE', #3702, .T. ) ;
#268 =( NAMED_UNIT ( * ) SI_UNIT ( $, .STERADIAN. ) SOLID_ANGLE_UNIT ( ) );
#269 = STYLED_ITEM ( 'NONE', ( #6440 ), #5515 ) ;
#270 = UNCERTAINTY_MEASURE_WITH_UNIT (LENGTH_MEASURE( 1.000000000000000082E-05 ), #6345, 'distance_accuracy_value', 'NONE');
#271 = DIRECTION ( 'NONE',  ( -1.000000000000000000, -0.000000000000000000, -0.000000000000000000 ) ) ;
#272 = PRESENTATION_STYLE_ASSIGNMENT (( #6184 ) ) ;
#273 = LINE ( 'NONE', #933, #370 ) ;
#274 = EDGE_CURVE ( 'NONE', #2065, #1250, #438, .T. ) ;
#275 = EDGE_CURVE ( 'NONE', #7185, #468, #5620, .T. ) ;
#276 = ORIENTED_EDGE ( 'NONE', *, *, #2950, .F. ) ;
#277 = CARTESIAN_POINT ( 'NONE',  ( 1.149999999999999689, 0.2499999999999997780, -0.4000000000000000222 ) ) ;
#278 = AXIS2_PLACEMENT_3D ( 'NONE', #669, #2654, #617 ) ;
#279 = SURFACE_STYLE_FILL_AREA ( #4877 ) ;
#280 = CARTESIAN_POINT ( 'NONE',  ( 2.024999999999999911, 0.9500000000000002887, 1.800000000000000044 ) ) ;
#281 = FILL_AREA_STYLE ('',( #5448 ) ) ;
#282 = STYLED_ITEM ( 'NONE', ( #6552 ), #4272 ) ;
#283 = LINE ( 'NONE', #1017, #139 ) ;
#284 = EDGE_LOOP ( 'NONE', ( #7715, #6082, #4556, #250, #3912, #5836 ) ) ;
#285 = CARTESIAN_POINT ( 'NONE',  ( 1.774999999999999467, 1.250000000000000000, 1.199999999999999512 ) ) ;
#286 = FILL_AREA_STYLE ('',( #6994 ) ) ;
#287 = DIRECTION ( 'NONE',  ( -1.000000000000000000, -1.070816960479511117E-16, 2.081668171172165989E-14 ) ) ;
#288 = EDGE_LOOP ( 'NONE', ( #4256, #5571, #5245 ) ) ;
#289 =( LENGTH_UNIT ( ) NAMED_UNIT ( * ) SI_UNIT ( .MILLI., .METRE. ) );
#290 = ORIENTED_EDGE ( 'NONE', *, *, #2022, .T. ) ;
#291 = CARTESIAN_POINT ( 'NONE',  ( 1.499999999999999778, -0.6250000000000004441, 0.2000000000000000111 ) ) ;
#292 = FACE_OUTER_BOUND ( 'NONE', #1879, .T. ) ;
#293 = SURFACE_SIDE_STYLE ('',( #7005 ) ) ;
#294 = EDGE_CURVE ( 'NONE', #8348, #6188, #1231, .T. ) ;
#295 =( NAMED_UNIT ( * ) SI_UNIT ( $, .STERADIAN. ) SOLID_ANGLE_UNIT ( ) );
#296 =( LENGTH_UNIT ( ) NAMED_UNIT ( * ) SI_UNIT ( .MILLI., .METRE. ) );
#297 = ORIENTED_EDGE ( 'NONE', *, *, #8046, .F. ) ;
#298 = SURFACE_STYLE_FILL_AREA ( #4951 ) ;
#299 = DIRECTION ( 'NONE',  ( 1.000000000000000000, 1.070816960479510870E-16, 1.355252715606880937E-15 ) ) ;
#300 = CARTESIAN_POINT ( 'NONE',  ( 2.275000000000018563, -1.149999999999999911, 0.4955507190332495981 ) ) ;
#301 = ORIENTED_EDGE ( 'NONE', *, *, #2856, .T. ) ;
#302 =( NAMED_UNIT ( * ) PLANE_ANGLE_UNIT ( ) SI_UNIT ( $, .RADIAN. ) );
#303 = AXIS2_PLACEMENT_3D ( 'NONE', #1182, #676, #8637 ) ;
#304 = PRESENTATION_STYLE_ASSIGNMENT (( #6220 ) ) ;
#305 = CARTESIAN_POINT ( 'NONE',  ( -2.074999999999997957, -1.150000000000000355, 0.5999999999999999778 ) ) ;
#306 = EDGE_CURVE ( 'NONE', #5021, #436, #828, .T. ) ;
#307 = STYLED_ITEM ( 'NONE', ( #2001 ), #3742 ) ;
#308 = DIRECTION ( 'NONE',  ( -1.000000000000000000, -1.070816960479511117E-16, 0.000000000000000000 ) ) ;
#309 = DIRECTION ( 'NONE',  ( -1.000000000000000000, 0.000000000000000000, 0.000000000000000000 ) ) ;
#310 =( NAMED_UNIT ( * ) SI_UNIT ( $, .STERADIAN. ) SOLID_ANGLE_UNIT ( ) );
#311 = EDGE_LOOP ( 'NONE', ( #4746, #736, #2945, #6358, #3322, #371, #1441, #5972, #1794, #979, #5186, #7773, #1899, #6913, #378, #5457, #5636, #3735, #5539, #535, #5194, #6812, #4640, #7573, #6351, #3192 ) ) ;
#312 = ORIENTED_EDGE ( 'NONE', *, *, #2148, .F. ) ;
#313 = EDGE_LOOP ( 'NONE', ( #2089, #8216, #7454, #1151 ) ) ;
#314 = CARTESIAN_POINT ( 'NONE',  ( 1.574999999999999512, 1.250000000000000000, 1.199999999999999512 ) ) ;
#315 =( GEOMETRIC_REPRESENTATION_CONTEXT ( 3 ) GLOBAL_UNCERTAINTY_ASSIGNED_CONTEXT ( ( #6408 ) ) GLOBAL_UNIT_ASSIGNED_CONTEXT ( ( #6481, #1173, #567 ) ) REPRESENTATION_CONTEXT ( 'NONE', 'WORKASPACE' ) );
#316 = EDGE_CURVE ( 'NONE', #6271, #7975, #2396, .T. ) ;
#317 = CARTESIAN_POINT ( 'NONE',  ( 0.9499999999999995115, 2.350000000000000089, 0.5499999999999998224 ) ) ;
#318 = EDGE_CURVE ( 'NONE', #7316, #436, #6593, .T. ) ;
#319 = EDGE_CURVE ( 'NONE', #7316, #416, #3167, .T. ) ;
#320 = FACE_OUTER_BOUND ( 'NONE', #6209, .T. ) ;
#321 = LINE ( 'NONE', #2997, #4912 ) ;
#322 = CARTESIAN_POINT ( 'NONE',  ( -1.574999999999999512, 0.9499999999999998446, 1.299999999999999600 ) ) ;
#323 = EDGE_CURVE ( 'NONE', #5989, #7250, #573, .T. ) ;
#324 = ORIENTED_EDGE ( 'NONE', *, *, #4501, .T. ) ;
#325 = ORIENTED_EDGE ( 'NONE', *, *, #1442, .F. ) ;
#326 = FACE_OUTER_BOUND ( 'NONE', #951, .T. ) ;
#327 = SURFACE_STYLE_FILL_AREA ( #5619 ) ;
#328 = ORIENTED_EDGE ( 'NONE', *, *, #5375, .F. ) ;
#329 = AXIS2_PLACEMENT_3D ( 'NONE', #4799, #4965, #7658 ) ;
#330 = LINE ( 'NONE', #6861, #1614 ) ;
#331 = VECTOR ( 'NONE', #1043, 1000.000000000000000 ) ;
#332 = EDGE_LOOP ( 'NONE', ( #1142, #2806, #5284, #6740 ) ) ;
#333 = DIRECTION ( 'NONE',  ( -1.000000000000000000, 0.000000000000000000, 0.000000000000000000 ) ) ;
#334 = PRESENTATION_LAYER_ASSIGNMENT (  '', '', ( #6397 ) ) ;
#335 =( LENGTH_UNIT ( ) NAMED_UNIT ( * ) SI_UNIT ( .MILLI., .METRE. ) );
#336 = DIRECTION ( 'NONE',  ( 0.000000000000000000, 0.000000000000000000, -1.000000000000000000 ) ) ;
#337 = FILL_AREA_STYLE_COLOUR ( '', #3180 ) ;
#338 = PRESENTATION_LAYER_ASSIGNMENT (  '', '', ( #5709 ) ) ;
#339 = CARTESIAN_POINT ( 'NONE',  ( 1.450000000000003508, 1.150000000000000133, 1.749999999999999334 ) ) ;
#340 = MECHANICAL_DESIGN_GEOMETRIC_PRESENTATION_REPRESENTATION (  '', ( #2823 ), #1451 ) ;
#341 = SURFACE_SIDE_STYLE ('',( #256 ) ) ;
#342 =( NAMED_UNIT ( * ) SI_UNIT ( $, .STERADIAN. ) SOLID_ANGLE_UNIT ( ) );
#343 = CARTESIAN_POINT ( 'NONE',  ( -0.8999999999999998002, 0.3799999999999990608, 1.299999999999999822 ) ) ;
#344 = VERTEX_POINT ( 'NONE', #3120 ) ;
#345 = PRESENTATION_LAYER_ASSIGNMENT (  '', '', ( #2008 ) ) ;
#346 = VECTOR ( 'NONE', #5765, 1000.000000000000000 ) ;
#347 = EDGE_CURVE ( 'NONE', #4817, #7235, #1693, .T. ) ;
#348 = SURFACE_STYLE_USAGE ( .BOTH. , #2341 ) ;
#349 =( NAMED_UNIT ( * ) SI_UNIT ( $, .STERADIAN. ) SOLID_ANGLE_UNIT ( ) );
#350 = ORIENTED_EDGE ( 'NONE', *, *, #6178, .F. ) ;
#351 = CIRCLE ( 'NONE', #5879, 0.1999999999999999833 ) ;
#352 = COLOUR_RGB ( '',0.8509803921568627194, 0.8509803921568627194, 0.8509803921568627194 ) ;
#353 = AXIS2_PLACEMENT_3D ( 'NONE', #6628, #5318, #810 ) ;
#354 = LINE ( 'NONE', #4867, #4754 ) ;
#355 =( LENGTH_UNIT ( ) NAMED_UNIT ( * ) SI_UNIT ( .MILLI., .METRE. ) );
#356 =( GEOMETRIC_REPRESENTATION_CONTEXT ( 3 ) GLOBAL_UNCERTAINTY_ASSIGNED_CONTEXT ( ( #532 ) ) GLOBAL_UNIT_ASSIGNED_CONTEXT ( ( #5791, #7163, #2397 ) ) REPRESENTATION_CONTEXT ( 'NONE', 'WORKASPACE' ) );
#357 = FILL_AREA_STYLE_COLOUR ( '', #3262 ) ;
#358 = PRESENTATION_LAYER_ASSIGNMENT (  '', '', ( #224 ) ) ;
#359 =( NAMED_UNIT ( * ) PLANE_ANGLE_UNIT ( ) SI_UNIT ( $, .RADIAN. ) );
#360 = CARTESIAN_POINT ( 'NONE',  ( -1.499999999999999778, -0.8250000000000002887, 0.2000000000000000111 ) ) ;
#361 = VERTEX_POINT ( 'NONE', #4364 ) ;
#362 = PRESENTATION_LAYER_ASSIGNMENT (  '', '', ( #4068 ) ) ;
#363 = ORIENTED_EDGE ( 'NONE', *, *, #8186, .T. ) ;
#364 = AXIS2_PLACEMENT_3D ( 'NONE', #5208, #6381, #1216 ) ;
#365 = FILL_AREA_STYLE_COLOUR ( '', #3768 ) ;
#366 = LINE ( 'NONE', #4930, #4474 ) ;
#367 = CARTESIAN_POINT ( 'NONE',  ( 1.774999999999999467, 1.350000000000000089, 1.199999999999999512 ) ) ;
#368 = UNCERTAINTY_MEASURE_WITH_UNIT (LENGTH_MEASURE( 1.000000000000000082E-05 ), #7995, 'distance_accuracy_value', 'NONE');
#369 = STYLED_ITEM ( 'NONE', ( #7613 ), #7927 ) ;
#370 = VECTOR ( 'NONE', #5509, 1000.000000000000000 ) ;
#371 = ORIENTED_EDGE ( 'NONE', *, *, #5908, .T. ) ;
#372 =( NAMED_UNIT ( * ) SI_UNIT ( $, .STERADIAN. ) SOLID_ANGLE_UNIT ( ) );
#373 = CARTESIAN_POINT ( 'NONE',  ( 0.9499999999999995115, 2.250000000000000444, 0.4499999999999998446 ) ) ;
#374 = ORIENTED_EDGE ( 'NONE', *, *, #973, .F. ) ;
#375 = EDGE_CURVE ( 'NONE', #7665, #4035, #5220, .T. ) ;
#376 = VECTOR ( 'NONE', #3845, 1000.000000000000000 ) ;
#377 = FILL_AREA_STYLE ('',( #2372 ) ) ;
#378 = ORIENTED_EDGE ( 'NONE', *, *, #8140, .F. ) ;
#379 = ORIENTED_EDGE ( 'NONE', *, *, #7890, .F. ) ;
#380 = EDGE_CURVE ( 'NONE', #5932, #916, #4310, .T. ) ;
#381 = CARTESIAN_POINT ( 'NONE',  ( 1.474999999999999201, 1.150000000000000133, 0.5999999999999994227 ) ) ;
#382 = ORIENTED_EDGE ( 'NONE', *, *, #1816, .T. ) ;
#383 = DIRECTION ( 'NONE',  ( 0.000000000000000000, 0.000000000000000000, 1.000000000000000000 ) ) ;
#384 = DIRECTION ( 'NONE',  ( -1.000000000000000000, 0.000000000000000000, 2.081668171172165989E-14 ) ) ;
#385 = AXIS2_PLACEMENT_3D ( 'NONE', #3970, #1473, #832 ) ;
#386 = CIRCLE ( 'NONE', #4110, 0.09999999999999999167 ) ;
#387 = PRESENTATION_STYLE_ASSIGNMENT (( #6949 ) ) ;
#388 = CARTESIAN_POINT ( 'NONE',  ( -1.574999999999999289, 0.9499999999999998446, 0.5999999999999994227 ) ) ;
#389 = DIRECTION ( 'NONE',  ( 1.000000000000000000, 9.531447670202286736E-17, 0.000000000000000000 ) ) ;
#390 = VECTOR ( 'NONE', #5985, 1000.000000000000000 ) ;
#391 = CARTESIAN_POINT ( 'NONE',  ( 2.024999999999999467, 0.9500000000000001776, 1.749999999999999334 ) ) ;
#392 = DIRECTION ( 'NONE',  ( 1.070816960479510870E-16, -1.000000000000000000, -0.000000000000000000 ) ) ;
#393 = CARTESIAN_POINT ( 'NONE',  ( -1.375000000000024869, -1.150000000000000355, -1.040834085586005371E-14 ) ) ;
#394 = ORIENTED_EDGE ( 'NONE', *, *, #5267, .T. ) ;
#395 = FILL_AREA_STYLE_COLOUR ( '', #5755 ) ;
#396 = VECTOR ( 'NONE', #7080, 1000.000000000000000 ) ;
#397 = CARTESIAN_POINT ( 'NONE',  ( -0.8500000000000005329, 2.350000000000000089, 1.249999999999999556 ) ) ;
#398 =( LENGTH_UNIT ( ) NAMED_UNIT ( * ) SI_UNIT ( .MILLI., .METRE. ) );
#400 = STYLED_ITEM ( 'NONE', ( #304 ), #266 ) ;
#399 =( GEOMETRIC_REPRESENTATION_CONTEXT ( 3 ) GLOBAL_UNCERTAINTY_ASSIGNED_CONTEXT ( ( #1207 ) ) GLOBAL_UNIT_ASSIGNED_CONTEXT ( ( #1296, #513, #5402 ) ) REPRESENTATION_CONTEXT ( 'NONE', 'WORKASPACE' ) );
#401 = VERTEX_POINT ( 'NONE', #3682 ) ;
#402 = ORIENTED_EDGE ( 'NONE', *, *, #1011, .T. ) ;
#403 = DIRECTION ( 'NONE',  ( 1.000000000000000000, -0.000000000000000000, 0.000000000000000000 ) ) ;
#405 = UNCERTAINTY_MEASURE_WITH_UNIT (LENGTH_MEASURE( 1.000000000000000082E-05 ), #4665, 'distance_accuracy_value', 'NONE');
#404 = SURFACE_STYLE_USAGE ( .BOTH. , #1013 ) ;
#406 = SURFACE_SIDE_STYLE ('',( #7615 ) ) ;
#407 = CARTESIAN_POINT ( 'NONE',  ( 1.474999999999999423, 1.250000000000000000, 1.199999999999999512 ) ) ;
#408 = MECHANICAL_DESIGN_GEOMETRIC_PRESENTATION_REPRESENTATION (  '', ( #4949 ), #2644 ) ;
#409 = LINE ( 'NONE', #543, #3713 ) ;
#410 = ORIENTED_EDGE ( 'NONE', *, *, #323, .F. ) ;
#411 = CARTESIAN_POINT ( 'NONE',  ( 1.899999999999999689, -1.150000000000000355, 1.199999999999991962 ) ) ;
#412 = FILL_AREA_STYLE_COLOUR ( '', #3086 ) ;
#413 = ORIENTED_EDGE ( 'NONE', *, *, #1590, .T. ) ;
#414 =( NAMED_UNIT ( * ) SI_UNIT ( $, .STERADIAN. ) SOLID_ANGLE_UNIT ( ) );
#415 = VERTEX_POINT ( 'NONE', #6313 ) ;
#416 = VERTEX_POINT ( 'NONE', #397 ) ;
#417 = VECTOR ( 'NONE', #1032, 1000.000000000000000 ) ;
#418 = DIRECTION ( 'NONE',  ( -1.000000000000000000, 8.340016711426956274E-16, 0.000000000000000000 ) ) ;
#419 = CARTESIAN_POINT ( 'NONE',  ( 2.024999999999999467, 1.150000000000000133, 1.800000000000000044 ) ) ;
#420 = EDGE_CURVE ( 'NONE', #1346, #5987, #5061, .T. ) ;
#421 = VERTEX_POINT ( 'NONE', #5132 ) ;
#422 = DIRECTION ( 'NONE',  ( 9.531447670202286736E-17, -1.000000000000000000, -0.000000000000000000 ) ) ;
#423 = SURFACE_STYLE_USAGE ( .BOTH. , #512 ) ;
#424 = FILL_AREA_STYLE ('',( #2245 ) ) ;
#425 = ORIENTED_EDGE ( 'NONE', *, *, #4008, .F. ) ;
#426 =( NAMED_UNIT ( * ) PLANE_ANGLE_UNIT ( ) SI_UNIT ( $, .RADIAN. ) );
#427 = ADVANCED_FACE ( 'NONE', ( #3033 ), #5651, .T. ) ;
#428 = DIRECTION ( 'NONE',  ( -1.000000000000000000, 0.000000000000000000, 0.000000000000000000 ) ) ;
#429 = EDGE_CURVE ( 'NONE', #3777, #3727, #7189, .T. ) ;
#430 = EDGE_CURVE ( 'NONE', #1908, #4476, #386, .T. ) ;
#431 = DIRECTION ( 'NONE',  ( 9.531447670202286736E-17, -1.000000000000000000, -0.000000000000000000 ) ) ;
#432 = MECHANICAL_DESIGN_GEOMETRIC_PRESENTATION_REPRESENTATION (  '', ( #1959 ), #997 ) ;
#433 = UNCERTAINTY_MEASURE_WITH_UNIT (LENGTH_MEASURE( 1.000000000000000082E-05 ), #1197, 'distance_accuracy_value', 'NONE');
#434 = FILL_AREA_STYLE ('',( #4913 ) ) ;
#435 = SURFACE_STYLE_USAGE ( .BOTH. , #5546 ) ;
#436 = VERTEX_POINT ( 'NONE', #6047 ) ;
#437 = LINE ( 'NONE', #2395, #8279 ) ;
#438 = LINE ( 'NONE', #8402, #3968 ) ;
#439 = CARTESIAN_POINT ( 'NONE',  ( -0.7058717852661396952, -1.150000000000000355, 1.800000000000000044 ) ) ;
#440 = UNCERTAINTY_MEASURE_WITH_UNIT (LENGTH_MEASURE( 1.000000000000000082E-05 ), #2338, 'distance_accuracy_value', 'NONE');
#441 = LINE ( 'NONE', #1617, #1118 ) ;
#442 = DIRECTION ( 'NONE',  ( 1.000000000000000000, 0.000000000000000000, 0.000000000000000000 ) ) ;
#443 = ORIENTED_EDGE ( 'NONE', *, *, #967, .F. ) ;
#444 =( GEOMETRIC_REPRESENTATION_CONTEXT ( 3 ) GLOBAL_UNCERTAINTY_ASSIGNED_CONTEXT ( ( #4061 ) ) GLOBAL_UNIT_ASSIGNED_CONTEXT ( ( #6970, #2261, #4871 ) ) REPRESENTATION_CONTEXT ( 'NONE', 'WORKASPACE' ) );
#445 = EDGE_LOOP ( 'NONE', ( #4557, #3605, #952, #2412, #1942, #5584, #2720, #5411 ) ) ;
#446 = ORIENTED_EDGE ( 'NONE', *, *, #1863, .T. ) ;
#447 = FILL_AREA_STYLE ('',( #1189 ) ) ;
#448 = COLOUR_RGB ( '',0.8509803921568627194, 0.8509803921568627194, 0.8509803921568627194 ) ;
#449 = UNCERTAINTY_MEASURE_WITH_UNIT (LENGTH_MEASURE( 1.000000000000000082E-05 ), #1014, 'distance_accuracy_value', 'NONE');
#450 = EDGE_CURVE ( 'NONE', #7218, #2539, #5997, .T. ) ;
#451 = CARTESIAN_POINT ( 'NONE',  ( -1.000000000000000000, 1.149999999999999911, 0.5000000000000003331 ) ) ;
#452 = CARTESIAN_POINT ( 'NONE',  ( 2.024999999999999467, 1.150000000000000133, 0.5000000000000000000 ) ) ;
#453 = DIRECTION ( 'NONE',  ( 0.000000000000000000, -1.000000000000000000, 0.000000000000000000 ) ) ;
#454 = VECTOR ( 'NONE', #8181, 1000.000000000000000 ) ;
#455 = ORIENTED_EDGE ( 'NONE', *, *, #6302, .F. ) ;
#456 = DIRECTION ( 'NONE',  ( 1.000000000000000000, 0.000000000000000000, 0.000000000000000000 ) ) ;
#457 = EDGE_LOOP ( 'NONE', ( #1510, #6703, #8319, #7438, #1649, #6143, #3420, #3175 ) ) ;
#458 = DIRECTION ( 'NONE',  ( 0.000000000000000000, 1.000000000000000000, -0.000000000000000000 ) ) ;
#459 = ORIENTED_EDGE ( 'NONE', *, *, #2022, .F. ) ;
#460 = LINE ( 'NONE', #8513, #4204 ) ;
#461 = DIRECTION ( 'NONE',  ( 0.000000000000000000, -1.000000000000000000, 0.000000000000000000 ) ) ;
#462 = ORIENTED_EDGE ( 'NONE', *, *, #7464, .T. ) ;
#463 = DIRECTION ( 'NONE',  ( 1.070816960479510870E-16, -1.000000000000000000, 0.000000000000000000 ) ) ;
#464 = LINE ( 'NONE', #5160, #3370 ) ;
#465 =( NAMED_UNIT ( * ) PLANE_ANGLE_UNIT ( ) SI_UNIT ( $, .RADIAN. ) );
#466 = COLOUR_RGB ( '',0.8509803921568627194, 0.8509803921568627194, 0.8509803921568627194 ) ;
#467 = EDGE_CURVE ( 'NONE', #2655, #7235, #5298, .T. ) ;
#468 = VERTEX_POINT ( 'NONE', #1997 ) ;
#469 =( LENGTH_UNIT ( ) NAMED_UNIT ( * ) SI_UNIT ( .MILLI., .METRE. ) );
#470 = AXIS2_PLACEMENT_3D ( 'NONE', #3228, #502, #7129 ) ;
#471 = LINE ( 'NONE', #391, #6563 ) ;
#472 = SURFACE_SIDE_STYLE ('',( #6386 ) ) ;
#473 = AXIS2_PLACEMENT_3D ( 'NONE', #1664, #4286, #1753 ) ;
#474 = DIRECTION ( 'NONE',  ( 5.421010862427521184E-16, 5.804910374431049246E-32, -1.000000000000000000 ) ) ;
#475 = PRESENTATION_STYLE_ASSIGNMENT (( #7742 ) ) ;
#476 = CARTESIAN_POINT ( 'NONE',  ( -1.574999999999999512, 0.9499999999999998446, 1.299999999999999600 ) ) ;
#477 = ORIENTED_EDGE ( 'NONE', *, *, #8095, .F. ) ;
#478 = DIRECTION ( 'NONE',  ( -1.000000000000000000, 8.340016711426956274E-16, 0.000000000000000000 ) ) ;
#479 = LINE ( 'NONE', #8235, #3256 ) ;
#480 = VECTOR ( 'NONE', #1214, 1000.000000000000000 ) ;
#481 = DIRECTION ( 'NONE',  ( -1.000000000000000000, 0.000000000000000000, 0.000000000000000000 ) ) ;
#482 = FILL_AREA_STYLE_COLOUR ( '', #5577 ) ;
#483 = EDGE_CURVE ( 'NONE', #5989, #3164, #1221, .T. ) ;
#484 = DIRECTION ( 'NONE',  ( -2.081668171172165989E-14, -0.000000000000000000, 1.000000000000000000 ) ) ;
#485 = AXIS2_PLACEMENT_3D ( 'NONE', #5876, #2693, #8592 ) ;
#486 = ORIENTED_EDGE ( 'NONE', *, *, #5965, .F. ) ;
#487 = MECHANICAL_DESIGN_GEOMETRIC_PRESENTATION_REPRESENTATION (  '', ( #1458 ), #4745 ) ;
#488 = VERTEX_POINT ( 'NONE', #3895 ) ;
#489 = STYLED_ITEM ( 'NONE', ( #6602 ), #1591 ) ;
#490 = COLOUR_RGB ( '',0.8509803921568627194, 0.8509803921568627194, 0.8509803921568627194 ) ;
#492 = UNCERTAINTY_MEASURE_WITH_UNIT (LENGTH_MEASURE( 1.000000000000000082E-05 ), #812, 'distance_accuracy_value', 'NONE');
#491 =( LENGTH_UNIT ( ) NAMED_UNIT ( * ) SI_UNIT ( .MILLI., .METRE. ) );
#493 = PRESENTATION_STYLE_ASSIGNMENT (( #5761 ) ) ;
#494 =( NAMED_UNIT ( * ) PLANE_ANGLE_UNIT ( ) SI_UNIT ( $, .RADIAN. ) );
#495 = VECTOR ( 'NONE', #6759, 1000.000000000000000 ) ;
#496 =( GEOMETRIC_REPRESENTATION_CONTEXT ( 3 ) GLOBAL_UNCERTAINTY_ASSIGNED_CONTEXT ( ( #7194 ) ) GLOBAL_UNIT_ASSIGNED_CONTEXT ( ( #6354, #2493, #1830 ) ) REPRESENTATION_CONTEXT ( 'NONE', 'WORKASPACE' ) );
#497 = MECHANICAL_DESIGN_GEOMETRIC_PRESENTATION_REPRESENTATION (  '', ( #4895 ), #6011 ) ;
#498 =( NAMED_UNIT ( * ) SI_UNIT ( $, .STERADIAN. ) SOLID_ANGLE_UNIT ( ) );
#499 = MECHANICAL_DESIGN_GEOMETRIC_PRESENTATION_REPRESENTATION (  '', ( #2447 ), #3124 ) ;
#500 = ORIENTED_EDGE ( 'NONE', *, *, #5522, .F. ) ;
#501 = CARTESIAN_POINT ( 'NONE',  ( -1.774999999999999467, 1.249999999999999778, 1.299999999999999600 ) ) ;
#502 = DIRECTION ( 'NONE',  ( 1.000000000000000000, 1.141265444721583264E-16, 5.706327223607918787E-17 ) ) ;
#503 = EDGE_LOOP ( 'NONE', ( #6140, #4977, #791, #5670, #5953, #1985 ) ) ;
#504 = ORIENTED_EDGE ( 'NONE', *, *, #6448, .F. ) ;
#505 = UNCERTAINTY_MEASURE_WITH_UNIT (LENGTH_MEASURE( 1.000000000000000082E-05 ), #1803, 'distance_accuracy_value', 'NONE');
#506 = CARTESIAN_POINT ( 'NONE',  ( -0.7058717852661396952, -1.149999999999999911, 1.299999999999995826 ) ) ;
#507 = PRESENTATION_LAYER_ASSIGNMENT (  '', '', ( #4639 ) ) ;
#508 = DIRECTION ( 'NONE',  ( 9.531447670202286736E-17, -1.000000000000000000, -0.000000000000000000 ) ) ;
#509 = ORIENTED_EDGE ( 'NONE', *, *, #837, .F. ) ;
#510 = CYLINDRICAL_SURFACE ( 'NONE', #40, 0.1000000000000000472 ) ;
#511 = LINE ( 'NONE', #5818, #7056 ) ;
#512 = SURFACE_SIDE_STYLE ('',( #2520 ) ) ;
#513 =( NAMED_UNIT ( * ) PLANE_ANGLE_UNIT ( ) SI_UNIT ( $, .RADIAN. ) );
#514 = STYLED_ITEM ( 'NONE', ( #3764 ), #8002 ) ;
#515 =( LENGTH_UNIT ( ) NAMED_UNIT ( * ) SI_UNIT ( .MILLI., .METRE. ) );
#516 = FACE_OUTER_BOUND ( 'NONE', #8021, .T. ) ;
#517 = VECTOR ( 'NONE', #1703, 1000.000000000000000 ) ;
#518 = VERTEX_POINT ( 'NONE', #3298 ) ;
#519 = CARTESIAN_POINT ( 'NONE',  ( -2.024999999999998579, 1.149999999999999689, 1.299999999999999156 ) ) ;
#520 = LINE ( 'NONE', #4403, #531 ) ;
#521 = LINE ( 'NONE', #3159, #2576 ) ;
#522 = COLOUR_RGB ( '',0.8509803921568627194, 0.8509803921568627194, 0.8509803921568627194 ) ;
#523 = UNCERTAINTY_MEASURE_WITH_UNIT (LENGTH_MEASURE( 1.000000000000000082E-05 ), #5489, 'distance_accuracy_value', 'NONE');
#524 = SURFACE_STYLE_FILL_AREA ( #3796 ) ;
#525 =( NAMED_UNIT ( * ) SI_UNIT ( $, .STERADIAN. ) SOLID_ANGLE_UNIT ( ) );
#526 = ORIENTED_EDGE ( 'NONE', *, *, #7332, .T. ) ;
#527 =( NAMED_UNIT ( * ) PLANE_ANGLE_UNIT ( ) SI_UNIT ( $, .RADIAN. ) );
#528 = FILL_AREA_STYLE ('',( #6391 ) ) ;
#529 =( NAMED_UNIT ( * ) PLANE_ANGLE_UNIT ( ) SI_UNIT ( $, .RADIAN. ) );
#530 = CIRCLE ( 'NONE', #8170, 0.1000000000000000472 ) ;
#531 = VECTOR ( 'NONE', #5592, 1000.000000000000000 ) ;
#532 = UNCERTAINTY_MEASURE_WITH_UNIT (LENGTH_MEASURE( 1.000000000000000082E-05 ), #5791, 'distance_accuracy_value', 'NONE');
#533 = EDGE_LOOP ( 'NONE', ( #5674, #6755, #8379, #5728 ) ) ;
#534 = ADVANCED_FACE ( 'NONE', ( #3973 ), #4627, .T. ) ;
#535 = ORIENTED_EDGE ( 'NONE', *, *, #2068, .T. ) ;
#536 = CARTESIAN_POINT ( 'NONE',  ( -1.149999999999999689, 0.2499999999999998335, -0.3000000000000000444 ) ) ;
#537 = DIRECTION ( 'NONE',  ( -9.531447670202286736E-17, 1.000000000000000000, -1.984131124025319515E-30 ) ) ;
#538 = CARTESIAN_POINT ( 'NONE',  ( 2.274999999999999911, 1.150000000000000133, 1.749999999999999334 ) ) ;
#539 = VECTOR ( 'NONE', #7774, 1000.000000000000000 ) ;
#540 = ADVANCED_FACE ( 'NONE', ( #5875 ), #37, .T. ) ;
#541 = VECTOR ( 'NONE', #1212, 1000.000000000000000 ) ;
#542 = ADVANCED_FACE ( 'NONE', ( #1556 ), #4910, .F. ) ;
#543 = CARTESIAN_POINT ( 'NONE',  ( -1.774999999999999467, 1.349999999999999867, 0.5999999999999994227 ) ) ;
#544 = ORIENTED_EDGE ( 'NONE', *, *, #42, .F. ) ;
#545 = LINE ( 'NONE', #3139, #634 ) ;
#546 = DIRECTION ( 'NONE',  ( -9.531447670202287969E-17, 1.000000000000000000, -0.000000000000000000 ) ) ;
#547 = VECTOR ( 'NONE', #6326, 1000.000000000000000 ) ;
#548 =( NAMED_UNIT ( * ) SI_UNIT ( $, .STERADIAN. ) SOLID_ANGLE_UNIT ( ) );
#549 = EDGE_LOOP ( 'NONE', ( #2018, #2785, #4806, #2429 ) ) ;
#550 = ORIENTED_EDGE ( 'NONE', *, *, #7036, .T. ) ;
#551 = CARTESIAN_POINT ( 'NONE',  ( -1.774999999999999467, 1.349999999999999867, 1.199999999999999512 ) ) ;
#552 = CARTESIAN_POINT ( 'NONE',  ( -2.275000000000000355, 0.5799999999999995159, 0.2000000000000000111 ) ) ;
#553 = ORIENTED_EDGE ( 'NONE', *, *, #3737, .F. ) ;
#554 = DIRECTION ( 'NONE',  ( 1.000000000000000000, -8.340016711426956274E-16, -0.000000000000000000 ) ) ;
#555 = EDGE_CURVE ( 'NONE', #6752, #4889, #5384, .T. ) ;
#556 = FILL_AREA_STYLE ('',( #5854 ) ) ;
#557 = DIRECTION ( 'NONE',  ( 0.000000000000000000, 0.000000000000000000, 1.000000000000000000 ) ) ;
#558 = LINE ( 'NONE', #1814, #7034 ) ;
#559 = CARTESIAN_POINT ( 'NONE',  ( -1.474999999999998535, 0.9499999999999996225, 0.5999999999999985345 ) ) ;
#560 =( LENGTH_UNIT ( ) NAMED_UNIT ( * ) SI_UNIT ( .MILLI., .METRE. ) );
#561 = PRESENTATION_LAYER_ASSIGNMENT (  '', '', ( #3588 ) ) ;
#562 = ORIENTED_EDGE ( 'NONE', *, *, #1440, .T. ) ;
#563 =( GEOMETRIC_REPRESENTATION_CONTEXT ( 3 ) GLOBAL_UNCERTAINTY_ASSIGNED_CONTEXT ( ( #7839 ) ) GLOBAL_UNIT_ASSIGNED_CONTEXT ( ( #7821, #7141, #1257 ) ) REPRESENTATION_CONTEXT ( 'NONE', 'WORKASPACE' ) );
#564 =( LENGTH_UNIT ( ) NAMED_UNIT ( * ) SI_UNIT ( .MILLI., .METRE. ) );
#565 =( LENGTH_UNIT ( ) NAMED_UNIT ( * ) SI_UNIT ( .MILLI., .METRE. ) );
#566 = EDGE_CURVE ( 'NONE', #2783, #2717, #2900, .T. ) ;
#567 =( NAMED_UNIT ( * ) SI_UNIT ( $, .STERADIAN. ) SOLID_ANGLE_UNIT ( ) );
#568 = PRESENTATION_LAYER_ASSIGNMENT (  '', '', ( #2652 ) ) ;
#569 = DIRECTION ( 'NONE',  ( -1.000000000000000000, 0.000000000000000000, 0.000000000000000000 ) ) ;
#570 =( NAMED_UNIT ( * ) SI_UNIT ( $, .STERADIAN. ) SOLID_ANGLE_UNIT ( ) );
#571 = EDGE_LOOP ( 'NONE', ( #5733, #5387, #8429, #2326 ) ) ;
#572 = LINE ( 'NONE', #5130, #7130 ) ;
#573 = LINE ( 'NONE', #5088, #1773 ) ;
#574 = LINE ( 'NONE', #439, #7538 ) ;
#575 =( NAMED_UNIT ( * ) SI_UNIT ( $, .STERADIAN. ) SOLID_ANGLE_UNIT ( ) );
#576 = VERTEX_POINT ( 'NONE', #218 ) ;
#577 = CYLINDRICAL_SURFACE ( 'NONE', #2914, 0.1000000000000000472 ) ;
#578 = VECTOR ( 'NONE', #1682, 1000.000000000000000 ) ;
#579 = ORIENTED_EDGE ( 'NONE', *, *, #708, .F. ) ;
#580 = EDGE_CURVE ( 'NONE', #1760, #1504, #6211, .T. ) ;
#581 = DIRECTION ( 'NONE',  ( 0.000000000000000000, 1.000000000000000000, 5.499388775776794156E-32 ) ) ;
#582 = PRESENTATION_STYLE_ASSIGNMENT (( #6497 ) ) ;
#583 = CARTESIAN_POINT ( 'NONE',  ( 1.874999999999998446, -1.149999999999999911, 0.5999999999999999778 ) ) ;
#584 = VECTOR ( 'NONE', #4830, 1000.000000000000000 ) ;
#585 = CARTESIAN_POINT ( 'NONE',  ( -1.450000000000003952, 1.149999999999999689, 1.749999999999999334 ) ) ;
#586 = PLANE ( 'NONE',  #98 ) ;
#587 = FACE_OUTER_BOUND ( 'NONE', #3231, .T. ) ;
#588 = ORIENTED_EDGE ( 'NONE', *, *, #5628, .T. ) ;
#589 = SURFACE_STYLE_USAGE ( .BOTH. , #7033 ) ;
#590 = EDGE_CURVE ( 'NONE', #3777, #6152, #4741, .T. ) ;
#591 = SURFACE_STYLE_USAGE ( .BOTH. , #1762 ) ;
#592 = ADVANCED_FACE ( 'NONE', ( #4783 ), #8224, .F. ) ;
#593 = EDGE_CURVE ( 'NONE', #7107, #1631, #1167, .T. ) ;
#594 =( NAMED_UNIT ( * ) SI_UNIT ( $, .STERADIAN. ) SOLID_ANGLE_UNIT ( ) );
#595 = FACE_OUTER_BOUND ( 'NONE', #1953, .T. ) ;
#596 = ORIENTED_EDGE ( 'NONE', *, *, #7046, .T. ) ;
#597 = ORIENTED_EDGE ( 'NONE', *, *, #2964, .F. ) ;
#598 = UNCERTAINTY_MEASURE_WITH_UNIT (LENGTH_MEASURE( 1.000000000000000082E-05 ), #1915, 'distance_accuracy_value', 'NONE');
#599 = DIRECTION ( 'NONE',  ( -1.000000000000000000, 0.000000000000000000, 0.000000000000000000 ) ) ;
#600 = EDGE_CURVE ( 'NONE', #7954, #990, #4664, .T. ) ;
#601 = ORIENTED_EDGE ( 'NONE', *, *, #3766, .T. ) ;
#602 = STYLED_ITEM ( 'NONE', ( #4663 ), #4009 ) ;
#603 = FILL_AREA_STYLE ('',( #5029 ) ) ;
#604 = SURFACE_SIDE_STYLE ('',( #3787 ) ) ;
#605 = FILL_AREA_STYLE_COLOUR ( '', #4374 ) ;
#606 = ORIENTED_EDGE ( 'NONE', *, *, #7614, .F. ) ;
#607 = DIRECTION ( 'NONE',  ( -3.614007241618347785E-16, -3.444672090321739649E-32, -1.000000000000000000 ) ) ;
#608 = VECTOR ( 'NONE', #2585, 1000.000000000000000 ) ;
#609 = DIRECTION ( 'NONE',  ( 1.000000000000000000, 0.000000000000000000, 0.000000000000000000 ) ) ;
#610 = SURFACE_STYLE_FILL_AREA ( #3287 ) ;
#611 = SURFACE_STYLE_USAGE ( .BOTH. , #472 ) ;
#612 = PRESENTATION_STYLE_ASSIGNMENT (( #5740 ) ) ;
#613 = CARTESIAN_POINT ( 'NONE',  ( -2.075000000000000178, 0.8999999999999996891, 0.000000000000000000 ) ) ;
#614 = CARTESIAN_POINT ( 'NONE',  ( -1.375000000000014655, -1.150000000000000577, 0.4955507190333255929 ) ) ;
#615 = COLOUR_RGB ( '',0.8509803921568627194, 0.8509803921568627194, 0.8509803921568627194 ) ;
#616 = ORIENTED_EDGE ( 'NONE', *, *, #4072, .T. ) ;
#617 = DIRECTION ( 'NONE',  ( 1.000000000000000000, 0.000000000000000000, 0.000000000000000000 ) ) ;
#618 = LINE ( 'NONE', #1224, #3958 ) ;
#619 = EDGE_LOOP ( 'NONE', ( #1677, #616, #762, #2368 ) ) ;
#620 = LINE ( 'NONE', #7253, #1603 ) ;
#621 = EDGE_CURVE ( 'NONE', #5850, #3611, #3836, .T. ) ;
#622 = SURFACE_STYLE_FILL_AREA ( #7209 ) ;
#623 = DIRECTION ( 'NONE',  ( 1.000000000000000000, 0.000000000000000000, 0.000000000000000000 ) ) ;
#624 = MECHANICAL_DESIGN_GEOMETRIC_PRESENTATION_REPRESENTATION (  '', ( #2561 ), #5543 ) ;
#625 = PRESENTATION_LAYER_ASSIGNMENT (  '', '', ( #2823 ) ) ;
#626 = DIRECTION ( 'NONE',  ( 0.000000000000000000, 1.000000000000000000, 0.000000000000000000 ) ) ;
#627 = COLOUR_RGB ( '',0.8431372549019607865, 0.8156862745098039102, 0.7529411764705882248 ) ;
#628 = LINE ( 'NONE', #5135, #6657 ) ;
#629 = ORIENTED_EDGE ( 'NONE', *, *, #2784, .T. ) ;
#630 = VECTOR ( 'NONE', #7979, 1000.000000000000000 ) ;
#631 = EDGE_LOOP ( 'NONE', ( #7115, #4319, #6203, #7505 ) ) ;
#632 = FACE_BOUND ( 'NONE', #2125, .T. ) ;
#633 = MECHANICAL_DESIGN_GEOMETRIC_PRESENTATION_REPRESENTATION (  '', ( #1588 ), #68 ) ;
#634 = VECTOR ( 'NONE', #1202, 1000.000000000000000 ) ;
#635 = DIRECTION ( 'NONE',  ( -0.000000000000000000, -0.000000000000000000, 1.000000000000000000 ) ) ;
#636 = FACE_OUTER_BOUND ( 'NONE', #549, .T. ) ;
#637 = PRODUCT_DEFINITION_CONTEXT ( 'detailed design', #2649, 'design' ) ;
#638 = DIRECTION ( 'NONE',  ( 1.000000000000000000, -0.000000000000000000, 1.084202172485504040E-15 ) ) ;
#639 = MECHANICAL_DESIGN_GEOMETRIC_PRESENTATION_REPRESENTATION (  '', ( #489 ), #75 ) ;
#641 = FILL_AREA_STYLE_COLOUR ( '', #2432 ) ;
#640 = CIRCLE ( 'NONE', #7999, 0.1000000000000000472 ) ;
#642 = MECHANICAL_DESIGN_GEOMETRIC_PRESENTATION_REPRESENTATION (  '', ( #1192 ), #5863 ) ;
#643 = DIRECTION ( 'NONE',  ( 0.000000000000000000, 0.000000000000000000, 1.000000000000000000 ) ) ;
#644 = SURFACE_SIDE_STYLE ('',( #4572 ) ) ;
#645 = ORIENTED_EDGE ( 'NONE', *, *, #159, .T. ) ;
#646 =( GEOMETRIC_REPRESENTATION_CONTEXT ( 3 ) GLOBAL_UNCERTAINTY_ASSIGNED_CONTEXT ( ( #2350 ) ) GLOBAL_UNIT_ASSIGNED_CONTEXT ( ( #1849, #3463, #802 ) ) REPRESENTATION_CONTEXT ( 'NONE', 'WORKASPACE' ) );
#647 = FILL_AREA_STYLE ('',( #7862 ) ) ;
#648 = AXIS2_PLACEMENT_3D ( 'NONE', #6110, #3894, #7479 ) ;
#649 =( GEOMETRIC_REPRESENTATION_CONTEXT ( 3 ) GLOBAL_UNCERTAINTY_ASSIGNED_CONTEXT ( ( #1799 ) ) GLOBAL_UNIT_ASSIGNED_CONTEXT ( ( #6168, #2248, #7682 ) ) REPRESENTATION_CONTEXT ( 'NONE', 'WORKASPACE' ) );
#650 = ORIENTED_EDGE ( 'NONE', *, *, #8399, .F. ) ;
#651 = AXIS2_PLACEMENT_3D ( 'NONE', #4406, #1824, #3842 ) ;
#652 = DIRECTION ( 'NONE',  ( 0.000000000000000000, 0.000000000000000000, 1.000000000000000000 ) ) ;
#653 =( LENGTH_UNIT ( ) NAMED_UNIT ( * ) SI_UNIT ( .MILLI., .METRE. ) );
#654 = EDGE_CURVE ( 'NONE', #3731, #2465, #520, .T. ) ;
#655 = SURFACE_SIDE_STYLE ('',( #4073 ) ) ;
#656 = DIRECTION ( 'NONE',  ( -1.070816960479510993E-16, 1.000000000000000000, 0.000000000000000000 ) ) ;
#657 = ORIENTED_EDGE ( 'NONE', *, *, #4650, .T. ) ;
#658 = LINE ( 'NONE', #2609, #6278 ) ;
#659 = VECTOR ( 'NONE', #3989, 1000.000000000000000 ) ;
#660 = PRESENTATION_LAYER_ASSIGNMENT (  '', '', ( #3271 ) ) ;
#661 = CARTESIAN_POINT ( 'NONE',  ( 2.175000000000000266, 0.3799999999999993383, 1.649999999999999245 ) ) ;
#662 = CARTESIAN_POINT ( 'NONE',  ( -1.899999999999999689, -0.7750000000000003553, 0.2000000000000000111 ) ) ;
#663 = CARTESIAN_POINT ( 'NONE',  ( -2.024999999999999467, 0.9499999999999997335, 1.800000000000000044 ) ) ;
#664 =( NAMED_UNIT ( * ) SI_UNIT ( $, .STERADIAN. ) SOLID_ANGLE_UNIT ( ) );
#665 =( LENGTH_UNIT ( ) NAMED_UNIT ( * ) SI_UNIT ( .MILLI., .METRE. ) );
#666 = PRESENTATION_LAYER_ASSIGNMENT (  '', '', ( #514 ) ) ;
#667 = DIRECTION ( 'NONE',  ( -1.000000000000000000, 0.000000000000000000, 0.000000000000000000 ) ) ;
#668 = COLOUR_RGB ( '',0.8431372549019607865, 0.8156862745098039102, 0.7529411764705882248 ) ;
#669 = CARTESIAN_POINT ( 'NONE',  ( -1.574999999999999512, 0.9499999999999998446, 1.199999999999999512 ) ) ;
#670 = CARTESIAN_POINT ( 'NONE',  ( 1.774999999999999467, 1.350000000000000311, 0.4999999999999994449 ) ) ;
#671 = FILL_AREA_STYLE ('',( #6442 ) ) ;
#672 =( NAMED_UNIT ( * ) SI_UNIT ( $, .STERADIAN. ) SOLID_ANGLE_UNIT ( ) );
#673 = AXIS2_PLACEMENT_3D ( 'NONE', #7389, #1453, #7601 ) ;
#674 = PRESENTATION_STYLE_ASSIGNMENT (( #2623 ) ) ;
#675 = SURFACE_STYLE_FILL_AREA ( #3934 ) ;
#676 = DIRECTION ( 'NONE',  ( -0.000000000000000000, 0.000000000000000000, -1.000000000000000000 ) ) ;
#677 = ADVANCED_FACE ( 'NONE', ( #6383 ), #7903, .T. ) ;
#678 = STYLED_ITEM ( 'NONE', ( #3788 ), #8404 ) ;
#679 = MECHANICAL_DESIGN_GEOMETRIC_PRESENTATION_REPRESENTATION (  '', ( #4378 ), #7917 ) ;
#680 = DIRECTION ( 'NONE',  ( -9.531447670202286736E-17, 1.000000000000000000, -1.984131124025319515E-30 ) ) ;
#681 = VECTOR ( 'NONE', #1386, 1000.000000000000000 ) ;
#682 = LINE ( 'NONE', #6499, #4619 ) ;
#683 = PRESENTATION_STYLE_ASSIGNMENT (( #1974 ) ) ;
#684 = PRESENTATION_LAYER_ASSIGNMENT (  '', '', ( #1922 ) ) ;
#685 = ORIENTED_EDGE ( 'NONE', *, *, #973, .T. ) ;
#686 =( NAMED_UNIT ( * ) SI_UNIT ( $, .STERADIAN. ) SOLID_ANGLE_UNIT ( ) );
#687 = SURFACE_STYLE_USAGE ( .BOTH. , #3313 ) ;
#688 = VERTEX_POINT ( 'NONE', #2384 ) ;
#689 = ORIENTED_EDGE ( 'NONE', *, *, #4884, .T. ) ;
#690 = FILL_AREA_STYLE_COLOUR ( '', #6942 ) ;
#691 = FACE_OUTER_BOUND ( 'NONE', #8171, .T. ) ;
#692 = VECTOR ( 'NONE', #4071, 1000.000000000000000 ) ;
#693 =( NAMED_UNIT ( * ) PLANE_ANGLE_UNIT ( ) SI_UNIT ( $, .RADIAN. ) );
#694 = CYLINDRICAL_SURFACE ( 'NONE', #1919, 0.1000000000000000472 ) ;
#695 = ORIENTED_EDGE ( 'NONE', *, *, #5700, .T. ) ;
#696 = SURFACE_SIDE_STYLE ('',( #2031 ) ) ;
#697 = STYLED_ITEM ( 'NONE', ( #4328 ), #5172 ) ;
#698 = CARTESIAN_POINT ( 'NONE',  ( 1.774999999999999467, 1.250000000000000000, 1.199999999999999512 ) ) ;
#699 = CARTESIAN_POINT ( 'NONE',  ( -2.274999999999999911, 0.8999999999999996891, 1.800000000000000044 ) ) ;
#700 = ADVANCED_FACE ( 'NONE', ( #4988 ), #7683, .T. ) ;
#701 = DIRECTION ( 'NONE',  ( -1.070816960479510993E-16, 1.000000000000000000, 0.000000000000000000 ) ) ;
#702 = SURFACE_STYLE_USAGE ( .BOTH. , #2730 ) ;
#703 = PRESENTATION_STYLE_ASSIGNMENT (( #4696 ) ) ;
#704 = CARTESIAN_POINT ( 'NONE',  ( -1.899999999999999689, -0.6249999999999951150, 0.5999999999999999778 ) ) ;
#705 = CYLINDRICAL_SURFACE ( 'NONE', #4046, 0.1000000000000000472 ) ;
#706 =( GEOMETRIC_REPRESENTATION_CONTEXT ( 3 ) GLOBAL_UNCERTAINTY_ASSIGNED_CONTEXT ( ( #2857 ) ) GLOBAL_UNIT_ASSIGNED_CONTEXT ( ( #5171, #527, #4494 ) ) REPRESENTATION_CONTEXT ( 'NONE', 'WORKASPACE' ) );
#707 =( LENGTH_UNIT ( ) NAMED_UNIT ( * ) SI_UNIT ( .MILLI., .METRE. ) );
#708 = EDGE_CURVE ( 'NONE', #7665, #3950, #2074, .T. ) ;
#709 = ADVANCED_FACE ( 'NONE', ( #5165 ), #8524, .T. ) ;
#710 = EDGE_CURVE ( 'NONE', #6944, #6674, #4105, .T. ) ;
#711 = CARTESIAN_POINT ( 'NONE',  ( 1.450000000000003286, 0.9000000000000001332, 1.800000000000000044 ) ) ;
#712 = DIRECTION ( 'NONE',  ( -9.531447670202286736E-17, 1.000000000000000000, 0.000000000000000000 ) ) ;
#713 = DIRECTION ( 'NONE',  ( -0.000000000000000000, -0.000000000000000000, 1.000000000000000000 ) ) ;
#714 =( GEOMETRIC_REPRESENTATION_CONTEXT ( 3 ) GLOBAL_UNCERTAINTY_ASSIGNED_CONTEXT ( ( #3962 ) ) GLOBAL_UNIT_ASSIGNED_CONTEXT ( ( #8567, #3784, #5113 ) ) REPRESENTATION_CONTEXT ( 'NONE', 'WORKASPACE' ) );
#715 = CARTESIAN_POINT ( 'NONE',  ( 0.8499999999999999778, 0.2499999999999997780, -0.3000000000000000444 ) ) ;
#716 = PRESENTATION_LAYER_ASSIGNMENT (  '', '', ( #2215 ) ) ;
#717 = ADVANCED_FACE ( 'NONE', ( #2728 ), #1302, .F. ) ;
#718 = CARTESIAN_POINT ( 'NONE',  ( 1.874999999999993117, -0.6250000000000003331, 1.170965406187439399E-28 ) ) ;
#719 = ORIENTED_EDGE ( 'NONE', *, *, #2226, .F. ) ;
#720 = ORIENTED_EDGE ( 'NONE', *, *, #6048, .T. ) ;
#721 = VECTOR ( 'NONE', #3417, 1000.000000000000000 ) ;
#722 = CARTESIAN_POINT ( 'NONE',  ( 2.274999999999987033, -0.6250000000000003331, 1.799999999999999822 ) ) ;
#723 = DIRECTION ( 'NONE',  ( -1.000000000000000000, -9.531447670202286736E-17, 0.000000000000000000 ) ) ;
#724 = SURFACE_SIDE_STYLE ('',( #4712 ) ) ;
#725 = DIRECTION ( 'NONE',  ( 0.000000000000000000, 6.862039066364035213E-17, 1.000000000000000000 ) ) ;
#726 = DIRECTION ( 'NONE',  ( -1.000000000000000000, -1.084202172485504040E-15, 0.000000000000000000 ) ) ;
#727 = SURFACE_SIDE_STYLE ('',( #3182 ) ) ;
#728 =( GEOMETRIC_REPRESENTATION_CONTEXT ( 3 ) GLOBAL_UNCERTAINTY_ASSIGNED_CONTEXT ( ( #5069 ) ) GLOBAL_UNIT_ASSIGNED_CONTEXT ( ( #4268, #3676, #7642 ) ) REPRESENTATION_CONTEXT ( 'NONE', 'WORKASPACE' ) );
#729 = CARTESIAN_POINT ( 'NONE',  ( 1.574999999999999289, 1.350000000000000089, 0.5999999999999994227 ) ) ;
#730 = VERTEX_POINT ( 'NONE', #4617 ) ;
#731 = LINE ( 'NONE', #7952, #2838 ) ;
#732 = FACE_OUTER_BOUND ( 'NONE', #5294, .T. ) ;
#733 = EDGE_CURVE ( 'NONE', #3240, #5474, #7284, .T. ) ;
#734 = VERTEX_POINT ( 'NONE', #5287 ) ;
#735 = PRESENTATION_STYLE_ASSIGNMENT (( #6633 ) ) ;
#736 = ORIENTED_EDGE ( 'NONE', *, *, #5916, .T. ) ;
#737 = SURFACE_SIDE_STYLE ('',( #8048 ) ) ;
#738 = CARTESIAN_POINT ( 'NONE',  ( 2.024999999999999467, 1.150000000000000133, 1.800000000000000044 ) ) ;
#739 = DIRECTION ( 'NONE',  ( -1.000000000000000000, -1.141265444721583757E-16, -5.706327223607918787E-17 ) ) ;
#740 = ORIENTED_EDGE ( 'NONE', *, *, #5129, .T. ) ;
#741 = PRESENTATION_LAYER_ASSIGNMENT (  '', '', ( #7084 ) ) ;
#742 = SURFACE_STYLE_FILL_AREA ( #4539 ) ;
#743 = ADVANCED_FACE ( 'NONE', ( #8000 ), #7325, .T. ) ;
#744 = SURFACE_STYLE_FILL_AREA ( #33 ) ;
#745 = VECTOR ( 'NONE', #5379, 1000.000000000000000 ) ;
#746 = PRESENTATION_STYLE_ASSIGNMENT (( #6615 ) ) ;
#747 = DIRECTION ( 'NONE',  ( 9.531447670202286736E-17, -1.000000000000000000, 1.984131124025319515E-30 ) ) ;
#748 = SURFACE_STYLE_USAGE ( .BOTH. , #1401 ) ;
#749 = LINE ( 'NONE', #5999, #6952 ) ;
#750 = MECHANICAL_DESIGN_GEOMETRIC_PRESENTATION_REPRESENTATION (  '', ( #3084 ), #2257 ) ;
#751 = SURFACE_SIDE_STYLE ('',( #2695 ) ) ;
#752 = EDGE_LOOP ( 'NONE', ( #154, #4264, #6153, #477 ) ) ;
#753 = ORIENTED_EDGE ( 'NONE', *, *, #1691, .T. ) ;
#754 = ORIENTED_EDGE ( 'NONE', *, *, #4674, .F. ) ;
#755 = CIRCLE ( 'NONE', #3363, 0.1000000000000000472 ) ;
#756 =( GEOMETRIC_REPRESENTATION_CONTEXT ( 3 ) GLOBAL_UNCERTAINTY_ASSIGNED_CONTEXT ( ( #8028 ) ) GLOBAL_UNIT_ASSIGNED_CONTEXT ( ( #6259, #6305, #6789 ) ) REPRESENTATION_CONTEXT ( 'NONE', 'WORKASPACE' ) );
#757 = EDGE_CURVE ( 'NONE', #6494, #518, #2238, .T. ) ;
#758 = FILL_AREA_STYLE_COLOUR ( '', #5244 ) ;
#759 = CARTESIAN_POINT ( 'NONE',  ( 1.874999999999999334, 1.150000000000000133, 0.4999999999999994449 ) ) ;
#760 = COLOUR_RGB ( '',1.000000000000000000, 1.000000000000000000, 1.000000000000000000 ) ;
#761 = DIRECTION ( 'NONE',  ( -1.000000000000000000, 0.000000000000000000, 0.000000000000000000 ) ) ;
#762 = ORIENTED_EDGE ( 'NONE', *, *, #3617, .T. ) ;
#763 = FACE_OUTER_BOUND ( 'NONE', #6620, .T. ) ;
#764 = MECHANICAL_DESIGN_GEOMETRIC_PRESENTATION_REPRESENTATION (  '', ( #2698 ), #7542 ) ;
#765 = VECTOR ( 'NONE', #5520, 1000.000000000000000 ) ;
#766 = DIRECTION ( 'NONE',  ( 1.000000000000000000, 0.000000000000000000, 0.000000000000000000 ) ) ;
#767 =( NAMED_UNIT ( * ) PLANE_ANGLE_UNIT ( ) SI_UNIT ( $, .RADIAN. ) );
#768 = PRESENTATION_STYLE_ASSIGNMENT (( #1332 ) ) ;
#769 = STYLED_ITEM ( 'NONE', ( #5998 ), #1333 ) ;
#770 = DIRECTION ( 'NONE',  ( -8.673617379884013778E-16, -9.287856599089658869E-32, 1.000000000000000000 ) ) ;
#771 = VERTEX_POINT ( 'NONE', #5409 ) ;
#772 = SURFACE_STYLE_USAGE ( .BOTH. , #5897 ) ;
#773 =( GEOMETRIC_REPRESENTATION_CONTEXT ( 3 ) GLOBAL_UNCERTAINTY_ASSIGNED_CONTEXT ( ( #5056 ) ) GLOBAL_UNIT_ASSIGNED_CONTEXT ( ( #1934, #7391, #4570 ) ) REPRESENTATION_CONTEXT ( 'NONE', 'WORKASPACE' ) );
#774 = ORIENTED_EDGE ( 'NONE', *, *, #7370, .F. ) ;
#775 = EDGE_CURVE ( 'NONE', #2717, #3823, #2769, .T. ) ;
#776 = CARTESIAN_POINT ( 'NONE',  ( -2.075000000000000622, 0.3799999999999993938, 1.800000000000000044 ) ) ;
#777 = CARTESIAN_POINT ( 'NONE',  ( -1.474999999999998757, 0.9499999999999998446, 0.5999999999999985345 ) ) ;
#778 = ORIENTED_EDGE ( 'NONE', *, *, #2950, .T. ) ;
#779 = PRESENTATION_LAYER_ASSIGNMENT (  '', '', ( #4350 ) ) ;
#780 = STYLED_ITEM ( 'NONE', ( #7970 ), #7524 ) ;
#781 = SURFACE_STYLE_FILL_AREA ( #6036 ) ;
#782 = MECHANICAL_DESIGN_GEOMETRIC_PRESENTATION_REPRESENTATION (  '', ( #1735 ), #5736 ) ;
#783 = PRESENTATION_LAYER_ASSIGNMENT (  '', '', ( #3805 ) ) ;
#784 =( LENGTH_UNIT ( ) NAMED_UNIT ( * ) SI_UNIT ( .MILLI., .METRE. ) );
#785 =( LENGTH_UNIT ( ) NAMED_UNIT ( * ) SI_UNIT ( .MILLI., .METRE. ) );
#786 = PRESENTATION_LAYER_ASSIGNMENT (  '', '', ( #4503 ) ) ;
#787 = ORIENTED_EDGE ( 'NONE', *, *, #3407, .F. ) ;
#788 = SURFACE_SIDE_STYLE ('',( #744 ) ) ;
#789 = AXIS2_PLACEMENT_3D ( 'NONE', #6431, #3157, #5778 ) ;
#790 = MECHANICAL_DESIGN_GEOMETRIC_PRESENTATION_REPRESENTATION (  '', ( #4639 ), #6150 ) ;
#791 = ORIENTED_EDGE ( 'NONE', *, *, #223, .F. ) ;
#792 =( LENGTH_UNIT ( ) NAMED_UNIT ( * ) SI_UNIT ( .MILLI., .METRE. ) );
#793 = CARTESIAN_POINT ( 'NONE',  ( 2.275000000000000355, 0.4800000000000000933, 0.3999999999999999667 ) ) ;
#794 = SURFACE_STYLE_FILL_AREA ( #839 ) ;
#795 = UNCERTAINTY_MEASURE_WITH_UNIT (LENGTH_MEASURE( 1.000000000000000082E-05 ), #1577, 'distance_accuracy_value', 'NONE');
#796 = AXIS2_PLACEMENT_3D ( 'NONE', #2107, #941, #7397 ) ;
#797 = ORIENTED_EDGE ( 'NONE', *, *, #1590, .F. ) ;
#798 = VERTEX_POINT ( 'NONE', #157 ) ;
#799 = AXIS2_PLACEMENT_3D ( 'NONE', #1049, #2254, #4864 ) ;
#800 = COLOUR_RGB ( '',0.2235294117647058654, 0.2235294117647058654, 0.2235294117647058654 ) ;
#801 =( NAMED_UNIT ( * ) SI_UNIT ( $, .STERADIAN. ) SOLID_ANGLE_UNIT ( ) );
#802 =( NAMED_UNIT ( * ) SI_UNIT ( $, .STERADIAN. ) SOLID_ANGLE_UNIT ( ) );
#803 = UNCERTAINTY_MEASURE_WITH_UNIT (LENGTH_MEASURE( 1.000000000000000082E-05 ), #7377, 'distance_accuracy_value', 'NONE');
#804 = DIRECTION ( 'NONE',  ( 9.531447670202286736E-17, -1.000000000000000000, -0.000000000000000000 ) ) ;
#805 = CARTESIAN_POINT ( 'NONE',  ( 1.899999999999999689, -1.325000000000000178, -1.040834085586084257E-14 ) ) ;
#806 = EDGE_CURVE ( 'NONE', #7437, #5162, #7028, .T. ) ;
#807 = CIRCLE ( 'NONE', #4234, 0.1000000000000000472 ) ;
#808 =( GEOMETRIC_REPRESENTATION_CONTEXT ( 3 ) GLOBAL_UNCERTAINTY_ASSIGNED_CONTEXT ( ( #6838 ) ) GLOBAL_UNIT_ASSIGNED_CONTEXT ( ( #355, #6267, #5471 ) ) REPRESENTATION_CONTEXT ( 'NONE', 'WORKASPACE' ) );
#809 = FACE_OUTER_BOUND ( 'NONE', #4015, .T. ) ;
#810 = DIRECTION ( 'NONE',  ( -2.096124200138641695E-14, 0.000000000000000000, 1.000000000000000000 ) ) ;
#811 = DIRECTION ( 'NONE',  ( 1.000000000000000000, 0.000000000000000000, 0.000000000000000000 ) ) ;
#812 =( LENGTH_UNIT ( ) NAMED_UNIT ( * ) SI_UNIT ( .MILLI., .METRE. ) );
#813 = ADVANCED_FACE ( 'NONE', ( #8129 ), #5455, .T. ) ;
#814 = COLOUR_RGB ( '',0.8509803921568627194, 0.8509803921568627194, 0.8509803921568627194 ) ;
#815 = ADVANCED_FACE ( 'NONE', ( #8088 ), #7579, .F. ) ;
#816 = LINE ( 'NONE', #4111, #6705 ) ;
#817 = EDGE_CURVE ( 'NONE', #4530, #5485, #3016, .T. ) ;
#818 = EDGE_CURVE ( 'NONE', #5976, #7921, #2882, .T. ) ;
#819 = STYLED_ITEM ( 'NONE', ( #674 ), #540 ) ;
#820 =( NAMED_UNIT ( * ) PLANE_ANGLE_UNIT ( ) SI_UNIT ( $, .RADIAN. ) );
#821 = FILL_AREA_STYLE ('',( #3437 ) ) ;
#822 = ORIENTED_EDGE ( 'NONE', *, *, #1489, .F. ) ;
#823 = STYLED_ITEM ( 'NONE', ( #6160 ), #815 ) ;
#824 = SURFACE_STYLE_USAGE ( .BOTH. , #655 ) ;
#825 = CARTESIAN_POINT ( 'NONE',  ( 1.874999999999998446, -0.6250000000000004441, 0.5999999999999999778 ) ) ;
#826 = VERTEX_POINT ( 'NONE', #1717 ) ;
#827 = EDGE_CURVE ( 'NONE', #5962, #4736, #6333, .T. ) ;
#828 = CIRCLE ( 'NONE', #3688, 0.1000000000000000472 ) ;
#829 = EDGE_LOOP ( 'NONE', ( #8397, #5891, #6424, #2505 ) ) ;
#830 = DIRECTION ( 'NONE',  ( 0.000000000000000000, -1.807003620809151213E-16, -1.000000000000000000 ) ) ;
#831 = CARTESIAN_POINT ( 'NONE',  ( -0.8500000000000005329, 2.250000000000000444, 1.249999999999999556 ) ) ;
#832 = DIRECTION ( 'NONE',  ( -1.000000000000000000, -1.070816960479510993E-16, 0.000000000000000000 ) ) ;
#833 = ORIENTED_EDGE ( 'NONE', *, *, #7646, .T. ) ;
#834 = DIRECTION ( 'NONE',  ( -1.000000000000000000, 0.000000000000000000, 0.000000000000000000 ) ) ;
#835 = MECHANICAL_DESIGN_GEOMETRIC_PRESENTATION_REPRESENTATION (  '', ( #1935 ), #8060 ) ;
#836 = FILL_AREA_STYLE ('',( #7449 ) ) ;
#837 = EDGE_CURVE ( 'NONE', #2382, #4215, #5210, .T. ) ;
#838 = FILL_AREA_STYLE_COLOUR ( '', #6269 ) ;
#839 = FILL_AREA_STYLE ('',( #7376 ) ) ;
#840 =( NAMED_UNIT ( * ) PLANE_ANGLE_UNIT ( ) SI_UNIT ( $, .RADIAN. ) );
#841 =( GEOMETRIC_REPRESENTATION_CONTEXT ( 3 ) GLOBAL_UNCERTAINTY_ASSIGNED_CONTEXT ( ( #405 ) ) GLOBAL_UNIT_ASSIGNED_CONTEXT ( ( #4665, #4700, #7445 ) ) REPRESENTATION_CONTEXT ( 'NONE', 'WORKASPACE' ) );
#842 = PRESENTATION_STYLE_ASSIGNMENT (( #2088 ) ) ;
#843 = ORIENTED_EDGE ( 'NONE', *, *, #2962, .F. ) ;
#844 = DIRECTION ( 'NONE',  ( -1.000000000000000000, -1.070816960479510993E-16, 0.000000000000000000 ) ) ;
#845 = MECHANICAL_DESIGN_GEOMETRIC_PRESENTATION_REPRESENTATION (  '', ( #4815 ), #714 ) ;
#846 = FILL_AREA_STYLE ('',( #4961 ) ) ;
#847 = STYLED_ITEM ( 'NONE', ( #5438 ), #45 ) ;
#848 = LINE ( 'NONE', #3381, #495 ) ;
#849 = PLANE ( 'NONE',  #6067 ) ;
#850 = CIRCLE ( 'NONE', #8075, 0.2999999999999998224 ) ;
#851 = EDGE_CURVE ( 'NONE', #5271, #4530, #4338, .T. ) ;
#852 = FILL_AREA_STYLE_COLOUR ( '', #6062 ) ;
#853 = CARTESIAN_POINT ( 'NONE',  ( 1.049999999999999822, 0.2499999999999997780, -0.4000000000000000222 ) ) ;
#854 = CARTESIAN_POINT ( 'NONE',  ( 1.899999999999999689, -0.6250000000000004441, 0.2000000000000000111 ) ) ;
#855 = CARTESIAN_POINT ( 'NONE',  ( -2.174999999999998490, 0.9499999999999997335, 1.299999999999998934 ) ) ;
#856 = PRESENTATION_LAYER_ASSIGNMENT (  '', '', ( #7485 ) ) ;
#857 = EDGE_CURVE ( 'NONE', #5616, #2996, #2968, .T. ) ;
#858 = EDGE_CURVE ( 'NONE', #8499, #7381, #3780, .T. ) ;
#859 = DIRECTION ( 'NONE',  ( 4.818676322157799347E-16, 0.000000000000000000, 1.000000000000000000 ) ) ;
#860 = ORIENTED_EDGE ( 'NONE', *, *, #7729, .F. ) ;
#861 = FILL_AREA_STYLE_COLOUR ( '', #466 ) ;
#862 = VERTEX_POINT ( 'NONE', #4942 ) ;
#863 = EDGE_CURVE ( 'NONE', #8338, #1126, #6471, .T. ) ;
#864 = SURFACE_STYLE_FILL_AREA ( #6161 ) ;
#865 = ORIENTED_EDGE ( 'NONE', *, *, #7164, .T. ) ;
#866 = STYLED_ITEM ( 'NONE', ( #7385 ), #3587 ) ;
#867 = FILL_AREA_STYLE ('',( #2893 ) ) ;
#868 = CARTESIAN_POINT ( 'NONE',  ( 0.8499999999999999778, 0.2499999999999997780, -0.4000000000000000222 ) ) ;
#869 = FILL_AREA_STYLE_COLOUR ( '', #5655 ) ;
#870 = FACE_OUTER_BOUND ( 'NONE', #2571, .T. ) ;
#871 = CARTESIAN_POINT ( 'NONE',  ( -2.274999999999987921, 0.9499999999999997335, 1.799999999999999822 ) ) ;
#872 = ORIENTED_EDGE ( 'NONE', *, *, #4100, .F. ) ;
#873 =( NAMED_UNIT ( * ) PLANE_ANGLE_UNIT ( ) SI_UNIT ( $, .RADIAN. ) );
#874 = MECHANICAL_DESIGN_GEOMETRIC_PRESENTATION_REPRESENTATION (  '', ( #7084 ), #4981 ) ;
#875 =( LENGTH_UNIT ( ) NAMED_UNIT ( * ) SI_UNIT ( .MILLI., .METRE. ) );
#876 = CARTESIAN_POINT ( 'NONE',  ( -1.874999999999999556, 1.249999999999999778, 0.5999999999999994227 ) ) ;
#877 = CARTESIAN_POINT ( 'NONE',  ( -0.8999999999999998002, 0.3799999999999990608, 0.4999999999999995559 ) ) ;
#878 = FILL_AREA_STYLE ('',( #6751 ) ) ;
#879 = ORIENTED_EDGE ( 'NONE', *, *, #8542, .F. ) ;
#880 = EDGE_CURVE ( 'NONE', #3823, #1916, #8302, .T. ) ;
#881 = DIRECTION ( 'NONE',  ( -1.070816960479510993E-16, 1.000000000000000000, 0.000000000000000000 ) ) ;
#882 = CYLINDRICAL_SURFACE ( 'NONE', #8175, 0.2000000000000051459 ) ;
#883 =( GEOMETRIC_REPRESENTATION_CONTEXT ( 3 ) GLOBAL_UNCERTAINTY_ASSIGNED_CONTEXT ( ( #7830 ) ) GLOBAL_UNIT_ASSIGNED_CONTEXT ( ( #5679, #7085, #4531 ) ) REPRESENTATION_CONTEXT ( 'NONE', 'WORKASPACE' ) );
#884 = FILL_AREA_STYLE_COLOUR ( '', #4492 ) ;
#885 = UNCERTAINTY_MEASURE_WITH_UNIT (LENGTH_MEASURE( 1.000000000000000082E-05 ), #2243, 'distance_accuracy_value', 'NONE');
#886 = CARTESIAN_POINT ( 'NONE',  ( 1.899999999999999689, -0.8250000000000002887, 0.2000000000000000111 ) ) ;
#887 =( LENGTH_UNIT ( ) NAMED_UNIT ( * ) SI_UNIT ( .MILLI., .METRE. ) );
#888 = ORIENTED_EDGE ( 'NONE', *, *, #7666, .F. ) ;
#889 = PRESENTATION_LAYER_ASSIGNMENT (  '', '', ( #3629 ) ) ;
#890 =( NAMED_UNIT ( * ) SI_UNIT ( $, .STERADIAN. ) SOLID_ANGLE_UNIT ( ) );
#891 = PRESENTATION_LAYER_ASSIGNMENT (  '', '', ( #4733 ) ) ;
#892 = ORIENTED_EDGE ( 'NONE', *, *, #323, .T. ) ;
#893 = DIRECTION ( 'NONE',  ( -1.000000000000000000, 0.000000000000000000, -1.084202172485503842E-15 ) ) ;
#894 = STYLED_ITEM ( 'NONE', ( #1375 ), #6914 ) ;
#895 = CARTESIAN_POINT ( 'NONE',  ( 0.8499999999999992006, 2.349999999999999645, 0.4499999999999998446 ) ) ;
#896 =( NAMED_UNIT ( * ) SI_UNIT ( $, .STERADIAN. ) SOLID_ANGLE_UNIT ( ) );
#897 =( NAMED_UNIT ( * ) SI_UNIT ( $, .STERADIAN. ) SOLID_ANGLE_UNIT ( ) );
#898 = FILL_AREA_STYLE_COLOUR ( '', #3030 ) ;
#899 = CARTESIAN_POINT ( 'NONE',  ( 2.075000000000000622, 0.5799999999999997380, 0.000000000000000000 ) ) ;
#900 = AXIS2_PLACEMENT_3D ( 'NONE', #1945, #2428, #6514 ) ;
#901 = AXIS2_PLACEMENT_3D ( 'NONE', #2634, #1196, #3221 ) ;
#902 = ORIENTED_EDGE ( 'NONE', *, *, #6119, .F. ) ;
#903 = FILL_AREA_STYLE ('',( #7934 ) ) ;
#904 = ORIENTED_EDGE ( 'NONE', *, *, #3874, .F. ) ;
#905 = SURFACE_STYLE_USAGE ( .BOTH. , #2115 ) ;
#906 = VECTOR ( 'NONE', #2385, 1000.000000000000000 ) ;
#907 = MECHANICAL_DESIGN_GEOMETRIC_PRESENTATION_REPRESENTATION (  '', ( #5554 ), #6688 ) ;
#908 = ORIENTED_EDGE ( 'NONE', *, *, #4262, .T. ) ;
#909 =( LENGTH_UNIT ( ) NAMED_UNIT ( * ) SI_UNIT ( .MILLI., .METRE. ) );
#910 = LINE ( 'NONE', #4210, #4163 ) ;
#911 = CARTESIAN_POINT ( 'NONE',  ( 2.275000000000018563, -1.149999999999999911, 0.4955507190332495981 ) ) ;
#912 = EDGE_CURVE ( 'NONE', #6188, #4215, #1675, .T. ) ;
#913 = DIRECTION ( 'NONE',  ( 0.000000000000000000, 0.000000000000000000, -1.000000000000000000 ) ) ;
#914 = FILL_AREA_STYLE_COLOUR ( '', #2142 ) ;
#915 = FILL_AREA_STYLE ('',( #3018 ) ) ;
#916 = VERTEX_POINT ( 'NONE', #4394 ) ;
#917 = CYLINDRICAL_SURFACE ( 'NONE', #2299, 0.1000000000000000472 ) ;
#918 = VECTOR ( 'NONE', #4661, 1000.000000000000000 ) ;
#919 = PRESENTATION_LAYER_ASSIGNMENT (  '', '', ( #4197 ) ) ;
#920 =( NAMED_UNIT ( * ) PLANE_ANGLE_UNIT ( ) SI_UNIT ( $, .RADIAN. ) );
#921 = EDGE_CURVE ( 'NONE', #6029, #1483, #6883, .T. ) ;
#922 = VECTOR ( 'NONE', #4252, 1000.000000000000000 ) ;
#923 = PRESENTATION_STYLE_ASSIGNMENT (( #435 ) ) ;
#924 = VECTOR ( 'NONE', #5038, 1000.000000000000000 ) ;
#925 = EDGE_LOOP ( 'NONE', ( #7127, #6198, #7494, #7591 ) ) ;
#926 = EDGE_LOOP ( 'NONE', ( #4139, #5119, #5788, #5107 ) ) ;
#927 = FILL_AREA_STYLE_COLOUR ( '', #7853 ) ;
#928 =( NAMED_UNIT ( * ) PLANE_ANGLE_UNIT ( ) SI_UNIT ( $, .RADIAN. ) );
#929 = VECTOR ( 'NONE', #8613, 1000.000000000000000 ) ;
#930 = DIRECTION ( 'NONE',  ( -0.000000000000000000, 0.000000000000000000, 1.000000000000000000 ) ) ;
#931 = CARTESIAN_POINT ( 'NONE',  ( 2.075000000000000178, 0.9000000000000000222, 0.5000000000000000000 ) ) ;
#932 = EDGE_CURVE ( 'NONE', #6262, #6869, #1643, .T. ) ;
#933 = CARTESIAN_POINT ( 'NONE',  ( -2.074999999999997957, -0.9578422717728224400, 0.5999999999999999778 ) ) ;
#934 = ORIENTED_EDGE ( 'NONE', *, *, #2080, .F. ) ;
#935 = VECTOR ( 'NONE', #7898, 1000.000000000000000 ) ;
#936 = SURFACE_STYLE_USAGE ( .BOTH. , #235 ) ;
#937 = VERTEX_POINT ( 'NONE', #6999 ) ;
#938 =( NAMED_UNIT ( * ) SI_UNIT ( $, .STERADIAN. ) SOLID_ANGLE_UNIT ( ) );
#939 = DIRECTION ( 'NONE',  ( -9.531447670202287969E-17, 1.000000000000000000, -0.000000000000000000 ) ) ;
#940 = CARTESIAN_POINT ( 'NONE',  ( 1.374999999999999778, -0.6250000000000003331, 1.199999999999981082 ) ) ;
#941 = DIRECTION ( 'NONE',  ( -1.000000000000000000, -9.531447670202286736E-17, -3.614007241618347785E-16 ) ) ;
#942 = FILL_AREA_STYLE ('',( #4199 ) ) ;
#943 = VERTEX_POINT ( 'NONE', #7815 ) ;
#945 = VERTEX_POINT ( 'NONE', #4254 ) ;
#944 = STYLED_ITEM ( 'NONE', ( #2246 ), #8308 ) ;
#946 = SURFACE_STYLE_USAGE ( .BOTH. , #1670 ) ;
#947 = DIRECTION ( 'NONE',  ( 1.000000000000000000, 0.000000000000000000, 0.000000000000000000 ) ) ;
#948 = ORIENTED_EDGE ( 'NONE', *, *, #4901, .F. ) ;
#949 = AXIS2_PLACEMENT_3D ( 'NONE', #8484, #1730, #6433 ) ;
#950 = PRESENTATION_STYLE_ASSIGNMENT (( #7037 ) ) ;
#951 = EDGE_LOOP ( 'NONE', ( #4686, #446, #4699, #3477 ) ) ;
#952 = ORIENTED_EDGE ( 'NONE', *, *, #6048, .F. ) ;
#953 = PRESENTATION_STYLE_ASSIGNMENT (( #8307 ) ) ;
#954 = CARTESIAN_POINT ( 'NONE',  ( 1.574999999999999289, 1.250000000000000000, 0.5999999999999994227 ) ) ;
#955 = DIRECTION ( 'NONE',  ( 1.000000000000000000, 0.000000000000000000, -0.000000000000000000 ) ) ;
#956 = PRESENTATION_LAYER_ASSIGNMENT (  '', '', ( #8320 ) ) ;
#957 = DIRECTION ( 'NONE',  ( -1.070816960479510993E-16, 1.000000000000000000, 0.000000000000000000 ) ) ;
#958 =( NAMED_UNIT ( * ) SI_UNIT ( $, .STERADIAN. ) SOLID_ANGLE_UNIT ( ) );
#959 = SURFACE_STYLE_USAGE ( .BOTH. , #3663 ) ;
#960 = ORIENTED_EDGE ( 'NONE', *, *, #5446, .T. ) ;
#961 = CARTESIAN_POINT ( 'NONE',  ( 0.9000000000000001332, 0.9500000000000000666, 0.4999999999999995559 ) ) ;
#962 = STYLED_ITEM ( 'NONE', ( #7822 ), #5003 ) ;
#963 = DIRECTION ( 'NONE',  ( 0.000000000000000000, 6.862039066364035213E-17, 1.000000000000000000 ) ) ;
#964 = DIRECTION ( 'NONE',  ( -1.000000000000000000, 0.000000000000000000, 0.000000000000000000 ) ) ;
#965 =( NAMED_UNIT ( * ) PLANE_ANGLE_UNIT ( ) SI_UNIT ( $, .RADIAN. ) );
#966 = ORIENTED_EDGE ( 'NONE', *, *, #3967, .F. ) ;
#967 = EDGE_CURVE ( 'NONE', #7885, #179, #5346, .T. ) ;
#968 = PLANE ( 'NONE',  #1218 ) ;
#969 = EDGE_CURVE ( 'NONE', #6038, #5237, #4248, .T. ) ;
#970 = EDGE_CURVE ( 'NONE', #4797, #8499, #5675, .T. ) ;
#971 =( NAMED_UNIT ( * ) SI_UNIT ( $, .STERADIAN. ) SOLID_ANGLE_UNIT ( ) );
#972 = FILL_AREA_STYLE ('',( #4229 ) ) ;
#973 = EDGE_CURVE ( 'NONE', #4235, #8301, #460, .T. ) ;
#974 = VECTOR ( 'NONE', #8585, 1000.000000000000000 ) ;
#975 = CARTESIAN_POINT ( 'NONE',  ( 2.275000000000018563, -0.9578422717728219959, 0.4955507190332495981 ) ) ;
#976 = CARTESIAN_POINT ( 'NONE',  ( -1.450000000000003952, 0.3799999999999988387, 1.749999999999999334 ) ) ;
#977 = ORIENTED_EDGE ( 'NONE', *, *, #2127, .F. ) ;
#978 = VERTEX_POINT ( 'NONE', #8111 ) ;
#979 = ORIENTED_EDGE ( 'NONE', *, *, #6558, .T. ) ;
#980 = MECHANICAL_DESIGN_GEOMETRIC_PRESENTATION_REPRESENTATION (  '', ( #2503 ), #2082 ) ;
#981 = FACE_OUTER_BOUND ( 'NONE', #3173, .T. ) ;
#982 = DIRECTION ( 'NONE',  ( 0.000000000000000000, 0.000000000000000000, -1.000000000000000000 ) ) ;
#983 = AXIS2_PLACEMENT_3D ( 'NONE', #8206, #4555, #3257 ) ;
#984 = DIRECTION ( 'NONE',  ( 1.734723475976896078E-14, -0.000000000000000000, 1.000000000000000000 ) ) ;
#985 = PRESENTATION_STYLE_ASSIGNMENT (( #7619 ) ) ;
#986 = ORIENTED_EDGE ( 'NONE', *, *, #6920, .T. ) ;
#987 = CARTESIAN_POINT ( 'NONE',  ( 1.374999999999998668, -0.9578422717728221070, 1.299999999999926770 ) ) ;
#988 = CARTESIAN_POINT ( 'NONE',  ( -2.075000000000000622, 0.3799999999999993938, 0.3999999999999988565 ) ) ;
#989 = ADVANCED_FACE ( 'NONE', ( #2789 ), #4529, .F. ) ;
#990 = VERTEX_POINT ( 'NONE', #5436 ) ;
#991 = AXIS2_PLACEMENT_3D ( 'NONE', #4491, #4587, #667 ) ;
#992 = ORIENTED_EDGE ( 'NONE', *, *, #5654, .F. ) ;
#993 = ORIENTED_EDGE ( 'NONE', *, *, #4270, .T. ) ;
#994 = SURFACE_SIDE_STYLE ('',( #1549 ) ) ;
#995 = CARTESIAN_POINT ( 'NONE',  ( 1.899999999999999689, -0.7750000000000003553, 0.2000000000000000111 ) ) ;
#996 = DIRECTION ( 'NONE',  ( -2.081668171172165989E-14, 0.000000000000000000, -1.000000000000000000 ) ) ;
#997 =( GEOMETRIC_REPRESENTATION_CONTEXT ( 3 ) GLOBAL_UNCERTAINTY_ASSIGNED_CONTEXT ( ( #7079 ) ) GLOBAL_UNIT_ASSIGNED_CONTEXT ( ( #3492, #4778, #6609 ) ) REPRESENTATION_CONTEXT ( 'NONE', 'WORKASPACE' ) );
#998 = CARTESIAN_POINT ( 'NONE',  ( 0.8499999999999998668, 2.250000000000000444, 1.249999999999999556 ) ) ;
#999 =( NAMED_UNIT ( * ) PLANE_ANGLE_UNIT ( ) SI_UNIT ( $, .RADIAN. ) );
#1000 = ORIENTED_EDGE ( 'NONE', *, *, #1330, .T. ) ;
#1001 = LINE ( 'NONE', #4401, #4495 ) ;
#1002 = SURFACE_STYLE_USAGE ( .BOTH. , #8141 ) ;
#1003 = SURFACE_STYLE_USAGE ( .BOTH. , #2342 ) ;
#1004 = EDGE_CURVE ( 'NONE', #1523, #113, #4099, .T. ) ;
#1005 = ORIENTED_EDGE ( 'NONE', *, *, #3630, .F. ) ;
#1006 = AXIS2_PLACEMENT_3D ( 'NONE', #877, #2175, #7341 ) ;
#1007 = CARTESIAN_POINT ( 'NONE',  ( -1.574999999999999067, 0.3799999999999983946, 1.199999999999998623 ) ) ;
#1008 = ORIENTED_EDGE ( 'NONE', *, *, #3133, .F. ) ;
#1009 = VERTEX_POINT ( 'NONE', #7184 ) ;
#1010 = DIRECTION ( 'NONE',  ( 0.000000000000000000, -1.000000000000000000, 6.862039066364035213E-17 ) ) ;
#1011 = EDGE_CURVE ( 'NONE', #2593, #5485, #848, .T. ) ;
#1012 = MECHANICAL_DESIGN_GEOMETRIC_PRESENTATION_REPRESENTATION (  '', ( #4728 ), #1986 ) ;
#1013 = SURFACE_SIDE_STYLE ('',( #4928 ) ) ;
#1014 =( LENGTH_UNIT ( ) NAMED_UNIT ( * ) SI_UNIT ( .MILLI., .METRE. ) );
#1015 = COLOUR_RGB ( '',0.8431372549019607865, 0.8156862745098039102, 0.7529411764705882248 ) ;
#1016 = AXIS2_PLACEMENT_3D ( 'NONE', #2173, #713, #5257 ) ;
#1017 = CARTESIAN_POINT ( 'NONE',  ( -0.7058717852661396952, -0.9180000000000003713, 1.800000000000000044 ) ) ;
#1018 = ORIENTED_EDGE ( 'NONE', *, *, #8186, .F. ) ;
#1019 =( NAMED_UNIT ( * ) PLANE_ANGLE_UNIT ( ) SI_UNIT ( $, .RADIAN. ) );
#1020 = DIRECTION ( 'NONE',  ( 1.000000000000000000, 1.141265444721583264E-16, 5.706327223607918787E-17 ) ) ;
#1021 = VERTEX_POINT ( 'NONE', #2704 ) ;
#1022 = LINE ( 'NONE', #4293, #8114 ) ;
#1023 = STYLED_ITEM ( 'NONE', ( #768 ), #6986 ) ;
#1024 = COLOUR_RGB ( '',0.8509803921568627194, 0.8509803921568627194, 0.8509803921568627194 ) ;
#1025 = ORIENTED_EDGE ( 'NONE', *, *, #2460, .F. ) ;
#1026 = DIRECTION ( 'NONE',  ( 1.070816960479510993E-16, -1.000000000000000000, -0.000000000000000000 ) ) ;
#1027 = STYLED_ITEM ( 'NONE', ( #7177 ), #8576 ) ;
#1028 = CARTESIAN_POINT ( 'NONE',  ( 2.024999999999999911, 0.9000000000000002442, 0.000000000000000000 ) ) ;
#1029 = EDGE_LOOP ( 'NONE', ( #3038, #3549, #5469, #4037 ) ) ;
#1030 = FACE_OUTER_BOUND ( 'NONE', #752, .T. ) ;
#1031 = EDGE_CURVE ( 'NONE', #488, #5053, #7349, .T. ) ;
#1032 = DIRECTION ( 'NONE',  ( -1.000000000000000000, -1.070816960479510993E-16, 2.081668171172165989E-14 ) ) ;
#1033 = FACE_OUTER_BOUND ( 'NONE', #8553, .T. ) ;
#1034 = MECHANICAL_DESIGN_GEOMETRIC_PRESENTATION_REPRESENTATION (  '', ( #8262 ), #1999 ) ;
#1035 = PRESENTATION_STYLE_ASSIGNMENT (( #1087 ) ) ;
#1036 = PRESENTATION_STYLE_ASSIGNMENT (( #959 ) ) ;
#1037 = CARTESIAN_POINT ( 'NONE',  ( 0.8000000000000037081, 1.149999999999999911, 1.749999999999999334 ) ) ;
#1038 = VECTOR ( 'NONE', #8351, 1000.000000000000000 ) ;
#1039 = UNCERTAINTY_MEASURE_WITH_UNIT (LENGTH_MEASURE( 1.000000000000000082E-05 ), #2662, 'distance_accuracy_value', 'NONE');
#1040 = DIRECTION ( 'NONE',  ( -1.000000000000000000, 0.000000000000000000, 0.000000000000000000 ) ) ;
#1041 = AXIS2_PLACEMENT_3D ( 'NONE', #5146, #7854, #7176 ) ;
#1042 = DIRECTION ( 'NONE',  ( 0.000000000000000000, 0.000000000000000000, -1.000000000000000000 ) ) ;
#1043 = DIRECTION ( 'NONE',  ( 1.000000000000000000, 1.084202172485504040E-15, -0.000000000000000000 ) ) ;
#1044 = CARTESIAN_POINT ( 'NONE',  ( -0.8500000000000005329, 2.250000000000000444, 1.249999999999999556 ) ) ;
#1045 = CARTESIAN_POINT ( 'NONE',  ( -1.374999999999987121, -0.6250000000000002220, 1.799999999999981171 ) ) ;
#1046 = ORIENTED_EDGE ( 'NONE', *, *, #2663, .F. ) ;
#1047 = COLOUR_RGB ( '',0.2235294117647058654, 0.2235294117647058654, 0.2235294117647058654 ) ;
#1048 = MECHANICAL_DESIGN_GEOMETRIC_PRESENTATION_REPRESENTATION (  '', ( #6564 ), #7413 ) ;
#1049 = CARTESIAN_POINT ( 'NONE',  ( 1.574999999999999289, 0.9500000000000000666, 0.5999999999999994227 ) ) ;
#1050 = SURFACE_STYLE_FILL_AREA ( #7016 ) ;
#1051 = CARTESIAN_POINT ( 'NONE',  ( -0.8500000000000005329, 2.250000000000000444, 0.5499999999999997113 ) ) ;
#1052 =( GEOMETRIC_REPRESENTATION_CONTEXT ( 3 ) GLOBAL_UNCERTAINTY_ASSIGNED_CONTEXT ( ( #6222 ) ) GLOBAL_UNIT_ASSIGNED_CONTEXT ( ( #4184, #8323, #6181 ) ) REPRESENTATION_CONTEXT ( 'NONE', 'WORKASPACE' ) );
#1053 = VECTOR ( 'NONE', #7243, 1000.000000000000000 ) ;
#1054 = UNCERTAINTY_MEASURE_WITH_UNIT (LENGTH_MEASURE( 1.000000000000000082E-05 ), #4047, 'distance_accuracy_value', 'NONE');
#1055 =( NAMED_UNIT ( * ) PLANE_ANGLE_UNIT ( ) SI_UNIT ( $, .RADIAN. ) );
#1056 = SURFACE_SIDE_STYLE ('',( #6919 ) ) ;
#1057 = VERTEX_POINT ( 'NONE', #3829 ) ;
#1058 = AXIS2_PLACEMENT_3D ( 'NONE', #112, #4067, #6021 ) ;
#1059 = SURFACE_STYLE_FILL_AREA ( #7118 ) ;
#1060 = EDGE_CURVE ( 'NONE', #2973, #7133, #1251, .T. ) ;
#1061 = DIRECTION ( 'NONE',  ( -1.000000000000000000, -1.141265444721583264E-16, 0.000000000000000000 ) ) ;
#1062 = EDGE_CURVE ( 'NONE', #1021, #6733, #2139, .T. ) ;
#1063 = UNCERTAINTY_MEASURE_WITH_UNIT (LENGTH_MEASURE( 1.000000000000000082E-05 ), #7893, 'distance_accuracy_value', 'NONE');
#1064 = CARTESIAN_POINT ( 'NONE',  ( 1.774999999999999467, 1.250000000000000000, 1.199999999999999512 ) ) ;
#1065 = SURFACE_SIDE_STYLE ('',( #7030 ) ) ;
#1066 = STYLED_ITEM ( 'NONE', ( #4057 ), #8064 ) ;
#1067 = AXIS2_PLACEMENT_3D ( 'NONE', #7174, #3821, #1245 ) ;
#1068 = FILL_AREA_STYLE_COLOUR ( '', #4574 ) ;
#1069 = SURFACE_STYLE_USAGE ( .BOTH. , #2464 ) ;
#1070 = ORIENTED_EDGE ( 'NONE', *, *, #5693, .F. ) ;
#1071 = CARTESIAN_POINT ( 'NONE',  ( 0.9499999999999995115, 0.9500000000000000666, 0.4499999999999998446 ) ) ;
#1072 = EDGE_CURVE ( 'NONE', #3866, #3916, #6432, .T. ) ;
#1073 = EDGE_CURVE ( 'NONE', #3176, #3921, #2057, .T. ) ;
#1074 = ORIENTED_EDGE ( 'NONE', *, *, #8274, .F. ) ;
#1075 = EDGE_CURVE ( 'NONE', #8097, #8341, #6699, .T. ) ;
#1076 = DIRECTION ( 'NONE',  ( -1.000000000000000000, 0.000000000000000000, 0.000000000000000000 ) ) ;
#1077 = DIRECTION ( 'NONE',  ( 9.531447670202286736E-17, -1.000000000000000000, -0.000000000000000000 ) ) ;
#1078 = ORIENTED_EDGE ( 'NONE', *, *, #2078, .T. ) ;
#1079 = ORIENTED_EDGE ( 'NONE', *, *, #347, .F. ) ;
#1080 = DIRECTION ( 'NONE',  ( -1.000000000000000000, 0.000000000000000000, 0.000000000000000000 ) ) ;
#1081 = CARTESIAN_POINT ( 'NONE',  ( 1.899999999999999689, -0.7750000000000002442, 1.779999999999980931 ) ) ;
#1082 = EDGE_LOOP ( 'NONE', ( #3654, #5078, #8244, #7988 ) ) ;
#1083 = SURFACE_STYLE_USAGE ( .BOTH. , #7187 ) ;
#1084 = STYLED_ITEM ( 'NONE', ( #1553 ), #8328 ) ;
#1085 = DIRECTION ( 'NONE',  ( 1.000000000000000000, 1.070816960479510993E-16, 0.000000000000000000 ) ) ;
#1086 = AXIS2_PLACEMENT_3D ( 'NONE', #1789, #3715, #8497 ) ;
#1087 = SURFACE_STYLE_USAGE ( .BOTH. , #1596 ) ;
#1088 = CARTESIAN_POINT ( 'NONE',  ( 0.8499999999999995337, 2.250000000000000444, 0.5499999999999998224 ) ) ;
#1089 = EDGE_CURVE ( 'NONE', #3217, #1141, #3870, .T. ) ;
#1090 = SURFACE_STYLE_FILL_AREA ( #3743 ) ;
#1091 = CARTESIAN_POINT ( 'NONE',  ( -1.374999999999999778, -0.6250000000000003331, 1.199999999999981082 ) ) ;
#1092 = LINE ( 'NONE', #263, #3202 ) ;
#1093 = ORIENTED_EDGE ( 'NONE', *, *, #5683, .F. ) ;
#1094 = DIRECTION ( 'NONE',  ( 1.070816960479510870E-16, -1.000000000000000000, -0.000000000000000000 ) ) ;
#1095 = AXIS2_PLACEMENT_3D ( 'NONE', #8177, #4162, #7525 ) ;
#1096 = EDGE_CURVE ( 'NONE', #990, #4367, #6707, .T. ) ;
#1097 = FACE_OUTER_BOUND ( 'NONE', #8136, .T. ) ;
#1098 = DIRECTION ( 'NONE',  ( -1.000000000000000000, 1.734723475976805517E-15, -8.673617379884027583E-16 ) ) ;
#1099 = DIRECTION ( 'NONE',  ( -1.070816960479510993E-16, 1.000000000000000000, 0.000000000000000000 ) ) ;
#1100 = VECTOR ( 'NONE', #7732, 1000.000000000000000 ) ;
#1101 = ORIENTED_EDGE ( 'NONE', *, *, #4768, .F. ) ;
#1102 = VERTEX_POINT ( 'NONE', #551 ) ;
#1103 = COLOUR_RGB ( '',0.8431372549019607865, 0.8156862745098039102, 0.7529411764705882248 ) ;
#1104 = CARTESIAN_POINT ( 'NONE',  ( 0.9000000000000001332, 0.9500000000000000666, 1.299999999999999822 ) ) ;
#1105 = CARTESIAN_POINT ( 'NONE',  ( 1.499999999999999778, -0.7750000000000003553, 0.5999999999999999778 ) ) ;
#1106 = PLANE ( 'NONE',  #8583 ) ;
#1107 = MECHANICAL_DESIGN_GEOMETRIC_PRESENTATION_REPRESENTATION (  '', ( #6348 ), #563 ) ;
#1108 = PRESENTATION_STYLE_ASSIGNMENT (( #7894 ) ) ;
#1109 = ORIENTED_EDGE ( 'NONE', *, *, #5030, .T. ) ;
#1110 = DIRECTION ( 'NONE',  ( -1.070816960479510993E-16, 1.000000000000000000, 0.000000000000000000 ) ) ;
#1111 =( NAMED_UNIT ( * ) SI_UNIT ( $, .STERADIAN. ) SOLID_ANGLE_UNIT ( ) );
#1112 = DIRECTION ( 'NONE',  ( 0.000000000000000000, 0.000000000000000000, 1.000000000000000000 ) ) ;
#1113 = EDGE_LOOP ( 'NONE', ( #7329, #3567, #443, #3579 ) ) ;
#1114 = UNCERTAINTY_MEASURE_WITH_UNIT (LENGTH_MEASURE( 1.000000000000000082E-05 ), #3662, 'distance_accuracy_value', 'NONE');
#1115 = STYLED_ITEM ( 'NONE', ( #1943 ), #4218 ) ;
#1116 = DIRECTION ( 'NONE',  ( -1.000000000000000000, 0.000000000000000000, 0.000000000000000000 ) ) ;
#1118 = VECTOR ( 'NONE', #2448, 1000.000000000000000 ) ;
#1117 = DIRECTION ( 'NONE',  ( -1.000000000000000000, 0.000000000000000000, 0.000000000000000000 ) ) ;
#1119 = ADVANCED_FACE ( 'NONE', ( #3195, #3341, #5968 ), #7499, .F. ) ;
#1120 = VERTEX_POINT ( 'NONE', #7552 ) ;
#1121 =( NAMED_UNIT ( * ) PLANE_ANGLE_UNIT ( ) SI_UNIT ( $, .RADIAN. ) );
#1122 = CARTESIAN_POINT ( 'NONE',  ( 1.574999999999999289, 1.150000000000000133, 1.299999999999999600 ) ) ;
#1123 =( NAMED_UNIT ( * ) SI_UNIT ( $, .STERADIAN. ) SOLID_ANGLE_UNIT ( ) );
#1124 =( NAMED_UNIT ( * ) SI_UNIT ( $, .STERADIAN. ) SOLID_ANGLE_UNIT ( ) );
#1125 = DIRECTION ( 'NONE',  ( 2.096124200138642642E-14, -0.000000000000000000, -1.000000000000000000 ) ) ;
#1126 = VERTEX_POINT ( 'NONE', #3591 ) ;
#1127 = PLANE ( 'NONE',  #364 ) ;
#1128 = ADVANCED_FACE ( 'NONE', ( #5472 ), #5505, .F. ) ;
#1129 = SURFACE_SIDE_STYLE ('',( #1090 ) ) ;
#1130 = LINE ( 'NONE', #8578, #58 ) ;
#1131 =( LENGTH_UNIT ( ) NAMED_UNIT ( * ) SI_UNIT ( .MILLI., .METRE. ) );
#1132 = FILL_AREA_STYLE_COLOUR ( '', #5396 ) ;
#1133 = FILL_AREA_STYLE ('',( #7057 ) ) ;
#1134 = ORIENTED_EDGE ( 'NONE', *, *, #4501, .F. ) ;
#1135 =( NAMED_UNIT ( * ) PLANE_ANGLE_UNIT ( ) SI_UNIT ( $, .RADIAN. ) );
#1136 = DIRECTION ( 'NONE',  ( 0.000000000000000000, 1.000000000000000000, 0.000000000000000000 ) ) ;
#1137 = UNCERTAINTY_MEASURE_WITH_UNIT (LENGTH_MEASURE( 1.000000000000000082E-05 ), #2729, 'distance_accuracy_value', 'NONE');
#1138 = FILL_AREA_STYLE ('',( #5507 ) ) ;
#1139 = SURFACE_STYLE_USAGE ( .BOTH. , #8538 ) ;
#1140 = ORIENTED_EDGE ( 'NONE', *, *, #3811, .T. ) ;
#1141 = VERTEX_POINT ( 'NONE', #3552 ) ;
#1142 = ORIENTED_EDGE ( 'NONE', *, *, #4526, .F. ) ;
#1143 =( NAMED_UNIT ( * ) SI_UNIT ( $, .STERADIAN. ) SOLID_ANGLE_UNIT ( ) );
#1144 = DIRECTION ( 'NONE',  ( 0.000000000000000000, -1.000000000000000000, 0.000000000000000000 ) ) ;
#1145 = FILL_AREA_STYLE ('',( #3721 ) ) ;
#1146 = DIRECTION ( 'NONE',  ( 1.000000000000000000, 0.000000000000000000, 0.000000000000000000 ) ) ;
#1147 = ORIENTED_EDGE ( 'NONE', *, *, #7268, .F. ) ;
#1148 = LINE ( 'NONE', #7810, #5991 ) ;
#1149 = ORIENTED_EDGE ( 'NONE', *, *, #5117, .T. ) ;
#1150 = DIRECTION ( 'NONE',  ( 0.000000000000000000, 0.000000000000000000, -1.000000000000000000 ) ) ;
#1151 = ORIENTED_EDGE ( 'NONE', *, *, #7473, .T. ) ;
#1152 = CARTESIAN_POINT ( 'NONE',  ( -2.024999999999997691, 0.3799999999999983946, 0.4999999999999989453 ) ) ;
#1153 = PRESENTATION_LAYER_ASSIGNMENT (  '', '', ( #3359 ) ) ;
#1154 = COLOUR_RGB ( '',0.8431372549019607865, 0.8156862745098039102, 0.7529411764705882248 ) ;
#1155 = DIRECTION ( 'NONE',  ( 1.000000000000000000, 0.000000000000000000, 0.000000000000000000 ) ) ;
#1156 = VERTEX_POINT ( 'NONE', #1616 ) ;
#1157 = CARTESIAN_POINT ( 'NONE',  ( 1.774999999999999467, 1.350000000000000311, 0.4999999999999994449 ) ) ;
#1158 = LINE ( 'NONE', #1122, #1262 ) ;
#1159 = DIRECTION ( 'NONE',  ( 1.000000000000000000, 9.531447670202286736E-17, 0.000000000000000000 ) ) ;
#1160 = DIRECTION ( 'NONE',  ( 0.000000000000000000, 6.862039066364035213E-17, 1.000000000000000000 ) ) ;
#1161 = SURFACE_STYLE_USAGE ( .BOTH. , #7191 ) ;
#1162 = MECHANICAL_DESIGN_GEOMETRIC_PRESENTATION_REPRESENTATION (  '', ( #1023 ), #8392 ) ;
#1163 = CIRCLE ( 'NONE', #1016, 0.2500000000000002220 ) ;
#1164 = VERTEX_POINT ( 'NONE', #2259 ) ;
#1165 = SURFACE_SIDE_STYLE ('',( #1948 ) ) ;
#1166 = PRESENTATION_LAYER_ASSIGNMENT (  '', '', ( #5980 ) ) ;
#1167 = LINE ( 'NONE', #7051, #1779 ) ;
#1168 = DIRECTION ( 'NONE',  ( -1.000000000000000000, 0.000000000000000000, 0.000000000000000000 ) ) ;
#1169 = ADVANCED_FACE ( 'NONE', ( #4869 ), #6314, .F. ) ;
#1170 = CARTESIAN_POINT ( 'NONE',  ( 1.574999999999999067, 0.9500000000000000666, 0.4999999999999994449 ) ) ;
#1171 = VECTOR ( 'NONE', #4540, 1000.000000000000000 ) ;
#1172 = CARTESIAN_POINT ( 'NONE',  ( -1.474999999999998312, 0.3799999999999983946, 0.4999999999999986122 ) ) ;
#1173 =( NAMED_UNIT ( * ) PLANE_ANGLE_UNIT ( ) SI_UNIT ( $, .RADIAN. ) );
#1174 = EDGE_LOOP ( 'NONE', ( #5217, #879, #1775, #2424 ) ) ;
#1175 = DIRECTION ( 'NONE',  ( 1.000000000000000000, 0.000000000000000000, 0.000000000000000000 ) ) ;
#1176 = LINE ( 'NONE', #1308, #376 ) ;
#1177 =( NAMED_UNIT ( * ) PLANE_ANGLE_UNIT ( ) SI_UNIT ( $, .RADIAN. ) );
#1178 = AXIS2_PLACEMENT_3D ( 'NONE', #8469, #2466, #7075 ) ;
#1179 = EDGE_CURVE ( 'NONE', #3727, #5021, #5831, .T. ) ;
#1180 = DIRECTION ( 'NONE',  ( 0.000000000000000000, 0.000000000000000000, 1.000000000000000000 ) ) ;
#1181 = CARTESIAN_POINT ( 'NONE',  ( 1.774999999999999245, 0.9500000000000000666, 0.5999999999999994227 ) ) ;
#1182 = CARTESIAN_POINT ( 'NONE',  ( 2.024999999999999911, 0.9000000000000002442, 1.800000000000000044 ) ) ;
#1183 = AXIS2_PLACEMENT_3D ( 'NONE', #1518, #4134, #6788 ) ;
#1184 = AXIS2_PLACEMENT_3D ( 'NONE', #99, #137, #5885 ) ;
#1185 = ORIENTED_EDGE ( 'NONE', *, *, #319, .T. ) ;
#1186 = ORIENTED_EDGE ( 'NONE', *, *, #590, .T. ) ;
#1187 = ORIENTED_EDGE ( 'NONE', *, *, #3064, .T. ) ;
#1188 = EDGE_LOOP ( 'NONE', ( #1008, #7032, #6493, #5943 ) ) ;
#1189 = FILL_AREA_STYLE_COLOUR ( '', #352 ) ;
#1190 = CIRCLE ( 'NONE', #213, 0.05000000000000514450 ) ;
#1191 = PRESENTATION_LAYER_ASSIGNMENT (  '', '', ( #3941 ) ) ;
#1192 = STYLED_ITEM ( 'NONE', ( #7837 ), #6393 ) ;
#1193 = CARTESIAN_POINT ( 'NONE',  ( -1.474999999999999423, 1.149999999999999689, 1.199999999999998845 ) ) ;
#1194 = UNCERTAINTY_MEASURE_WITH_UNIT (LENGTH_MEASURE( 1.000000000000000082E-05 ), #7508, 'distance_accuracy_value', 'NONE');
#1195 = MECHANICAL_DESIGN_GEOMETRIC_PRESENTATION_REPRESENTATION (  '', ( #5569 ), #5035 ) ;
#1196 = DIRECTION ( 'NONE',  ( 1.000000000000000000, 8.340016711426956274E-16, -0.000000000000000000 ) ) ;
#1197 =( LENGTH_UNIT ( ) NAMED_UNIT ( * ) SI_UNIT ( .MILLI., .METRE. ) );
#1198 = VECTOR ( 'NONE', #3073, 1000.000000000000000 ) ;
#1199 = COLOUR_RGB ( '',0.8431372549019607865, 0.8156862745098039102, 0.7529411764705882248 ) ;
#1200 = AXIS2_PLACEMENT_3D ( 'NONE', #7989, #17, #1252 ) ;
#1201 = ORIENTED_EDGE ( 'NONE', *, *, #7095, .T. ) ;
#1202 = DIRECTION ( 'NONE',  ( 1.000000000000000000, -1.070816960479546615E-16, 1.084202172485504237E-15 ) ) ;
#1203 = FACE_OUTER_BOUND ( 'NONE', #6007, .T. ) ;
#1204 =( NAMED_UNIT ( * ) PLANE_ANGLE_UNIT ( ) SI_UNIT ( $, .RADIAN. ) );
#1205 = EDGE_CURVE ( 'NONE', #2717, #1766, #6530, .T. ) ;
#1206 = VERTEX_POINT ( 'NONE', #4999 ) ;
#1207 = UNCERTAINTY_MEASURE_WITH_UNIT (LENGTH_MEASURE( 1.000000000000000082E-05 ), #1296, 'distance_accuracy_value', 'NONE');
#1208 = DIRECTION ( 'NONE',  ( 9.531447670202286736E-17, -1.000000000000000000, -0.000000000000000000 ) ) ;
#1209 = COLOUR_RGB ( '',0.8509803921568627194, 0.8509803921568627194, 0.8509803921568627194 ) ;
#1210 = DIRECTION ( 'NONE',  ( 1.000000000000000000, -0.000000000000000000, 0.000000000000000000 ) ) ;
#1211 = ORIENTED_EDGE ( 'NONE', *, *, #5905, .T. ) ;
#1212 = DIRECTION ( 'NONE',  ( 8.340016711426956274E-16, -1.000000000000000000, 0.000000000000000000 ) ) ;
#1213 = VECTOR ( 'NONE', #6538, 1000.000000000000000 ) ;
#1214 = DIRECTION ( 'NONE',  ( 0.000000000000000000, 1.000000000000000000, 0.000000000000000000 ) ) ;
#1215 = ORIENTED_EDGE ( 'NONE', *, *, #1004, .F. ) ;
#1216 = DIRECTION ( 'NONE',  ( -1.070816960479510993E-16, 1.000000000000000000, 0.000000000000000000 ) ) ;
#1217 = CARTESIAN_POINT ( 'NONE',  ( 2.024999999999999467, 0.9500000000000001776, 0.4999999999999995559 ) ) ;
#1218 = AXIS2_PLACEMENT_3D ( 'NONE', #1786, #2489, #7158 ) ;
#1219 = DIRECTION ( 'NONE',  ( -0.000000000000000000, -0.000000000000000000, 1.000000000000000000 ) ) ;
#1220 = LINE ( 'NONE', #5783, #6098 ) ;
#1221 = CIRCLE ( 'NONE', #6035, 0.1000000000000000472 ) ;
#1222 = EDGE_CURVE ( 'NONE', #5987, #3217, #1232, .T. ) ;
#1223 = ORIENTED_EDGE ( 'NONE', *, *, #5760, .F. ) ;
#1224 = CARTESIAN_POINT ( 'NONE',  ( 2.275000000000003908, -0.9578422717728219959, 1.199999999999999734 ) ) ;
#1225 = ORIENTED_EDGE ( 'NONE', *, *, #1062, .F. ) ;
#1226 = DIRECTION ( 'NONE',  ( -2.081668171172165989E-14, 0.000000000000000000, -1.000000000000000000 ) ) ;
#1227 = ADVANCED_FACE ( 'NONE', ( #5180 ), #8498, .T. ) ;
#1228 = PRESENTATION_LAYER_ASSIGNMENT (  '', '', ( #3556 ) ) ;
#1229 = CARTESIAN_POINT ( 'NONE',  ( -1.499999999999999778, -0.8250000000000002887, 0.2000000000000000111 ) ) ;
#1230 = AXIS2_PLACEMENT_3D ( 'NONE', #7541, #172, #4265 ) ;
#1231 = LINE ( 'NONE', #3808, #5463 ) ;
#1232 = LINE ( 'NONE', #7211, #3531 ) ;
#1233 = UNCERTAINTY_MEASURE_WITH_UNIT (LENGTH_MEASURE( 1.000000000000000082E-05 ), #4454, 'distance_accuracy_value', 'NONE');
#1234 = LINE ( 'NONE', #3851, #2937 ) ;
#1235 = EDGE_CURVE ( 'NONE', #5794, #4874, #6142, .T. ) ;
#1236 = ORIENTED_EDGE ( 'NONE', *, *, #3168, .T. ) ;
#1237 = EDGE_CURVE ( 'NONE', #771, #1420, #4415, .T. ) ;
#1238 = EDGE_CURVE ( 'NONE', #5555, #4288, #7111, .T. ) ;
#1239 = COLOUR_RGB ( '',0.8509803921568627194, 0.8509803921568627194, 0.8509803921568627194 ) ;
#1240 = EDGE_LOOP ( 'NONE', ( #4475, #3530, #4157, #8409 ) ) ;
#1241 = CARTESIAN_POINT ( 'NONE',  ( -0.8999999999999989120, 1.149999999999999911, 1.399999999999999689 ) ) ;
#1242 = EDGE_CURVE ( 'NONE', #1523, #8507, #574, .T. ) ;
#1243 = CARTESIAN_POINT ( 'NONE',  ( 1.343228088337756167E-16, -1.150000000000000355, -1.884924567824053539E-30 ) ) ;
#1244 = UNCERTAINTY_MEASURE_WITH_UNIT (LENGTH_MEASURE( 1.000000000000000082E-05 ), #7069, 'distance_accuracy_value', 'NONE');
#1245 = DIRECTION ( 'NONE',  ( -1.000000000000000000, 0.000000000000000000, 0.000000000000000000 ) ) ;
#1246 = CARTESIAN_POINT ( 'NONE',  ( -2.274999999999994138, 0.9499999999999997335, 1.650000000000001021 ) ) ;
#1247 = LINE ( 'NONE', #411, #2147 ) ;
#1248 = CARTESIAN_POINT ( 'NONE',  ( -1.574999999999999289, 1.249999999999999778, 1.199999999999999512 ) ) ;
#1249 = EDGE_LOOP ( 'NONE', ( #5648, #2322, #1389, #2030 ) ) ;
#1250 = VERTEX_POINT ( 'NONE', #3754 ) ;
#1251 = LINE ( 'NONE', #2825, #8562 ) ;
#1252 = DIRECTION ( 'NONE',  ( 1.000000000000000000, 0.000000000000000000, 0.000000000000000000 ) ) ;
#1253 = VECTOR ( 'NONE', #1307, 1000.000000000000000 ) ;
#1254 = EDGE_LOOP ( 'NONE', ( #161, #1338, #8223, #1687 ) ) ;
#1255 = SURFACE_STYLE_FILL_AREA ( #7956 ) ;
#1256 = CARTESIAN_POINT ( 'NONE',  ( 0.8499999999999998668, 2.250000000000000444, 1.249999999999999556 ) ) ;
#1257 =( NAMED_UNIT ( * ) SI_UNIT ( $, .STERADIAN. ) SOLID_ANGLE_UNIT ( ) );
#1258 = DIRECTION ( 'NONE',  ( -1.000000000000000000, -1.070816960479511117E-16, 0.000000000000000000 ) ) ;
#1259 = ADVANCED_FACE ( 'NONE', ( #6396 ), #3252, .T. ) ;
#1260 = FILL_AREA_STYLE ('',( #7190 ) ) ;
#1261 = FACE_OUTER_BOUND ( 'NONE', #8158, .T. ) ;
#1262 = VECTOR ( 'NONE', #5028, 1000.000000000000000 ) ;
#1263 = PLANE ( 'NONE',  #8277 ) ;
#1264 = CARTESIAN_POINT ( 'NONE',  ( -1.000000000000000000, 0.9499999999999998446, 0.5000000000000003331 ) ) ;
#1265 = SURFACE_STYLE_FILL_AREA ( #5782 ) ;
#1266 =( NAMED_UNIT ( * ) PLANE_ANGLE_UNIT ( ) SI_UNIT ( $, .RADIAN. ) );
#1267 = AXIS2_PLACEMENT_3D ( 'NONE', #4359, #4861, #2344 ) ;
#1268 = ORIENTED_EDGE ( 'NONE', *, *, #6287, .F. ) ;
#1269 = CARTESIAN_POINT ( 'NONE',  ( -1.574999999999999289, 1.249999999999999778, 0.5999999999999994227 ) ) ;
#1270 = SURFACE_STYLE_FILL_AREA ( #3890 ) ;
#1271 = ORIENTED_EDGE ( 'NONE', *, *, #3647, .T. ) ;
#1272 =( LENGTH_UNIT ( ) NAMED_UNIT ( * ) SI_UNIT ( .MILLI., .METRE. ) );
#1273 = MECHANICAL_DESIGN_GEOMETRIC_PRESENTATION_REPRESENTATION (  '', ( #2227 ), #10 ) ;
#1274 = DIRECTION ( 'NONE',  ( 1.000000000000000000, 8.340016711426956274E-16, -0.000000000000000000 ) ) ;
#1275 = DIRECTION ( 'NONE',  ( 1.000000000000000000, 1.070816960479510993E-16, -0.000000000000000000 ) ) ;
#1276 = PLANE ( 'NONE',  #303 ) ;
#1277 = ORIENTED_EDGE ( 'NONE', *, *, #1481, .F. ) ;
#1278 = AXIS2_PLACEMENT_3D ( 'NONE', #6743, #6121, #5994 ) ;
#1279 = VERTEX_POINT ( 'NONE', #1832 ) ;
#1280 = FACE_BOUND ( 'NONE', #445, .T. ) ;
#1281 = SURFACE_SIDE_STYLE ('',( #7221 ) ) ;
#1282 = UNCERTAINTY_MEASURE_WITH_UNIT (LENGTH_MEASURE( 1.000000000000000082E-05 ), #8449, 'distance_accuracy_value', 'NONE');
#1283 =( NAMED_UNIT ( * ) SI_UNIT ( $, .STERADIAN. ) SOLID_ANGLE_UNIT ( ) );
#1284 = EDGE_CURVE ( 'NONE', #8499, #2278, #4706, .T. ) ;
#1285 = FACE_OUTER_BOUND ( 'NONE', #2275, .T. ) ;
#1286 = LINE ( 'NONE', #5395, #2833 ) ;
#1287 = FILL_AREA_STYLE_COLOUR ( '', #760 ) ;
#1288 = CIRCLE ( 'NONE', #6795, 0.1000000000000000472 ) ;
#1289 = SURFACE_SIDE_STYLE ('',( #4571 ) ) ;
#1290 = PRESENTATION_STYLE_ASSIGNMENT (( #6939 ) ) ;
#1291 = ORIENTED_EDGE ( 'NONE', *, *, #6842, .F. ) ;
#1292 = UNCERTAINTY_MEASURE_WITH_UNIT (LENGTH_MEASURE( 1.000000000000000082E-05 ), #785, 'distance_accuracy_value', 'NONE');
#1293 = ORIENTED_EDGE ( 'NONE', *, *, #1456, .F. ) ;
#1294 = STYLED_ITEM ( 'NONE', ( #4258 ), #4013 ) ;
#1295 = CARTESIAN_POINT ( 'NONE',  ( 2.075000000000000178, 0.9000000000000000222, 1.800000000000000044 ) ) ;
#1296 =( LENGTH_UNIT ( ) NAMED_UNIT ( * ) SI_UNIT ( .MILLI., .METRE. ) );
#1297 = CARTESIAN_POINT ( 'NONE',  ( 1.899999999999999689, -0.7750000000000003553, 0.2000000000000000111 ) ) ;
#1298 = PRESENTATION_STYLE_ASSIGNMENT (( #7241 ) ) ;
#1299 = PRESENTATION_STYLE_ASSIGNMENT (( #5079 ) ) ;
#1300 = AXIS2_PLACEMENT_3D ( 'NONE', #1157, #7819, #6425 ) ;
#1301 = UNCERTAINTY_MEASURE_WITH_UNIT (LENGTH_MEASURE( 1.000000000000000082E-05 ), #3275, 'distance_accuracy_value', 'NONE');
#1302 = PLANE ( 'NONE',  #6044 ) ;
#1303 = PLANE ( 'NONE',  #3389 ) ;
#1304 = CARTESIAN_POINT ( 'NONE',  ( 1.774999999999999245, 1.150000000000000133, 0.4999999999999994449 ) ) ;
#1305 = AXIS2_PLACEMENT_3D ( 'NONE', #6938, #5622, #1076 ) ;
#1306 =( NAMED_UNIT ( * ) SI_UNIT ( $, .STERADIAN. ) SOLID_ANGLE_UNIT ( ) );
#1307 = DIRECTION ( 'NONE',  ( -1.000000000000000000, -9.531447670202286736E-17, 0.000000000000000000 ) ) ;
#1308 = CARTESIAN_POINT ( 'NONE',  ( 1.499999999999999778, -1.325000000000000178, 0.1499999999999895861 ) ) ;
#1309 = DIRECTION ( 'NONE',  ( 1.000000000000000000, 1.070816960479511117E-16, -2.081668171172165989E-14 ) ) ;
#1310 = UNCERTAINTY_MEASURE_WITH_UNIT (LENGTH_MEASURE( 1.000000000000000082E-05 ), #8369, 'distance_accuracy_value', 'NONE');
#1311 = DIRECTION ( 'NONE',  ( 1.000000000000000000, 0.000000000000000000, 0.000000000000000000 ) ) ;
#1312 = AXIS2_PLACEMENT_3D ( 'NONE', #7857, #4718, #2105 ) ;
#1313 = AXIS2_PLACEMENT_3D ( 'NONE', #1913, #1780, #4404 ) ;
#1314 = FILL_AREA_STYLE_COLOUR ( '', #5296 ) ;
#1315 =( NAMED_UNIT ( * ) PLANE_ANGLE_UNIT ( ) SI_UNIT ( $, .RADIAN. ) );
#1316 = PRESENTATION_STYLE_ASSIGNMENT (( #1362 ) ) ;
#1317 = VERTEX_POINT ( 'NONE', #7256 ) ;
#1318 = VECTOR ( 'NONE', #2799, 1000.000000000000000 ) ;
#1319 = MECHANICAL_DESIGN_GEOMETRIC_PRESENTATION_REPRESENTATION (  '', ( #8400 ), #5711 ) ;
#1320 = FILL_AREA_STYLE ('',( #4675 ) ) ;
#1321 = PRESENTATION_STYLE_ASSIGNMENT (( #4597 ) ) ;
#1322 = SURFACE_SIDE_STYLE ('',( #3304 ) ) ;
#1323 = PRESENTATION_LAYER_ASSIGNMENT (  '', '', ( #202 ) ) ;
#1324 =( NAMED_UNIT ( * ) SI_UNIT ( $, .STERADIAN. ) SOLID_ANGLE_UNIT ( ) );
#1325 = FILL_AREA_STYLE_COLOUR ( '', #1650 ) ;
#1326 = VECTOR ( 'NONE', #4164, 1000.000000000000000 ) ;
#1327 = VERTEX_POINT ( 'NONE', #7936 ) ;
#1329 = CARTESIAN_POINT ( 'NONE',  ( -2.274999999999987477, -1.150000000000000355, 1.799999999999999822 ) ) ;
#1328 = VECTOR ( 'NONE', #6794, 1000.000000000000000 ) ;
#1330 = EDGE_CURVE ( 'NONE', #5102, #3678, #6553, .T. ) ;
#1331 = AXIS2_PLACEMENT_3D ( 'NONE', #4760, #1010, #2830 ) ;
#1332 = SURFACE_STYLE_USAGE ( .BOTH. , #6590 ) ;
#1333 = ADVANCED_FACE ( 'NONE', ( #5256 ), #4628, .F. ) ;
#1334 = LINE ( 'NONE', #2670, #1746 ) ;
#1335 = ORIENTED_EDGE ( 'NONE', *, *, #7807, .F. ) ;
#1336 = CARTESIAN_POINT ( 'NONE',  ( -1.574999999999999289, 1.249999999999999778, 0.5999999999999994227 ) ) ;
#1337 = AXIS2_PLACEMENT_3D ( 'NONE', #2045, #7489, #5995 ) ;
#1338 = ORIENTED_EDGE ( 'NONE', *, *, #2080, .T. ) ;
#1339 = FACE_OUTER_BOUND ( 'NONE', #4360, .T. ) ;
#1340 = COLOUR_RGB ( '',0.8509803921568627194, 0.8509803921568627194, 0.8509803921568627194 ) ;
#1341 = EDGE_CURVE ( 'NONE', #5102, #5616, #5385, .T. ) ;
#1342 = ADVANCED_FACE ( 'NONE', ( #7375 ), #5299, .T. ) ;
#1343 =( NAMED_UNIT ( * ) SI_UNIT ( $, .STERADIAN. ) SOLID_ANGLE_UNIT ( ) );
#1344 = EDGE_CURVE ( 'NONE', #5162, #6869, #3792, .T. ) ;
#1345 = DIRECTION ( 'NONE',  ( -1.000000000000000000, 0.000000000000000000, 0.000000000000000000 ) ) ;
#1346 = VERTEX_POINT ( 'NONE', #876 ) ;
#1347 = PLANE ( 'NONE',  #7000 ) ;
#1348 = COLOUR_RGB ( '',0.2235294117647058654, 0.2235294117647058654, 0.2235294117647058654 ) ;
#1349 = PRESENTATION_STYLE_ASSIGNMENT (( #5246 ) ) ;
#1350 = PLANE ( 'NONE',  #6958 ) ;
#1351 =( NAMED_UNIT ( * ) PLANE_ANGLE_UNIT ( ) SI_UNIT ( $, .RADIAN. ) );
#1352 = LINE ( 'NONE', #4775, #1844 ) ;
#1353 = VECTOR ( 'NONE', #3265, 1000.000000000000000 ) ;
#1354 = MECHANICAL_DESIGN_GEOMETRIC_PRESENTATION_REPRESENTATION (  '', ( #4646 ), #3683 ) ;
#1355 = FILL_AREA_STYLE_COLOUR ( '', #7050 ) ;
#1356 = FACE_OUTER_BOUND ( 'NONE', #7727, .T. ) ;
#1357 =( NAMED_UNIT ( * ) SI_UNIT ( $, .STERADIAN. ) SOLID_ANGLE_UNIT ( ) );
#1358 = DIRECTION ( 'NONE',  ( -1.000000000000000000, 0.000000000000000000, 0.000000000000000000 ) ) ;
#1359 = DIRECTION ( 'NONE',  ( -1.000000000000000000, -1.070816960479511117E-16, 2.081668171172165989E-14 ) ) ;
#1360 = FACE_OUTER_BOUND ( 'NONE', #1466, .T. ) ;
#1361 =( NAMED_UNIT ( * ) SI_UNIT ( $, .STERADIAN. ) SOLID_ANGLE_UNIT ( ) );
#1362 = SURFACE_STYLE_USAGE ( .BOTH. , #8373 ) ;
#1363 = VECTOR ( 'NONE', #6429, 1000.000000000000000 ) ;
#1364 = EDGE_CURVE ( 'NONE', #5816, #2070, #7405, .T. ) ;
#1365 = COLOUR_RGB ( '',0.8509803921568627194, 0.8509803921568627194, 0.8509803921568627194 ) ;
#1366 = CARTESIAN_POINT ( 'NONE',  ( -1.774999999999999467, 0.9499999999999997335, 1.299999999999999600 ) ) ;
#1367 = FILL_AREA_STYLE ('',( #7978 ) ) ;
#1368 = DIRECTION ( 'NONE',  ( -3.614007241618347785E-16, 0.000000000000000000, -1.000000000000000000 ) ) ;
#1369 = CARTESIAN_POINT ( 'NONE',  ( 2.024999999999999467, 0.3799999999999988387, 0.5000000000000000000 ) ) ;
#1370 = MECHANICAL_DESIGN_GEOMETRIC_PRESENTATION_REPRESENTATION (  '', ( #7169 ), #4534 ) ;
#1371 = CARTESIAN_POINT ( 'NONE',  ( -0.9500000000000005107, 2.350000000000000089, 0.5499999999999997113 ) ) ;
#1372 = ORIENTED_EDGE ( 'NONE', *, *, #775, .T. ) ;
#1373 = DIRECTION ( 'NONE',  ( -2.096124200138642642E-14, 0.000000000000000000, 1.000000000000000000 ) ) ;
#1374 = APPLICATION_PROTOCOL_DEFINITION ( 'draft international standard', 'automotive_design', 1998, #2649 ) ;
#1375 = PRESENTATION_STYLE_ASSIGNMENT (( #6719 ) ) ;
#1376 = MECHANICAL_DESIGN_GEOMETRIC_PRESENTATION_REPRESENTATION (  '', ( #2750 ), #4672 ) ;
#1377 = SURFACE_STYLE_USAGE ( .BOTH. , #7312 ) ;
#1378 = ORIENTED_EDGE ( 'NONE', *, *, #3293, .T. ) ;
#1379 = ADVANCED_FACE ( 'NONE', ( #7492 ), #1645, .F. ) ;
#1380 = CYLINDRICAL_SURFACE ( 'NONE', #4214, 0.1000000000000000472 ) ;
#1381 = ORIENTED_EDGE ( 'NONE', *, *, #6889, .F. ) ;
#1382 =( NAMED_UNIT ( * ) PLANE_ANGLE_UNIT ( ) SI_UNIT ( $, .RADIAN. ) );
#1383 = STYLED_ITEM ( 'NONE', ( #1894 ), #5262 ) ;
#1384 = DIRECTION ( 'NONE',  ( 1.000000000000000000, 0.000000000000000000, -4.818676322157802305E-16 ) ) ;
#1385 = LINE ( 'NONE', #738, #6971 ) ;
#1386 = DIRECTION ( 'NONE',  ( 1.000000000000000000, -1.070816960479510993E-16, 2.081668171172165989E-14 ) ) ;
#1387 = ORIENTED_EDGE ( 'NONE', *, *, #4320, .T. ) ;
#1388 =( NAMED_UNIT ( * ) PLANE_ANGLE_UNIT ( ) SI_UNIT ( $, .RADIAN. ) );
#1389 = ORIENTED_EDGE ( 'NONE', *, *, #8542, .T. ) ;
#1390 = UNCERTAINTY_MEASURE_WITH_UNIT (LENGTH_MEASURE( 1.000000000000000082E-05 ), #6066, 'distance_accuracy_value', 'NONE');
#1391 = VECTOR ( 'NONE', #7792, 1000.000000000000000 ) ;
#1392 = DIRECTION ( 'NONE',  ( -1.000000000000000000, 0.000000000000000000, 0.000000000000000000 ) ) ;
#1393 =( LENGTH_UNIT ( ) NAMED_UNIT ( * ) SI_UNIT ( .MILLI., .METRE. ) );
#1394 =( NAMED_UNIT ( * ) SI_UNIT ( $, .STERADIAN. ) SOLID_ANGLE_UNIT ( ) );
#1395 = SURFACE_SIDE_STYLE ('',( #2120 ) ) ;
#1396 = ADVANCED_FACE ( 'NONE', ( #6086 ), #4822, .F. ) ;
#1397 = AXIS2_PLACEMENT_3D ( 'NONE', #6339, #3199, #8386 ) ;
#1398 = DIRECTION ( 'NONE',  ( 1.000000000000000000, -0.000000000000000000, -0.000000000000000000 ) ) ;
#1399 = DIRECTION ( 'NONE',  ( -1.070816960479511117E-16, 1.000000000000000000, -0.000000000000000000 ) ) ;
#1400 =( NAMED_UNIT ( * ) PLANE_ANGLE_UNIT ( ) SI_UNIT ( $, .RADIAN. ) );
#1401 = SURFACE_SIDE_STYLE ('',( #7339 ) ) ;
#1402 = AXIS2_PLACEMENT_3D ( 'NONE', #3399, #5401, #2027 ) ;
#1403 = FILL_AREA_STYLE ('',( #5303 ) ) ;
#1404 = ORIENTED_EDGE ( 'NONE', *, *, #1031, .F. ) ;
#1405 = MECHANICAL_DESIGN_GEOMETRIC_PRESENTATION_REPRESENTATION (  '', ( #4275 ), #7634 ) ;
#1406 =( LENGTH_UNIT ( ) NAMED_UNIT ( * ) SI_UNIT ( .MILLI., .METRE. ) );
#1407 = CARTESIAN_POINT ( 'NONE',  ( -0.8999999999999991340, 1.149999999999999911, 0.3999999999999995226 ) ) ;
#1408 = PRESENTATION_STYLE_ASSIGNMENT (( #5391 ) ) ;
#1409 = ADVANCED_FACE ( 'NONE', ( #3544 ), #6172, .T. ) ;
#1410 = CARTESIAN_POINT ( 'NONE',  ( 1.000000000000000000, 0.3799999999999990608, 0.5000000000000003331 ) ) ;
#1411 = SURFACE_SIDE_STYLE ('',( #4794 ) ) ;
#1412 = COLOUR_RGB ( '',0.8431372549019607865, 0.8156862745098039102, 0.7529411764705882248 ) ;
#1413 = SURFACE_STYLE_FILL_AREA ( #1454 ) ;
#1414 = CARTESIAN_POINT ( 'NONE',  ( 0.6989513836793942447, -1.149999999999999911, 1.299999999999997380 ) ) ;
#1415 = STYLED_ITEM ( 'NONE', ( #2749 ), #3473 ) ;
#1416 = ORIENTED_EDGE ( 'NONE', *, *, #4161, .F. ) ;
#1417 = ORIENTED_EDGE ( 'NONE', *, *, #4387, .T. ) ;
#1418 = CARTESIAN_POINT ( 'NONE',  ( -0.5500000000000001554, 0.2499999999999997780, -0.4000000000000000222 ) ) ;
#1419 = ORIENTED_EDGE ( 'NONE', *, *, #3476, .T. ) ;
#1420 = VERTEX_POINT ( 'NONE', #6384 ) ;
#1421 =( LENGTH_UNIT ( ) NAMED_UNIT ( * ) SI_UNIT ( .MILLI., .METRE. ) );
#1422 = ORIENTED_EDGE ( 'NONE', *, *, #6178, .T. ) ;
#1423 = PRESENTATION_STYLE_ASSIGNMENT (( #7364 ) ) ;
#1424 = STYLED_ITEM ( 'NONE', ( #3373 ), #3750 ) ;
#1425 = DIRECTION ( 'NONE',  ( 0.000000000000000000, 1.000000000000000000, -6.862039066364035213E-17 ) ) ;
#1426 =( LENGTH_UNIT ( ) NAMED_UNIT ( * ) SI_UNIT ( .MILLI., .METRE. ) );
#1427 = SURFACE_STYLE_USAGE ( .BOTH. , #1395 ) ;
#1428 = EDGE_LOOP ( 'NONE', ( #6613, #2627, #363, #7800 ) ) ;
#1429 = FACE_OUTER_BOUND ( 'NONE', #6028, .T. ) ;
#1430 = VECTOR ( 'NONE', #7926, 1000.000000000000000 ) ;
#1431 = ORIENTED_EDGE ( 'NONE', *, *, #593, .F. ) ;
#1432 = FACE_OUTER_BOUND ( 'NONE', #3502, .T. ) ;
#1433 = EDGE_CURVE ( 'NONE', #4874, #1009, #8486, .T. ) ;
#1434 =( LENGTH_UNIT ( ) NAMED_UNIT ( * ) SI_UNIT ( .MILLI., .METRE. ) );
#1435 = CARTESIAN_POINT ( 'NONE',  ( 2.175000000000000266, 0.9500000000000001776, 1.399999999999998357 ) ) ;
#1436 = VECTOR ( 'NONE', #4769, 1000.000000000000000 ) ;
#1437 = COLOUR_RGB ( '',0.8431372549019607865, 0.8156862745098039102, 0.7529411764705882248 ) ;
#1438 = DIRECTION ( 'NONE',  ( -1.000000000000000000, 0.000000000000000000, 0.000000000000000000 ) ) ;
#1439 = VERTEX_POINT ( 'NONE', #1821 ) ;
#1440 = EDGE_CURVE ( 'NONE', #7763, #7517, #2430, .T. ) ;
#1441 = ORIENTED_EDGE ( 'NONE', *, *, #8095, .T. ) ;
#1442 = EDGE_CURVE ( 'NONE', #7670, #4396, #8440, .T. ) ;
#1443 = EDGE_CURVE ( 'NONE', #5020, #2551, #7052, .T. ) ;
#1444 = CIRCLE ( 'NONE', #6675, 0.2000000000000051459 ) ;
#1445 = VECTOR ( 'NONE', #4990, 1000.000000000000000 ) ;
#1446 =( NAMED_UNIT ( * ) SI_UNIT ( $, .STERADIAN. ) SOLID_ANGLE_UNIT ( ) );
#1447 = DIRECTION ( 'NONE',  ( 0.000000000000000000, 0.000000000000000000, 1.000000000000000000 ) ) ;
#1448 = DIRECTION ( 'NONE',  ( 1.000000000000000000, 0.000000000000000000, 0.000000000000000000 ) ) ;
#1449 = DIRECTION ( 'NONE',  ( 1.000000000000000000, 0.000000000000000000, 0.000000000000000000 ) ) ;
#1450 = PRESENTATION_LAYER_ASSIGNMENT (  '', '', ( #4473 ) ) ;
#1451 =( GEOMETRIC_REPRESENTATION_CONTEXT ( 3 ) GLOBAL_UNCERTAINTY_ASSIGNED_CONTEXT ( ( #6667 ) ) GLOBAL_UNIT_ASSIGNED_CONTEXT ( ( #3563, #1537, #3518 ) ) REPRESENTATION_CONTEXT ( 'NONE', 'WORKASPACE' ) );
#1452 = PRESENTATION_STYLE_ASSIGNMENT (( #3946 ) ) ;
#1453 = DIRECTION ( 'NONE',  ( 0.000000000000000000, 0.000000000000000000, -1.000000000000000000 ) ) ;
#1454 = FILL_AREA_STYLE ('',( #641 ) ) ;
#1455 = LINE ( 'NONE', #7392, #4614 ) ;
#1456 = EDGE_CURVE ( 'NONE', #1009, #4825, #6832, .T. ) ;
#1457 = COLOUR_RGB ( '',0.8509803921568627194, 0.8509803921568627194, 0.8509803921568627194 ) ;
#1458 = STYLED_ITEM ( 'NONE', ( #5064 ), #6069 ) ;
#1459 = FILL_AREA_STYLE ('',( #6099 ) ) ;
#1460 = SURFACE_SIDE_STYLE ('',( #2759 ) ) ;
#1461 = FACE_OUTER_BOUND ( 'NONE', #4392, .T. ) ;
#1462 = ORIENTED_EDGE ( 'NONE', *, *, #2476, .T. ) ;
#1463 = LINE ( 'NONE', #2112, #4865 ) ;
#1464 = CARTESIAN_POINT ( 'NONE',  ( -1.774999999999999467, 1.349999999999999867, 1.199999999999999512 ) ) ;
#1465 = EDGE_CURVE ( 'NONE', #1766, #1916, #3709, .T. ) ;
#1466 = EDGE_LOOP ( 'NONE', ( #6289, #4053, #1836, #5606 ) ) ;
#1467 = ORIENTED_EDGE ( 'NONE', *, *, #5905, .F. ) ;
#1468 = VECTOR ( 'NONE', #6528, 1000.000000000000000 ) ;
#1469 = VECTOR ( 'NONE', #2262, 1000.000000000000000 ) ;
#1470 = ORIENTED_EDGE ( 'NONE', *, *, #4855, .T. ) ;
#1471 = MECHANICAL_DESIGN_GEOMETRIC_PRESENTATION_REPRESENTATION (  '', ( #7147 ), #6010 ) ;
#1472 = PRESENTATION_STYLE_ASSIGNMENT (( #3448 ) ) ;
#1474 = MECHANICAL_DESIGN_GEOMETRIC_PRESENTATION_REPRESENTATION (  '', ( #5182 ), #5878 ) ;
#1473 = DIRECTION ( 'NONE',  ( -1.070816960479510993E-16, 1.000000000000000000, 2.244565344780007825E-30 ) ) ;
#1475 = STYLED_ITEM ( 'NONE', ( #4152 ), #1963 ) ;
#1476 = ORIENTED_EDGE ( 'NONE', *, *, #5167, .T. ) ;
#1477 =( LENGTH_UNIT ( ) NAMED_UNIT ( * ) SI_UNIT ( .MILLI., .METRE. ) );
#1478 = UNCERTAINTY_MEASURE_WITH_UNIT (LENGTH_MEASURE( 1.000000000000000082E-05 ), #7476, 'distance_accuracy_value', 'NONE');
#1479 = AXIS2_PLACEMENT_3D ( 'NONE', #3561, #8332, #3686 ) ;
#1480 = PLANE ( 'NONE',  #5978 ) ;
#1481 = EDGE_CURVE ( 'NONE', #3164, #4304, #6434, .T. ) ;
#1482 = SURFACE_STYLE_FILL_AREA ( #2781 ) ;
#1483 = VERTEX_POINT ( 'NONE', #5686 ) ;
#1484 = VERTEX_POINT ( 'NONE', #5081 ) ;
#1485 = ORIENTED_EDGE ( 'NONE', *, *, #6503, .F. ) ;
#1486 = PRESENTATION_STYLE_ASSIGNMENT (( #8229 ) ) ;
#1487 = CYLINDRICAL_SURFACE ( 'NONE', #7949, 0.1000000000000000472 ) ;
#1488 = DIRECTION ( 'NONE',  ( -1.070816960479510993E-16, 1.000000000000000000, 2.229085583781521019E-30 ) ) ;
#1489 = EDGE_CURVE ( 'NONE', #1317, #6271, #6420, .T. ) ;
#1490 = EDGE_CURVE ( 'NONE', #6587, #361, #7876, .T. ) ;
#1491 = CARTESIAN_POINT ( 'NONE',  ( 1.899999999999999689, -1.325000000000000178, 0.1499999999999895861 ) ) ;
#1492 =( GEOMETRIC_REPRESENTATION_CONTEXT ( 3 ) GLOBAL_UNCERTAINTY_ASSIGNED_CONTEXT ( ( #2954 ) ) GLOBAL_UNIT_ASSIGNED_CONTEXT ( ( #1727, #5588, #342 ) ) REPRESENTATION_CONTEXT ( 'NONE', 'WORKASPACE' ) );
#1493 = PRESENTATION_STYLE_ASSIGNMENT (( #4190 ) ) ;
#1494 = EDGE_CURVE ( 'NONE', #3113, #4016, #471, .T. ) ;
#1495 = SURFACE_STYLE_FILL_AREA ( #5933 ) ;
#1496 = STYLED_ITEM ( 'NONE', ( #1298 ), #8520 ) ;
#1497 = MECHANICAL_DESIGN_GEOMETRIC_PRESENTATION_REPRESENTATION (  '', ( #3153 ), #8604 ) ;
#1498 = FILL_AREA_STYLE ('',( #7432 ) ) ;
#1499 = DIRECTION ( 'NONE',  ( -1.000000000000000000, 0.000000000000000000, 0.000000000000000000 ) ) ;
#1500 = ORIENTED_EDGE ( 'NONE', *, *, #1828, .F. ) ;
#1501 = PRESENTATION_LAYER_ASSIGNMENT (  '', '', ( #6877 ) ) ;
#1502 = ORIENTED_EDGE ( 'NONE', *, *, #1923, .F. ) ;
#1503 =( LENGTH_UNIT ( ) NAMED_UNIT ( * ) SI_UNIT ( .MILLI., .METRE. ) );
#1504 = VERTEX_POINT ( 'NONE', #7684 ) ;
#1505 = SURFACE_SIDE_STYLE ('',( #3534 ) ) ;
#1506 = CARTESIAN_POINT ( 'NONE',  ( 2.074999999999998401, 0.9500000000000001776, 1.299999999999998934 ) ) ;
#1508 = VECTOR ( 'NONE', #623, 1000.000000000000000 ) ;
#1507 = STYLED_ITEM ( 'NONE', ( #2676 ), #5062 ) ;
#1509 = EDGE_CURVE ( 'NONE', #4773, #7809, #1190, .T. ) ;
#1510 = ORIENTED_EDGE ( 'NONE', *, *, #4952, .T. ) ;
#1511 = LINE ( 'NONE', #291, #5832 ) ;
#1512 = PRESENTATION_STYLE_ASSIGNMENT (( #7334 ) ) ;
#1513 =( NAMED_UNIT ( * ) PLANE_ANGLE_UNIT ( ) SI_UNIT ( $, .RADIAN. ) );
#1514 = VERTEX_POINT ( 'NONE', #5738 ) ;
#1515 = FACE_OUTER_BOUND ( 'NONE', #1113, .T. ) ;
#1516 = VECTOR ( 'NONE', #7230, 1000.000000000000000 ) ;
#1517 = SURFACE_STYLE_FILL_AREA ( #836 ) ;
#1518 = CARTESIAN_POINT ( 'NONE',  ( 0.8000000000000038192, 0.3799999999999990608, 1.849999999999999423 ) ) ;
#1519 = CARTESIAN_POINT ( 'NONE',  ( -1.899999999999999689, -0.7750000000000003553, 0.2000000000000000111 ) ) ;
#1520 = FILL_AREA_STYLE_COLOUR ( '', #448 ) ;
#1521 = ORIENTED_EDGE ( 'NONE', *, *, #4370, .F. ) ;
#1522 = ORIENTED_EDGE ( 'NONE', *, *, #7987, .T. ) ;
#1523 = VERTEX_POINT ( 'NONE', #2484 ) ;
#1524 = CARTESIAN_POINT ( 'NONE',  ( 1.899999999999999689, -1.149999999999999911, 0.5999999999999999778 ) ) ;
#1525 = VECTOR ( 'NONE', #2477, 1000.000000000000000 ) ;
#1526 = DIRECTION ( 'NONE',  ( -1.000000000000000000, -1.070816960479510993E-16, 2.081668171172165989E-14 ) ) ;
#1527 = SURFACE_STYLE_FILL_AREA ( #4679 ) ;
#1528 = PRESENTATION_STYLE_ASSIGNMENT (( #4757 ) ) ;
#1529 = PRESENTATION_LAYER_ASSIGNMENT (  '', '', ( #4275 ) ) ;
#1530 = SURFACE_STYLE_USAGE ( .BOTH. , #7465 ) ;
#1531 = ORIENTED_EDGE ( 'NONE', *, *, #8046, .T. ) ;
#1532 = DIRECTION ( 'NONE',  ( 0.000000000000000000, 1.000000000000000000, 0.000000000000000000 ) ) ;
#1533 = LINE ( 'NONE', #2949, #8536 ) ;
#1534 =( NAMED_UNIT ( * ) PLANE_ANGLE_UNIT ( ) SI_UNIT ( $, .RADIAN. ) );
#1535 = EDGE_CURVE ( 'NONE', #943, #8611, #521, .T. ) ;
#1536 = VECTOR ( 'NONE', #2653, 1000.000000000000000 ) ;
#1537 =( NAMED_UNIT ( * ) PLANE_ANGLE_UNIT ( ) SI_UNIT ( $, .RADIAN. ) );
#1538 = PRESENTATION_STYLE_ASSIGNMENT (( #7475 ) ) ;
#1539 = FILL_AREA_STYLE ('',( #898 ) ) ;
#1540 =( NAMED_UNIT ( * ) PLANE_ANGLE_UNIT ( ) SI_UNIT ( $, .RADIAN. ) );
#1541 = EDGE_LOOP ( 'NONE', ( #1926, #7962, #4854, #6692 ) ) ;
#1542 = EDGE_CURVE ( 'NONE', #3655, #5236, #2075, .T. ) ;
#1543 = SURFACE_SIDE_STYLE ('',( #2197 ) ) ;
#1544 = LINE ( 'NONE', #4159, #1468 ) ;
#1545 = UNCERTAINTY_MEASURE_WITH_UNIT (LENGTH_MEASURE( 1.000000000000000082E-05 ), #8006, 'distance_accuracy_value', 'NONE');
#1546 = DIRECTION ( 'NONE',  ( 1.000000000000000000, 0.000000000000000000, 0.000000000000000000 ) ) ;
#1547 =( NAMED_UNIT ( * ) PLANE_ANGLE_UNIT ( ) SI_UNIT ( $, .RADIAN. ) );
#1548 = PRESENTATION_LAYER_ASSIGNMENT (  '', '', ( #1415 ) ) ;
#1549 = SURFACE_STYLE_FILL_AREA ( #2287 ) ;
#1550 = FILL_AREA_STYLE_COLOUR ( '', #2399 ) ;
#1551 = CARTESIAN_POINT ( 'NONE',  ( -0.7058717852661396952, -0.9578422717728223290, 0.4955507190333116041 ) ) ;
#1552 = FILL_AREA_STYLE ('',( #914 ) ) ;
#1553 = PRESENTATION_STYLE_ASSIGNMENT (( #1597 ) ) ;
#1554 = ORIENTED_EDGE ( 'NONE', *, *, #2866, .T. ) ;
#1555 =( GEOMETRIC_REPRESENTATION_CONTEXT ( 3 ) GLOBAL_UNCERTAINTY_ASSIGNED_CONTEXT ( ( #803 ) ) GLOBAL_UNIT_ASSIGNED_CONTEXT ( ( #7377, #3456, #6750 ) ) REPRESENTATION_CONTEXT ( 'NONE', 'WORKASPACE' ) );
#1556 = FACE_OUTER_BOUND ( 'NONE', #7058, .T. ) ;
#1557 = CARTESIAN_POINT ( 'NONE',  ( 1.874999999999998446, -1.149999999999999911, 0.5999999999999999778 ) ) ;
#1558 = CARTESIAN_POINT ( 'NONE',  ( 1.574999999999999512, 1.250000000000000000, 1.199999999999999512 ) ) ;
#1559 = DIRECTION ( 'NONE',  ( -1.070816960479511117E-16, 1.000000000000000000, -0.000000000000000000 ) ) ;
#1560 = VECTOR ( 'NONE', #4586, 1000.000000000000000 ) ;
#1561 = EDGE_LOOP ( 'NONE', ( #3401, #8480, #2111, #7192, #3447, #4623, #7446, #7380 ) ) ;
#1562 = EDGE_LOOP ( 'NONE', ( #5145, #1500, #5752, #8184 ) ) ;
#1563 = VERTEX_POINT ( 'NONE', #28 ) ;
#1564 = LINE ( 'NONE', #7496, #8272 ) ;
#1565 = STYLED_ITEM ( 'NONE', ( #2602 ), #2612 ) ;
#1566 = UNCERTAINTY_MEASURE_WITH_UNIT (LENGTH_MEASURE( 1.000000000000000082E-05 ), #398, 'distance_accuracy_value', 'NONE');
#1567 = ORIENTED_EDGE ( 'NONE', *, *, #1222, .T. ) ;
#1568 = TOROIDAL_SURFACE ( 'NONE', #1305, 0.1999999999999997613, 0.1000000000000000056 ) ;
#1569 = LINE ( 'NONE', #6843, #7342 ) ;
#1570 = ORIENTED_EDGE ( 'NONE', *, *, #8398, .T. ) ;
#1571 = SURFACE_SIDE_STYLE ('',( #5558 ) ) ;
#1572 = STYLED_ITEM ( 'NONE', ( #2321 ), #8575 ) ;
#1573 = SURFACE_SIDE_STYLE ('',( #279 ) ) ;
#1574 = LINE ( 'NONE', #317, #6714 ) ;
#1575 = AXIS2_PLACEMENT_3D ( 'NONE', #2876, #8331, #1701 ) ;
#1576 = SURFACE_STYLE_USAGE ( .BOTH. , #5247 ) ;
#1577 =( LENGTH_UNIT ( ) NAMED_UNIT ( * ) SI_UNIT ( .MILLI., .METRE. ) );
#1578 = DIRECTION ( 'NONE',  ( 1.000000000000000000, 5.421010862427526114E-16, -0.000000000000000000 ) ) ;
#1579 = CARTESIAN_POINT ( 'NONE',  ( -0.8999999999999999112, 1.149999999999999911, 0.4999999999999995559 ) ) ;
#1580 = MECHANICAL_DESIGN_GEOMETRIC_PRESENTATION_REPRESENTATION (  '', ( #4068 ), #1729 ) ;
#1581 = VERTEX_POINT ( 'NONE', #8577 ) ;
#1582 = DIRECTION ( 'NONE',  ( -1.070816960479510993E-16, 1.000000000000000000, -0.000000000000000000 ) ) ;
#1583 = STYLED_ITEM ( 'NONE', ( #387 ), #5660 ) ;
#1584 = ORIENTED_EDGE ( 'NONE', *, *, #5406, .F. ) ;
#1585 = DIRECTION ( 'NONE',  ( 1.000000000000000000, 1.084202172485504040E-15, -0.000000000000000000 ) ) ;
#1586 = SURFACE_SIDE_STYLE ('',( #2325 ) ) ;
#1587 = EDGE_LOOP ( 'NONE', ( #1025, #4084, #4591, #2671 ) ) ;
#1588 = STYLED_ITEM ( 'NONE', ( #2859 ), #1396 ) ;
#1589 = CARTESIAN_POINT ( 'NONE',  ( -0.8499999999999999778, 0.2499999999999997780, -0.4000000000000000222 ) ) ;
#1590 = EDGE_CURVE ( 'NONE', #7009, #2004, #2036, .T. ) ;
#1591 = ADVANCED_FACE ( 'NONE', ( #7285 ), #4000, .T. ) ;
#1592 = ORIENTED_EDGE ( 'NONE', *, *, #7644, .F. ) ;
#1593 = LINE ( 'NONE', #253, #7420 ) ;
#1594 = CARTESIAN_POINT ( 'NONE',  ( -2.274999999999998579, 0.8999999999999994671, 0.4999999999999987232 ) ) ;
#1595 = CARTESIAN_POINT ( 'NONE',  ( -0.7999999999999962697, 0.3799999999999990608, 1.749999999999999334 ) ) ;
#1596 = SURFACE_SIDE_STYLE ('',( #6905 ) ) ;
#1597 = SURFACE_STYLE_USAGE ( .BOTH. , #2852 ) ;
#1598 = ORIENTED_EDGE ( 'NONE', *, *, #4039, .F. ) ;
#1599 = DIRECTION ( 'NONE',  ( 0.000000000000000000, 6.862039066364035213E-17, 1.000000000000000000 ) ) ;
#1600 = MECHANICAL_DESIGN_GEOMETRIC_PRESENTATION_REPRESENTATION (  '', ( #7851 ), #5023 ) ;
#1601 = AXIS2_PLACEMENT_3D ( 'NONE', #3132, #8458, #4463 ) ;
#1602 = ADVANCED_FACE ( 'NONE', ( #2611 ), #1303, .F. ) ;
#1603 = VECTOR ( 'NONE', #1829, 1000.000000000000000 ) ;
#1604 = DIRECTION ( 'NONE',  ( -1.070816960479511117E-16, 1.000000000000000000, -0.000000000000000000 ) ) ;
#1605 = CARTESIAN_POINT ( 'NONE',  ( 1.574999999999999512, 1.350000000000000089, 1.199999999999999512 ) ) ;
#1606 =( LENGTH_UNIT ( ) NAMED_UNIT ( * ) SI_UNIT ( .MILLI., .METRE. ) );
#1607 = FILL_AREA_STYLE_COLOUR ( '', #5961 ) ;
#1608 = COLOUR_RGB ( '',0.8509803921568627194, 0.8509803921568627194, 0.8509803921568627194 ) ;
#1609 = FILL_AREA_STYLE_COLOUR ( '', #1412 ) ;
#1610 = STYLED_ITEM ( 'NONE', ( #953 ), #2393 ) ;
#1611 = ORIENTED_EDGE ( 'NONE', *, *, #7842, .F. ) ;
#1612 = FILL_AREA_STYLE_COLOUR ( '', #107 ) ;
#1613 = CARTESIAN_POINT ( 'NONE',  ( 1.774999999999999467, 1.350000000000000311, 0.5999999999999994227 ) ) ;
#1614 = VECTOR ( 'NONE', #1077, 1000.000000000000000 ) ;
#1615 = CIRCLE ( 'NONE', #5744, 0.09999999999999999167 ) ;
#1616 = CARTESIAN_POINT ( 'NONE',  ( 0.8499999999999998668, 2.250000000000000444, 1.349999999999999645 ) ) ;
#1617 = CARTESIAN_POINT ( 'NONE',  ( 1.474999999999999423, 1.150000000000000133, 1.299999999999999600 ) ) ;
#1618 = CARTESIAN_POINT ( 'NONE',  ( 2.075000000000000178, 0.9000000000000000222, 1.800000000000000044 ) ) ;
#1619 = ORIENTED_EDGE ( 'NONE', *, *, #1072, .F. ) ;
#1620 = ADVANCED_FACE ( 'NONE', ( #2683 ), #1263, .T. ) ;
#1621 = ORIENTED_EDGE ( 'NONE', *, *, #1861, .F. ) ;
#1622 = COLOUR_RGB ( '',1.000000000000000000, 1.000000000000000000, 1.000000000000000000 ) ;
#1623 = VERTEX_POINT ( 'NONE', #1506 ) ;
#1624 =( NAMED_UNIT ( * ) SI_UNIT ( $, .STERADIAN. ) SOLID_ANGLE_UNIT ( ) );
#1625 = DIRECTION ( 'NONE',  ( 1.000000000000000000, 0.000000000000000000, 0.000000000000000000 ) ) ;
#1626 = CARTESIAN_POINT ( 'NONE',  ( 0.6989513836793942447, -0.9180000000000003713, 0.000000000000000000 ) ) ;
#1627 = EDGE_LOOP ( 'NONE', ( #5065, #2619, #6201, #1225, #3537, #7242, #5460, #553 ) ) ;
#1628 = VERTEX_POINT ( 'NONE', #5410 ) ;
#1629 =( NAMED_UNIT ( * ) PLANE_ANGLE_UNIT ( ) SI_UNIT ( $, .RADIAN. ) );
#1630 = CARTESIAN_POINT ( 'NONE',  ( 1.899999999999999689, -0.8250000000000002887, 0.2000000000000000111 ) ) ;
#1631 = VERTEX_POINT ( 'NONE', #2285 ) ;
#1632 = DIRECTION ( 'NONE',  ( 1.000000000000000000, -0.000000000000000000, -0.000000000000000000 ) ) ;
#1633 = PRESENTATION_LAYER_ASSIGNMENT (  '', '', ( #7175 ) ) ;
#1634 = EDGE_CURVE ( 'NONE', #7369, #7381, #1638, .T. ) ;
#1635 = DIRECTION ( 'NONE',  ( -1.070816960479510993E-16, 1.000000000000000000, -0.000000000000000000 ) ) ;
#1636 = ORIENTED_EDGE ( 'NONE', *, *, #2866, .F. ) ;
#1637 = FILL_AREA_STYLE_COLOUR ( '', #5767 ) ;
#1638 = LINE ( 'NONE', #2891, #1326 ) ;
#1639 = LINE ( 'NONE', #2201, #3762 ) ;
#1640 = CARTESIAN_POINT ( 'NONE',  ( 2.024999999999999467, 1.150000000000000133, 0.000000000000000000 ) ) ;
#1641 = DIRECTION ( 'NONE',  ( -1.000000000000000000, 0.000000000000000000, 0.000000000000000000 ) ) ;
#1642 = PRESENTATION_STYLE_ASSIGNMENT (( #8182 ) ) ;
#1643 = CIRCLE ( 'NONE', #3165, 0.09999999999999999167 ) ;
#1644 = COLOUR_RGB ( '',0.8509803921568627194, 0.8509803921568627194, 0.8509803921568627194 ) ;
#1645 = PLANE ( 'NONE',  #5553 ) ;
#1646 = UNCERTAINTY_MEASURE_WITH_UNIT (LENGTH_MEASURE( 1.000000000000000082E-05 ), #4436, 'distance_accuracy_value', 'NONE');
#1647 = PRESENTATION_STYLE_ASSIGNMENT (( #3547 ) ) ;
#1648 = ADVANCED_FACE ( 'NONE', ( #4080 ), #8215, .F. ) ;
#1649 = ORIENTED_EDGE ( 'NONE', *, *, #6558, .F. ) ;
#1650 = COLOUR_RGB ( '',0.2235294117647058654, 0.2235294117647058654, 0.2235294117647058654 ) ;
#1651 =( LENGTH_UNIT ( ) NAMED_UNIT ( * ) SI_UNIT ( .MILLI., .METRE. ) );
#1652 =( NAMED_UNIT ( * ) PLANE_ANGLE_UNIT ( ) SI_UNIT ( $, .RADIAN. ) );
#1653 = PRESENTATION_STYLE_ASSIGNMENT (( #2180 ) ) ;
#1654 = SURFACE_SIDE_STYLE ('',( #8230 ) ) ;
#1655 = CIRCLE ( 'NONE', #278, 0.1000000000000000472 ) ;
#1656 =( GEOMETRIC_REPRESENTATION_CONTEXT ( 3 ) GLOBAL_UNCERTAINTY_ASSIGNED_CONTEXT ( ( #885 ) ) GLOBAL_UNIT_ASSIGNED_CONTEXT ( ( #2243, #7530, #4776 ) ) REPRESENTATION_CONTEXT ( 'NONE', 'WORKASPACE' ) );
#1657 = ORIENTED_EDGE ( 'NONE', *, *, #318, .F. ) ;
#1658 = MECHANICAL_DESIGN_GEOMETRIC_PRESENTATION_REPRESENTATION (  '', ( #3588 ), #4375 ) ;
#1659 = ORIENTED_EDGE ( 'NONE', *, *, #2507, .F. ) ;
#1660 = FACE_OUTER_BOUND ( 'NONE', #5531, .T. ) ;
#1661 = AXIS2_PLACEMENT_3D ( 'NONE', #4115, #2230, #7433 ) ;
#1662 = LINE ( 'NONE', #538, #7881 ) ;
#1663 = ADVANCED_FACE ( 'NONE', ( #201 ), #2970, .T. ) ;
#1664 = CARTESIAN_POINT ( 'NONE',  ( 0.8499999999999999778, 0.2499999999999997780, -0.3000000000000000444 ) ) ;
#1665 = CARTESIAN_POINT ( 'NONE',  ( -1.375000000000014655, -0.9578422717728224400, 0.4955507190333261480 ) ) ;
#1666 = VECTOR ( 'NONE', #8540, 1000.000000000000000 ) ;
#1667 = FACE_OUTER_BOUND ( 'NONE', #8294, .T. ) ;
#1668 = ORIENTED_EDGE ( 'NONE', *, *, #183, .T. ) ;
#1669 = VERTEX_POINT ( 'NONE', #3830 ) ;
#1670 = SURFACE_SIDE_STYLE ('',( #6106 ) ) ;
#1671 = ORIENTED_EDGE ( 'NONE', *, *, #7491, .T. ) ;
#1672 = PLANE ( 'NONE',  #6109 ) ;
#1673 = FILL_AREA_STYLE_COLOUR ( '', #6998 ) ;
#1674 = VERTEX_POINT ( 'NONE', #6467 ) ;
#1675 = LINE ( 'NONE', #3145, #539 ) ;
#1676 = CARTESIAN_POINT ( 'NONE',  ( -1.774999999999998357, 1.149999999999999689, 0.4999999999999983902 ) ) ;
#1677 = ORIENTED_EDGE ( 'NONE', *, *, #6980, .T. ) ;
#1678 = CARTESIAN_POINT ( 'NONE',  ( 1.499999999999999778, -0.7750000000000002442, 1.779999999999980931 ) ) ;
#1679 = DIRECTION ( 'NONE',  ( 1.000000000000000000, 1.070816960479510870E-16, -0.000000000000000000 ) ) ;
#1680 = FILL_AREA_STYLE ('',( #337 ) ) ;
#1681 = VECTOR ( 'NONE', #6947, 1000.000000000000000 ) ;
#1682 = DIRECTION ( 'NONE',  ( 1.734723475976807094E-14, 0.000000000000000000, -1.000000000000000000 ) ) ;
#1683 = CARTESIAN_POINT ( 'NONE',  ( -1.899999999999999689, -0.8250000000000002887, 0.2000000000000000111 ) ) ;
#1684 = EDGE_LOOP ( 'NONE', ( #7421, #8208, #1101 ) ) ;
#1685 =( NAMED_UNIT ( * ) SI_UNIT ( $, .STERADIAN. ) SOLID_ANGLE_UNIT ( ) );
#1686 = PLANE ( 'NONE',  #4282 ) ;
#1687 = ORIENTED_EDGE ( 'NONE', *, *, #2068, .F. ) ;
#1688 = EDGE_CURVE ( 'NONE', #2121, #2580, #5110, .T. ) ;
#1689 = SURFACE_STYLE_USAGE ( .BOTH. , #6876 ) ;
#1690 =( GEOMETRIC_REPRESENTATION_CONTEXT ( 3 ) GLOBAL_UNCERTAINTY_ASSIGNED_CONTEXT ( ( #7947 ) ) GLOBAL_UNIT_ASSIGNED_CONTEXT ( ( #4049, #8104, #3027 ) ) REPRESENTATION_CONTEXT ( 'NONE', 'WORKASPACE' ) );
#1691 = EDGE_CURVE ( 'NONE', #730, #6337, #7673, .T. ) ;
#1692 = DIRECTION ( 'NONE',  ( 3.614007241618347785E-16, 3.444672090321739649E-32, 1.000000000000000000 ) ) ;
#1693 = LINE ( 'NONE', #6446, #248 ) ;
#1694 =( NAMED_UNIT ( * ) PLANE_ANGLE_UNIT ( ) SI_UNIT ( $, .RADIAN. ) );
#1695 = EDGE_CURVE ( 'NONE', #5162, #7656, #2516, .T. ) ;
#1696 = EDGE_CURVE ( 'NONE', #1484, #2539, #5725, .T. ) ;
#1697 = EDGE_CURVE ( 'NONE', #6370, #8468, #1878, .T. ) ;
#1698 = EDGE_CURVE ( 'NONE', #5474, #6494, #351, .T. ) ;
#1699 = ORIENTED_EDGE ( 'NONE', *, *, #1969, .F. ) ;
#1700 = ORIENTED_EDGE ( 'NONE', *, *, #3021, .F. ) ;
#1701 = DIRECTION ( 'NONE',  ( 0.000000000000000000, 0.000000000000000000, -1.000000000000000000 ) ) ;
#1702 = FILL_AREA_STYLE ('',( #7661 ) ) ;
#1703 = DIRECTION ( 'NONE',  ( 9.531447670202286736E-17, -1.000000000000000000, -0.000000000000000000 ) ) ;
#1704 =( GEOMETRIC_REPRESENTATION_CONTEXT ( 3 ) GLOBAL_UNCERTAINTY_ASSIGNED_CONTEXT ( ( #8333 ) ) GLOBAL_UNIT_ASSIGNED_CONTEXT ( ( #4202, #3610, #594 ) ) REPRESENTATION_CONTEXT ( 'NONE', 'WORKASPACE' ) );
#1705 = MECHANICAL_DESIGN_GEOMETRIC_PRESENTATION_REPRESENTATION (  '', ( #3914 ), #3769 ) ;
#1706 = FILL_AREA_STYLE ('',( #1068 ) ) ;
#1707 = SURFACE_SIDE_STYLE ('',( #4932 ) ) ;
#1708 = EDGE_CURVE ( 'NONE', #113, #862, #8345, .T. ) ;
#1709 = ORIENTED_EDGE ( 'NONE', *, *, #8035, .F. ) ;
#1710 = DIRECTION ( 'NONE',  ( 0.000000000000000000, -1.000000000000000000, 6.862039066364035213E-17 ) ) ;
#1711 = ORIENTED_EDGE ( 'NONE', *, *, #3639, .T. ) ;
#1712 = VECTOR ( 'NONE', #5140, 1000.000000000000000 ) ;
#1713 =( NAMED_UNIT ( * ) PLANE_ANGLE_UNIT ( ) SI_UNIT ( $, .RADIAN. ) );
#1714 = CIRCLE ( 'NONE', #7533, 0.1000000000000000472 ) ;
#1715 = VERTEX_POINT ( 'NONE', #7628 ) ;
#1716 = ORIENTED_EDGE ( 'NONE', *, *, #2509, .F. ) ;
#1717 = CARTESIAN_POINT ( 'NONE',  ( -1.375000000000012212, -0.6250000000000003331, 0.5999999999999894307 ) ) ;
#1718 = MECHANICAL_DESIGN_GEOMETRIC_PRESENTATION_REPRESENTATION (  '', ( #6961 ), #5419 ) ;
#1719 = CARTESIAN_POINT ( 'NONE',  ( -1.374999999999987121, -1.150000000000000355, 1.799999999999981171 ) ) ;
#1720 = ORIENTED_EDGE ( 'NONE', *, *, #6611, .T. ) ;
#1721 = DIRECTION ( 'NONE',  ( -1.000000000000000000, 0.000000000000000000, 0.000000000000000000 ) ) ;
#1722 = PRESENTATION_STYLE_ASSIGNMENT (( #7676 ) ) ;
#1723 = VECTOR ( 'NONE', #4852, 1000.000000000000000 ) ;
#1724 = DIRECTION ( 'NONE',  ( 1.734723475976896078E-14, -0.000000000000000000, 1.000000000000000000 ) ) ;
#1725 = EDGE_CURVE ( 'NONE', #2551, #1916, #6375, .T. ) ;
#1726 = DIRECTION ( 'NONE',  ( -1.000000000000000000, -9.531447670202286736E-17, 0.000000000000000000 ) ) ;
#1727 =( LENGTH_UNIT ( ) NAMED_UNIT ( * ) SI_UNIT ( .MILLI., .METRE. ) );
#1728 = ORIENTED_EDGE ( 'NONE', *, *, #7275, .T. ) ;
#1729 =( GEOMETRIC_REPRESENTATION_CONTEXT ( 3 ) GLOBAL_UNCERTAINTY_ASSIGNED_CONTEXT ( ( #3464 ) ) GLOBAL_UNIT_ASSIGNED_CONTEXT ( ( #5957, #4091, #6749 ) ) REPRESENTATION_CONTEXT ( 'NONE', 'WORKASPACE' ) );
#1730 = DIRECTION ( 'NONE',  ( 1.000000000000000000, -0.000000000000000000, -0.000000000000000000 ) ) ;
#1731 = VECTOR ( 'NONE', #3310, 1000.000000000000000 ) ;
#1732 =( NAMED_UNIT ( * ) SI_UNIT ( $, .STERADIAN. ) SOLID_ANGLE_UNIT ( ) );
#1733 = VERTEX_POINT ( 'NONE', #1676 ) ;
#1735 = STYLED_ITEM ( 'NONE', ( #8629 ), #6407 ) ;
#1734 = CARTESIAN_POINT ( 'NONE',  ( 2.274999999999999911, 0.9500000000000001776, 1.749999999999999334 ) ) ;
#1736 = CARTESIAN_POINT ( 'NONE',  ( 1.774999999999999467, 0.9500000000000001776, 0.5999999999999994227 ) ) ;
#1737 = DIRECTION ( 'NONE',  ( 5.241713633441424076E-48, -5.499388775776784303E-32, 1.000000000000000000 ) ) ;
#1738 = EDGE_CURVE ( 'NONE', #4396, #3635, #7875, .T. ) ;
#1739 = AXIS2_PLACEMENT_3D ( 'NONE', #5814, #102, #761 ) ;
#1740 = MECHANICAL_DESIGN_GEOMETRIC_PRESENTATION_REPRESENTATION (  '', ( #3941 ), #6002 ) ;
#1741 = COLOUR_RGB ( '',0.8509803921568627194, 0.8509803921568627194, 0.8509803921568627194 ) ;
#1742 = CIRCLE ( 'NONE', #6989, 0.1000000000000000472 ) ;
#1743 = CARTESIAN_POINT ( 'NONE',  ( -2.074999999999997957, -0.7750000000000002442, 0.5999999999999999778 ) ) ;
#1744 = ORIENTED_EDGE ( 'NONE', *, *, #1873, .F. ) ;
#1745 = ORIENTED_EDGE ( 'NONE', *, *, #8315, .T. ) ;
#1746 = VECTOR ( 'NONE', #7393, 1000.000000000000000 ) ;
#1747 = AXIS2_PLACEMENT_3D ( 'NONE', #2555, #8563, #4029 ) ;
#1748 = DIRECTION ( 'NONE',  ( -2.096124200138642642E-14, -0.000000000000000000, -1.000000000000000000 ) ) ;
#1749 = EDGE_CURVE ( 'NONE', #3394, #93, #3097, .T. ) ;
#1750 =( NAMED_UNIT ( * ) PLANE_ANGLE_UNIT ( ) SI_UNIT ( $, .RADIAN. ) );
#1751 = EDGE_CURVE ( 'NONE', #7440, #5979, #6943, .T. ) ;
#1752 = UNCERTAINTY_MEASURE_WITH_UNIT (LENGTH_MEASURE( 1.000000000000000082E-05 ), #565, 'distance_accuracy_value', 'NONE');
#1753 = DIRECTION ( 'NONE',  ( 1.000000000000000000, 0.000000000000000000, 0.000000000000000000 ) ) ;
#1754 = LINE ( 'NONE', #367, #2174 ) ;
#1755 = MECHANICAL_DESIGN_GEOMETRIC_PRESENTATION_REPRESENTATION (  '', ( #4363 ), #3951 ) ;
#1756 = PRESENTATION_LAYER_ASSIGNMENT (  '', '', ( #6862 ) ) ;
#1757 = CARTESIAN_POINT ( 'NONE',  ( -1.149999999999999689, 0.2499999999999998335, -0.4000000000000000222 ) ) ;
#1758 = EDGE_CURVE ( 'NONE', #4825, #5847, #7775, .T. ) ;
#1759 = CARTESIAN_POINT ( 'NONE',  ( 1.499999999999999778, -1.325000000000000178, -1.040834085586084257E-14 ) ) ;
#1760 = VERTEX_POINT ( 'NONE', #2474 ) ;
#1761 = LINE ( 'NONE', #2413, #4878 ) ;
#1762 = SURFACE_SIDE_STYLE ('',( #6507 ) ) ;
#1763 = ORIENTED_EDGE ( 'NONE', *, *, #4262, .F. ) ;
#1764 = CARTESIAN_POINT ( 'NONE',  ( 2.274999999999999911, 0.3799999999999988387, 0.5000000000000000000 ) ) ;
#1765 = ORIENTED_EDGE ( 'NONE', *, *, #8406, .F. ) ;
#1766 = VERTEX_POINT ( 'NONE', #3010 ) ;
#1767 = CARTESIAN_POINT ( 'NONE',  ( 2.175000000000000266, 0.9500000000000000666, 1.649999999999999245 ) ) ;
#1768 = DIRECTION ( 'NONE',  ( 1.000000000000000000, 1.070816960479510870E-16, -0.000000000000000000 ) ) ;
#1769 = ORIENTED_EDGE ( 'NONE', *, *, #3126, .T. ) ;
#1770 = SPHERICAL_SURFACE ( 'NONE', #2909, 0.1000000000000000056 ) ;
#1771 = MECHANICAL_DESIGN_GEOMETRIC_PRESENTATION_REPRESENTATION (  '', ( #678 ), #5058 ) ;
#1772 = CARTESIAN_POINT ( 'NONE',  ( 2.274999999999999911, 0.9000000000000002442, 0.000000000000000000 ) ) ;
#1773 = VECTOR ( 'NONE', #5749, 1000.000000000000000 ) ;
#1774 = CARTESIAN_POINT ( 'NONE',  ( -2.274999999999987477, -1.150000000000000355, 1.799999999999999822 ) ) ;
#1775 = ORIENTED_EDGE ( 'NONE', *, *, #7937, .F. ) ;
#1776 = FACE_OUTER_BOUND ( 'NONE', #8531, .T. ) ;
#1777 = MECHANICAL_DESIGN_GEOMETRIC_PRESENTATION_REPRESENTATION (  '', ( #3295 ), #4095 ) ;
#1778 = DIRECTION ( 'NONE',  ( 1.000000000000000000, -0.000000000000000000, -0.000000000000000000 ) ) ;
#1779 = VECTOR ( 'NONE', #8389, 1000.000000000000000 ) ;
#1780 = DIRECTION ( 'NONE',  ( -1.070816960479510993E-16, 1.000000000000000000, 0.000000000000000000 ) ) ;
#1781 = CARTESIAN_POINT ( 'NONE',  ( 1.574999999999999512, 0.9500000000000000666, 1.199999999999999512 ) ) ;
#1782 = DIRECTION ( 'NONE',  ( 9.531447670202286736E-17, -1.000000000000000000, -0.000000000000000000 ) ) ;
#1783 = PRESENTATION_STYLE_ASSIGNMENT (( #6216 ) ) ;
#1784 = EDGE_LOOP ( 'NONE', ( #5050, #1093, #6255, #3162 ) ) ;
#1785 = FILL_AREA_STYLE ('',( #5785 ) ) ;
#1786 = CARTESIAN_POINT ( 'NONE',  ( 2.024999999999999467, 0.3799999999999988387, 1.749999999999999334 ) ) ;
#1787 =( GEOMETRIC_REPRESENTATION_CONTEXT ( 3 ) GLOBAL_UNCERTAINTY_ASSIGNED_CONTEXT ( ( #2944 ) ) GLOBAL_UNIT_ASSIGNED_CONTEXT ( ( #4038, #27, #78 ) ) REPRESENTATION_CONTEXT ( 'NONE', 'WORKASPACE' ) );
#1788 = LINE ( 'NONE', #4309, #2445 ) ;
#1789 = CARTESIAN_POINT ( 'NONE',  ( -1.774999999999999467, 1.249999999999999778, 0.5999999999999994227 ) ) ;
#1790 = DIRECTION ( 'NONE',  ( -1.000000000000000000, 0.000000000000000000, 0.000000000000000000 ) ) ;
#1791 = FILL_AREA_STYLE ('',( #6223 ) ) ;
#1792 =( LENGTH_UNIT ( ) NAMED_UNIT ( * ) SI_UNIT ( .MILLI., .METRE. ) );
#1793 =( GEOMETRIC_REPRESENTATION_CONTEXT ( 3 ) GLOBAL_UNCERTAINTY_ASSIGNED_CONTEXT ( ( #1114 ) ) GLOBAL_UNIT_ASSIGNED_CONTEXT ( ( #3662, #2933, #4813 ) ) REPRESENTATION_CONTEXT ( 'NONE', 'WORKASPACE' ) );
#1794 = ORIENTED_EDGE ( 'NONE', *, *, #6037, .T. ) ;
#1795 = ORIENTED_EDGE ( 'NONE', *, *, #3349, .T. ) ;
#1796 = COLOUR_RGB ( '',0.8509803921568627194, 0.8509803921568627194, 0.8509803921568627194 ) ;
#1797 = DIRECTION ( 'NONE',  ( 1.000000000000000000, 0.000000000000000000, 0.000000000000000000 ) ) ;
#1799 = UNCERTAINTY_MEASURE_WITH_UNIT (LENGTH_MEASURE( 1.000000000000000082E-05 ), #6168, 'distance_accuracy_value', 'NONE');
#1798 = LINE ( 'NONE', #7705, #8161 ) ;
#1800 = COLOUR_RGB ( '',0.8431372549019607865, 0.8156862745098039102, 0.7529411764705882248 ) ;
#1801 = DIRECTION ( 'NONE',  ( -1.070816960479511117E-16, 1.000000000000000000, -2.189528850507527159E-47 ) ) ;
#1802 = LINE ( 'NONE', #5099, #6580 ) ;
#1803 =( LENGTH_UNIT ( ) NAMED_UNIT ( * ) SI_UNIT ( .MILLI., .METRE. ) );
#1804 = COLOUR_RGB ( '',0.8509803921568627194, 0.8509803921568627194, 0.8509803921568627194 ) ;
#1805 = ORIENTED_EDGE ( 'NONE', *, *, #8517, .F. ) ;
#1806 = CARTESIAN_POINT ( 'NONE',  ( 1.574999999999999734, 0.9500000000000001776, 1.800000000000000044 ) ) ;
#1807 = ORIENTED_EDGE ( 'NONE', *, *, #5002, .F. ) ;
#1808 = EDGE_CURVE ( 'NONE', #5616, #7794, #3813, .T. ) ;
#1809 = ORIENTED_EDGE ( 'NONE', *, *, #1364, .F. ) ;
#1810 = STYLED_ITEM ( 'NONE', ( #1722 ), #4113 ) ;
#1811 = DIRECTION ( 'NONE',  ( 0.000000000000000000, 0.000000000000000000, -1.000000000000000000 ) ) ;
#1812 = ORIENTED_EDGE ( 'NONE', *, *, #5640, .T. ) ;
#1813 = CARTESIAN_POINT ( 'NONE',  ( 1.474999999999999423, 0.9500000000000000666, 0.5999999999999994227 ) ) ;
#1814 = CARTESIAN_POINT ( 'NONE',  ( 0.8000000000000038192, 0.3799999999999990608, 1.749999999999999334 ) ) ;
#1815 = EDGE_CURVE ( 'NONE', #5345, #436, #5627, .T. ) ;
#1816 = EDGE_CURVE ( 'NONE', #6594, #3678, #1615, .T. ) ;
#1817 = COLOUR_RGB ( '',0.2235294117647058654, 0.2235294117647058654, 0.2235294117647058654 ) ;
#1818 = CARTESIAN_POINT ( 'NONE',  ( -1.874999999999998002, -0.6250000000000004441, 0.5999999999999999778 ) ) ;
#1819 = LINE ( 'NONE', #1860, #2584 ) ;
#1820 = SURFACE_SIDE_STYLE ('',( #7150 ) ) ;
#1821 = CARTESIAN_POINT ( 'NONE',  ( -1.375000000000012212, -0.9578422717728224400, 0.5999999999999894307 ) ) ;
#1822 = VECTOR ( 'NONE', #4040, 1000.000000000000000 ) ;
#1823 = UNCERTAINTY_MEASURE_WITH_UNIT (LENGTH_MEASURE( 1.000000000000000082E-05 ), #4681, 'distance_accuracy_value', 'NONE');
#1824 = DIRECTION ( 'NONE',  ( -9.531447670202286736E-17, 1.000000000000000000, -0.000000000000000000 ) ) ;
#1825 = FACE_OUTER_BOUND ( 'NONE', #4509, .T. ) ;
#1826 = ORIENTED_EDGE ( 'NONE', *, *, #1062, .T. ) ;
#1827 = ORIENTED_EDGE ( 'NONE', *, *, #5519, .F. ) ;
#1828 = EDGE_CURVE ( 'NONE', #401, #4329, #7002, .T. ) ;
#1829 = DIRECTION ( 'NONE',  ( -1.000000000000000000, -9.531447670202290434E-17, -0.000000000000000000 ) ) ;
#1830 =( NAMED_UNIT ( * ) SI_UNIT ( $, .STERADIAN. ) SOLID_ANGLE_UNIT ( ) );
#1831 = PRESENTATION_STYLE_ASSIGNMENT (( #7797 ) ) ;
#1832 = CARTESIAN_POINT ( 'NONE',  ( -2.074999999999998401, -0.9578422717728224400, 0.5999999999999999778 ) ) ;
#1833 = UNCERTAINTY_MEASURE_WITH_UNIT (LENGTH_MEASURE( 1.000000000000000082E-05 ), #875, 'distance_accuracy_value', 'NONE');
#1834 = PRESENTATION_LAYER_ASSIGNMENT (  '', '', ( #866 ) ) ;
#1835 = EDGE_CURVE ( 'NONE', #6702, #7667, #6334, .T. ) ;
#1836 = ORIENTED_EDGE ( 'NONE', *, *, #4997, .T. ) ;
#1837 = LINE ( 'NONE', #6321, #7686 ) ;
#1838 = CARTESIAN_POINT ( 'NONE',  ( -1.450000000000003952, 0.3799999999999988387, 1.749999999999999334 ) ) ;
#1839 = LINE ( 'NONE', #4465, #2989 ) ;
#1840 =( GEOMETRIC_REPRESENTATION_CONTEXT ( 3 ) GLOBAL_UNCERTAINTY_ASSIGNED_CONTEXT ( ( #8462 ) ) GLOBAL_UNIT_ASSIGNED_CONTEXT ( ( #4177, #965, #2904 ) ) REPRESENTATION_CONTEXT ( 'NONE', 'WORKASPACE' ) );
#1841 = DIRECTION ( 'NONE',  ( -1.070816960479510993E-16, 1.000000000000000000, -1.094764425253763337E-47 ) ) ;
#1842 = CARTESIAN_POINT ( 'NONE',  ( -1.874999999999999556, 1.349999999999999867, 0.5999999999999994227 ) ) ;
#1843 = CARTESIAN_POINT ( 'NONE',  ( -1.899999999999999689, -0.7750000000000003553, 0.2000000000000000111 ) ) ;
#1844 = VECTOR ( 'NONE', #31, 1000.000000000000000 ) ;
#1845 = ORIENTED_EDGE ( 'NONE', *, *, #6710, .T. ) ;
#1846 = FILL_AREA_STYLE ('',( #412 ) ) ;
#1847 =( NAMED_UNIT ( * ) PLANE_ANGLE_UNIT ( ) SI_UNIT ( $, .RADIAN. ) );
#1848 =( LENGTH_UNIT ( ) NAMED_UNIT ( * ) SI_UNIT ( .MILLI., .METRE. ) );
#1849 =( LENGTH_UNIT ( ) NAMED_UNIT ( * ) SI_UNIT ( .MILLI., .METRE. ) );
#1850 = MECHANICAL_DESIGN_GEOMETRIC_PRESENTATION_REPRESENTATION (  '', ( #7512 ), #883 ) ;
#1851 = CARTESIAN_POINT ( 'NONE',  ( -1.499999999999999778, -0.6250000000000004441, 0.2000000000000000111 ) ) ;
#1852 = ADVANCED_FACE ( 'NONE', ( #4395 ), #4434, .F. ) ;
#1853 = ORIENTED_EDGE ( 'NONE', *, *, #1808, .T. ) ;
#1854 = CARTESIAN_POINT ( 'NONE',  ( 1.874999999999995559, -0.6249999999999951150, 0.2000000000000000111 ) ) ;
#1855 = DIRECTION ( 'NONE',  ( -0.000000000000000000, 1.000000000000000000, 0.000000000000000000 ) ) ;
#1856 = CARTESIAN_POINT ( 'NONE',  ( 1.774999999999999245, 0.3799999999999988942, 0.5999999999999994227 ) ) ;
#1857 = SURFACE_STYLE_USAGE ( .BOTH. , #7823 ) ;
#1858 = VECTOR ( 'NONE', #7429, 1000.000000000000000 ) ;
#1859 = PRESENTATION_LAYER_ASSIGNMENT (  '', '', ( #7977 ) ) ;
#1860 = CARTESIAN_POINT ( 'NONE',  ( 0.9499999999999998446, 2.350000000000000089, 1.249999999999999556 ) ) ;
#1861 = EDGE_CURVE ( 'NONE', #2206, #7107, #3398, .T. ) ;
#1862 = FILL_AREA_STYLE_COLOUR ( '', #4926 ) ;
#1863 = EDGE_CURVE ( 'NONE', #5156, #7581, #3232, .T. ) ;
#1864 = ADVANCED_FACE ( 'NONE', ( #2719 ), #5937, .T. ) ;
#1865 = DIRECTION ( 'NONE',  ( -1.000000000000000000, 0.000000000000000000, 2.081668171172165989E-14 ) ) ;
#1866 = VECTOR ( 'NONE', #8263, 1000.000000000000000 ) ;
#1867 =( GEOMETRIC_REPRESENTATION_CONTEXT ( 3 ) GLOBAL_UNCERTAINTY_ASSIGNED_CONTEXT ( ( #7224 ) ) GLOBAL_UNIT_ASSIGNED_CONTEXT ( ( #2485, #4445, #7097 ) ) REPRESENTATION_CONTEXT ( 'NONE', 'WORKASPACE' ) );
#1868 = APPLICATION_CONTEXT ( 'automotive_design' ) ;
#1869 = SURFACE_SIDE_STYLE ('',( #1265 ) ) ;
#1870 = CARTESIAN_POINT ( 'NONE',  ( -2.274999999999998579, 0.3799999999999995604, 0.3999999999999987454 ) ) ;
#1871 = DIRECTION ( 'NONE',  ( 1.000000000000000000, 0.000000000000000000, 5.421010862427529073E-16 ) ) ;
#1872 = DIRECTION ( 'NONE',  ( 0.000000000000000000, 1.000000000000000000, 0.000000000000000000 ) ) ;
#1873 = EDGE_CURVE ( 'NONE', #7813, #1250, #3991, .T. ) ;
#1874 = DIRECTION ( 'NONE',  ( -1.000000000000000000, -1.070816960479511117E-16, 2.081668171172165989E-14 ) ) ;
#1875 = SURFACE_STYLE_FILL_AREA ( #7160 ) ;
#1876 = CARTESIAN_POINT ( 'NONE',  ( 1.574999999999999512, 0.9500000000000000666, 1.299999999999999600 ) ) ;
#1877 = LINE ( 'NONE', #2495, #5824 ) ;
#1878 = CIRCLE ( 'NONE', #6694, 0.2500000000000002220 ) ;
#1879 = EDGE_LOOP ( 'NONE', ( #2601, #8256, #7657, #5063 ) ) ;
#1880 = AXIS2_PLACEMENT_3D ( 'NONE', #6801, #6229, #893 ) ;
#1881 = EDGE_LOOP ( 'NONE', ( #6526, #7824, #7910, #1711, #2357, #6281, #3007, #4847 ) ) ;
#1882 = EDGE_LOOP ( 'NONE', ( #486, #5430, #7778, #4129 ) ) ;
#1883 = CARTESIAN_POINT ( 'NONE',  ( -1.574999999999998401, 0.9499999999999997335, 0.5999999999999984235 ) ) ;
#1884 = VECTOR ( 'NONE', #4753, 1000.000000000000000 ) ;
#1885 = PRESENTATION_LAYER_ASSIGNMENT (  '', '', ( #7137 ) ) ;
#1886 = PRESENTATION_LAYER_ASSIGNMENT (  '', '', ( #5173 ) ) ;
#1887 = CARTESIAN_POINT ( 'NONE',  ( 2.175000000000000266, 1.150000000000000133, 1.749999999999999334 ) ) ;
#1888 = LINE ( 'NONE', #7847, #2598 ) ;
#1889 = MECHANICAL_DESIGN_GEOMETRIC_PRESENTATION_REPRESENTATION (  '', ( #1610 ), #6701 ) ;
#1890 = ADVANCED_FACE ( 'NONE', ( #7315 ), #1380, .T. ) ;
#1891 = LINE ( 'NONE', #5801, #5010 ) ;
#1892 = FILL_AREA_STYLE ('',( #7708 ) ) ;
#1893 =( GEOMETRIC_REPRESENTATION_CONTEXT ( 3 ) GLOBAL_UNCERTAINTY_ASSIGNED_CONTEXT ( ( #7540 ) ) GLOBAL_UNIT_ASSIGNED_CONTEXT ( ( #1848, #5067, #7772 ) ) REPRESENTATION_CONTEXT ( 'NONE', 'WORKASPACE' ) );
#1894 = PRESENTATION_STYLE_ASSIGNMENT (( #2591 ) ) ;
#1895 = ORIENTED_EDGE ( 'NONE', *, *, #8631, .F. ) ;
#1896 = FILL_AREA_STYLE_COLOUR ( '', #5297 ) ;
#1897 = CARTESIAN_POINT ( 'NONE',  ( -1.375000000000000000, -0.9578422717728224400, 1.199999999999981082 ) ) ;
#1898 = DIRECTION ( 'NONE',  ( 1.141265444721584251E-16, -1.000000000000000000, 0.000000000000000000 ) ) ;
#1899 = ORIENTED_EDGE ( 'NONE', *, *, #5808, .F. ) ;
#1900 = UNCERTAINTY_MEASURE_WITH_UNIT (LENGTH_MEASURE( 1.000000000000000082E-05 ), #3500, 'distance_accuracy_value', 'NONE');
#1901 = SURFACE_STYLE_USAGE ( .BOTH. , #51 ) ;
#1902 =( NAMED_UNIT ( * ) SI_UNIT ( $, .STERADIAN. ) SOLID_ANGLE_UNIT ( ) );
#1903 = ORIENTED_EDGE ( 'NONE', *, *, #827, .F. ) ;
#1904 = SURFACE_STYLE_FILL_AREA ( #7043 ) ;
#1905 = LINE ( 'NONE', #1297, #2827 ) ;
#1906 = FACE_OUTER_BOUND ( 'NONE', #5086, .T. ) ;
#1907 = STYLED_ITEM ( 'NONE', ( #1528 ), #2216 ) ;
#1908 = VERTEX_POINT ( 'NONE', #2835 ) ;
#1909 = LINE ( 'NONE', #4583, #1053 ) ;
#1910 = UNCERTAINTY_MEASURE_WITH_UNIT (LENGTH_MEASURE( 1.000000000000000082E-05 ), #1406, 'distance_accuracy_value', 'NONE');
#1911 =( LENGTH_UNIT ( ) NAMED_UNIT ( * ) SI_UNIT ( .MILLI., .METRE. ) );
#1912 = CARTESIAN_POINT ( 'NONE',  ( 1.574999999999999734, 0.9000000000000002442, 0.000000000000000000 ) ) ;
#1913 = CARTESIAN_POINT ( 'NONE',  ( -1.774999999999998801, 0.9499999999999998446, 1.199999999999998401 ) ) ;
#1914 = DIRECTION ( 'NONE',  ( -1.000000000000000000, 0.000000000000000000, 0.000000000000000000 ) ) ;
#1915 =( LENGTH_UNIT ( ) NAMED_UNIT ( * ) SI_UNIT ( .MILLI., .METRE. ) );
#1916 = VERTEX_POINT ( 'NONE', #5399 ) ;
#1917 = LINE ( 'NONE', #670, #7891 ) ;
#1918 = DIRECTION ( 'NONE',  ( -0.000000000000000000, -0.000000000000000000, -1.000000000000000000 ) ) ;
#1919 = AXIS2_PLACEMENT_3D ( 'NONE', #1464, #3442, #5404 ) ;
#1920 = CARTESIAN_POINT ( 'NONE',  ( 1.474999999999999423, 1.150000000000000133, 1.199999999999999512 ) ) ;
#1921 = EDGE_CURVE ( 'NONE', #2475, #7791, #3395, .T. ) ;
#1922 = STYLED_ITEM ( 'NONE', ( #4173 ), #542 ) ;
#1923 = EDGE_CURVE ( 'NONE', #576, #1514, #4837, .T. ) ;
#1924 = ORIENTED_EDGE ( 'NONE', *, *, #6091, .F. ) ;
#1925 =( GEOMETRIC_REPRESENTATION_CONTEXT ( 3 ) GLOBAL_UNCERTAINTY_ASSIGNED_CONTEXT ( ( #5604 ) ) GLOBAL_UNIT_ASSIGNED_CONTEXT ( ( #199, #6202, #2844 ) ) REPRESENTATION_CONTEXT ( 'NONE', 'WORKASPACE' ) );
#1926 = ORIENTED_EDGE ( 'NONE', *, *, #4459, .F. ) ;
#1927 = ORIENTED_EDGE ( 'NONE', *, *, #3744, .F. ) ;
#1928 = FILL_AREA_STYLE_COLOUR ( '', #8383 ) ;
#1929 = LINE ( 'NONE', #5230, #8023 ) ;
#1930 = MECHANICAL_DESIGN_GEOMETRIC_PRESENTATION_REPRESENTATION (  '', ( #962 ), #5478 ) ;
#1931 = CARTESIAN_POINT ( 'NONE',  ( 1.474999999999999423, 1.250000000000000000, 0.5999999999999994227 ) ) ;
#1932 = CARTESIAN_POINT ( 'NONE',  ( 0.6989513836793942447, -1.149999999999999911, 0.4955507190332824607 ) ) ;
#1933 = ORIENTED_EDGE ( 'NONE', *, *, #5129, .F. ) ;
#1934 =( LENGTH_UNIT ( ) NAMED_UNIT ( * ) SI_UNIT ( .MILLI., .METRE. ) );
#1935 = STYLED_ITEM ( 'NONE', ( #2504 ), #5290 ) ;
#1936 = FACE_OUTER_BOUND ( 'NONE', #7522, .T. ) ;
#1937 = ADVANCED_FACE ( 'NONE', ( #6193 ), #4243, .T. ) ;
#1938 = ORIENTED_EDGE ( 'NONE', *, *, #4291, .F. ) ;
#1939 = ORIENTED_EDGE ( 'NONE', *, *, #319, .F. ) ;
#1940 = SURFACE_STYLE_FILL_AREA ( #5155 ) ;
#1941 = STYLED_ITEM ( 'NONE', ( #1512 ), #5633 ) ;
#1942 = ORIENTED_EDGE ( 'NONE', *, *, #912, .F. ) ;
#1943 = PRESENTATION_STYLE_ASSIGNMENT (( #7820 ) ) ;
#1944 = SURFACE_STYLE_FILL_AREA ( #6427 ) ;
#1945 = CARTESIAN_POINT ( 'NONE',  ( 2.074999999999998845, -1.149999999999999911, 1.299999999999998934 ) ) ;
#1946 = FILL_AREA_STYLE_COLOUR ( '', #7311 ) ;
#1947 = ORIENTED_EDGE ( 'NONE', *, *, #3909, .F. ) ;
#1948 = SURFACE_STYLE_FILL_AREA ( #7090 ) ;
#1949 = CARTESIAN_POINT ( 'NONE',  ( 1.774999999999999467, 0.9500000000000001776, 1.199999999999999512 ) ) ;
#1950 = PLANE ( 'NONE',  #6280 ) ;
#1951 = DIRECTION ( 'NONE',  ( -1.000000000000000000, -1.070816960479510993E-16, 0.000000000000000000 ) ) ;
#1952 = VECTOR ( 'NONE', #2193, 1000.000000000000000 ) ;
#1953 = EDGE_LOOP ( 'NONE', ( #7276, #8297, #7313, #1070 ) ) ;
#1954 = LINE ( 'NONE', #8625, #4263 ) ;
#1955 =( NAMED_UNIT ( * ) PLANE_ANGLE_UNIT ( ) SI_UNIT ( $, .RADIAN. ) );
#1956 = ORIENTED_EDGE ( 'NONE', *, *, #375, .T. ) ;
#1957 = SURFACE_STYLE_USAGE ( .BOTH. , #8495 ) ;
#1958 = LINE ( 'NONE', #4593, #6277 ) ;
#1959 = STYLED_ITEM ( 'NONE', ( #4004 ), #4790 ) ;
#1960 = DIRECTION ( 'NONE',  ( 0.000000000000000000, 1.000000000000000000, 0.000000000000000000 ) ) ;
#1961 = DIRECTION ( 'NONE',  ( -1.000000000000000000, 0.000000000000000000, 0.000000000000000000 ) ) ;
#1962 = LINE ( 'NONE', #7298, #7063 ) ;
#1963 = ADVANCED_FACE ( 'NONE', ( #8167 ), #3519, .F. ) ;
#1964 = ORIENTED_EDGE ( 'NONE', *, *, #3382, .F. ) ;
#1965 = SURFACE_SIDE_STYLE ('',( #8109 ) ) ;
#1966 =( LENGTH_UNIT ( ) NAMED_UNIT ( * ) SI_UNIT ( .MILLI., .METRE. ) );
#1968 = UNCERTAINTY_MEASURE_WITH_UNIT (LENGTH_MEASURE( 1.000000000000000082E-05 ), #1272, 'distance_accuracy_value', 'NONE');
#1967 = DIRECTION ( 'NONE',  ( 1.000000000000000000, 1.301042606982602008E-14, 0.000000000000000000 ) ) ;
#1969 = EDGE_CURVE ( 'NONE', #5692, #8468, #6723, .T. ) ;
#1970 = ADVANCED_FACE ( 'NONE', ( #3687 ), #1106, .F. ) ;
#1971 = AXIS2_PLACEMENT_3D ( 'NONE', #1410, #231, #2183 ) ;
#1972 = EDGE_CURVE ( 'NONE', #2803, #8494, #1802, .T. ) ;
#1973 = DIRECTION ( 'NONE',  ( -1.070816960479510870E-16, 1.000000000000000000, -0.000000000000000000 ) ) ;
#1974 = SURFACE_STYLE_USAGE ( .BOTH. , #727 ) ;
#1975 = CARTESIAN_POINT ( 'NONE',  ( 2.075000000000000178, 0.9000000000000000222, 0.5000000000000000000 ) ) ;
#1976 = ORIENTED_EDGE ( 'NONE', *, *, #7473, .F. ) ;
#1977 = SURFACE_SIDE_STYLE ('',( #1413 ) ) ;
#1978 = PRESENTATION_LAYER_ASSIGNMENT (  '', '', ( #1424 ) ) ;
#1979 = LINE ( 'NONE', #3949, #6120 ) ;
#1980 = ORIENTED_EDGE ( 'NONE', *, *, #6285, .T. ) ;
#1981 = UNCERTAINTY_MEASURE_WITH_UNIT (LENGTH_MEASURE( 1.000000000000000082E-05 ), #653, 'distance_accuracy_value', 'NONE');
#1982 =( NAMED_UNIT ( * ) PLANE_ANGLE_UNIT ( ) SI_UNIT ( $, .RADIAN. ) );
#1983 = ORIENTED_EDGE ( 'NONE', *, *, #380, .T. ) ;
#1984 = DIRECTION ( 'NONE',  ( 1.000000000000000000, 0.000000000000000000, 0.000000000000000000 ) ) ;
#1985 = ORIENTED_EDGE ( 'NONE', *, *, #3863, .T. ) ;
#1986 =( GEOMETRIC_REPRESENTATION_CONTEXT ( 3 ) GLOBAL_UNCERTAINTY_ASSIGNED_CONTEXT ( ( #1646 ) ) GLOBAL_UNIT_ASSIGNED_CONTEXT ( ( #4436, #1121, #3783 ) ) REPRESENTATION_CONTEXT ( 'NONE', 'WORKASPACE' ) );
#1987 = UNCERTAINTY_MEASURE_WITH_UNIT (LENGTH_MEASURE( 1.000000000000000082E-05 ), #5956, 'distance_accuracy_value', 'NONE');
#1988 = SURFACE_STYLE_USAGE ( .BOTH. , #5907 ) ;
#1989 = FACE_OUTER_BOUND ( 'NONE', #8189, .T. ) ;
#1990 = EDGE_CURVE ( 'NONE', #734, #5850, #1754, .T. ) ;
#1991 =( NAMED_UNIT ( * ) SI_UNIT ( $, .STERADIAN. ) SOLID_ANGLE_UNIT ( ) );
#1992 = MECHANICAL_DESIGN_GEOMETRIC_PRESENTATION_REPRESENTATION (  '', ( #3359 ), #1704 ) ;
#1993 = PLANE ( 'NONE',  #3460 ) ;
#1994 = ORIENTED_EDGE ( 'NONE', *, *, #4764, .F. ) ;
#1995 = MECHANICAL_DESIGN_GEOMETRIC_PRESENTATION_REPRESENTATION (  '', ( #1572 ), #4470 ) ;
#1996 = CYLINDRICAL_SURFACE ( 'NONE', #648, 0.1999999999999999833 ) ;
#1997 = CARTESIAN_POINT ( 'NONE',  ( -0.5500000000000001554, 0.2499999999999997780, -0.3000000000000000444 ) ) ;
#1998 = VECTOR ( 'NONE', #6767, 1000.000000000000000 ) ;
#1999 =( GEOMETRIC_REPRESENTATION_CONTEXT ( 3 ) GLOBAL_UNCERTAINTY_ASSIGNED_CONTEXT ( ( #449 ) ) GLOBAL_UNIT_ASSIGNED_CONTEXT ( ( #1014, #5563, #5612 ) ) REPRESENTATION_CONTEXT ( 'NONE', 'WORKASPACE' ) );
#2000 = FILL_AREA_STYLE_COLOUR ( '', #6111 ) ;
#2001 = PRESENTATION_STYLE_ASSIGNMENT (( #3416 ) ) ;
#2002 =( GEOMETRIC_REPRESENTATION_CONTEXT ( 3 ) GLOBAL_UNCERTAINTY_ASSIGNED_CONTEXT ( ( #8600 ) ) GLOBAL_UNIT_ASSIGNED_CONTEXT ( ( #209, #7290, #5951 ) ) REPRESENTATION_CONTEXT ( 'NONE', 'WORKASPACE' ) );
#2003 = AXIS2_PLACEMENT_3D ( 'NONE', #4565, #8463, #1368 ) ;
#2004 = VERTEX_POINT ( 'NONE', #8415 ) ;
#2005 = EDGE_CURVE ( 'NONE', #8559, #5932, #321, .T. ) ;
#2006 = PLANE ( 'NONE',  #2356 ) ;
#2007 = CARTESIAN_POINT ( 'NONE',  ( 2.175000000000000266, 1.150000000000000133, 1.649999999999999245 ) ) ;
#2008 = STYLED_ITEM ( 'NONE', ( #3372 ), #1342 ) ;
#2009 = PRESENTATION_LAYER_ASSIGNMENT (  '', '', ( #7548 ) ) ;
#2010 = MECHANICAL_DESIGN_GEOMETRIC_PRESENTATION_REPRESENTATION (  '', ( #7414 ), #7017 ) ;
#2011 = UNCERTAINTY_MEASURE_WITH_UNIT (LENGTH_MEASURE( 1.000000000000000082E-05 ), #2977, 'distance_accuracy_value', 'NONE');
#2012 = VECTOR ( 'NONE', #8474, 1000.000000000000000 ) ;
#2013 = VERTEX_POINT ( 'NONE', #452 ) ;
#2014 = CARTESIAN_POINT ( 'NONE',  ( -1.000000000000000000, 1.149999999999999911, 0.5000000000000003331 ) ) ;
#2015 = FILL_AREA_STYLE ('',( #1287 ) ) ;
#2016 = CARTESIAN_POINT ( 'NONE',  ( -0.9500000000000005107, 2.250000000000000444, 1.349999999999999645 ) ) ;
#2017 =( NAMED_UNIT ( * ) PLANE_ANGLE_UNIT ( ) SI_UNIT ( $, .RADIAN. ) );
#2018 = ORIENTED_EDGE ( 'NONE', *, *, #6503, .T. ) ;
#2019 = COLOUR_RGB ( '',0.8431372549019607865, 0.8156862745098039102, 0.7529411764705882248 ) ;
#2020 = PRESENTATION_STYLE_ASSIGNMENT (( #772 ) ) ;
#2021 = COLOUR_RGB ( '',0.8509803921568627194, 0.8509803921568627194, 0.8509803921568627194 ) ;
#2022 = EDGE_CURVE ( 'NONE', #1346, #1120, #5613, .T. ) ;
#2023 =( GEOMETRIC_REPRESENTATION_CONTEXT ( 3 ) GLOBAL_UNCERTAINTY_ASSIGNED_CONTEXT ( ( #3081 ) ) GLOBAL_UNIT_ASSIGNED_CONTEXT ( ( #1477, #4667, #4088 ) ) REPRESENTATION_CONTEXT ( 'NONE', 'WORKASPACE' ) );
#2024 = ORIENTED_EDGE ( 'NONE', *, *, #817, .T. ) ;
#2025 = PRESENTATION_STYLE_ASSIGNMENT (( #6595 ) ) ;
#2026 = MECHANICAL_DESIGN_GEOMETRIC_PRESENTATION_REPRESENTATION (  '', ( #2713 ), #4496 ) ;
#2027 = DIRECTION ( 'NONE',  ( 0.000000000000000000, 1.807003620809151213E-16, 1.000000000000000000 ) ) ;
#2028 = CARTESIAN_POINT ( 'NONE',  ( 1.574999999999999067, 0.3799999999999988387, 0.5999999999999994227 ) ) ;
#2029 = DIRECTION ( 'NONE',  ( 9.531447670202286736E-17, -1.000000000000000000, -0.000000000000000000 ) ) ;
#2030 = ORIENTED_EDGE ( 'NONE', *, *, #3071, .T. ) ;
#2031 = SURFACE_STYLE_FILL_AREA ( #4726 ) ;
#2032 = PRESENTATION_LAYER_ASSIGNMENT (  '', '', ( #7147 ) ) ;
#2033 = AXIS2_PLACEMENT_3D ( 'NONE', #5024, #3057, #5071 ) ;
#2034 = EDGE_LOOP ( 'NONE', ( #156, #5324, #7835, #6376 ) ) ;
#2035 = FILL_AREA_STYLE_COLOUR ( '', #3705 ) ;
#2036 = LINE ( 'NONE', #5373, #918 ) ;
#2037 = DIRECTION ( 'NONE',  ( -9.531447670202286736E-17, 1.000000000000000000, 0.000000000000000000 ) ) ;
#2038 = FACE_OUTER_BOUND ( 'NONE', #926, .T. ) ;
#2039 = FILL_AREA_STYLE ('',( #5292 ) ) ;
#2040 = MECHANICAL_DESIGN_GEOMETRIC_PRESENTATION_REPRESENTATION (  '', ( #369 ), #8433 ) ;
#2041 = SURFACE_STYLE_USAGE ( .BOTH. , #8057 ) ;
#2042 = AXIS2_PLACEMENT_3D ( 'NONE', #1369, #6625, #2707 ) ;
#2043 = DIRECTION ( 'NONE',  ( 0.000000000000000000, 0.000000000000000000, 1.000000000000000000 ) ) ;
#2044 = DIRECTION ( 'NONE',  ( -1.070816960479511117E-16, 1.000000000000000000, 2.251393692149440783E-30 ) ) ;
#2045 = CARTESIAN_POINT ( 'NONE',  ( -2.174999999999998490, 0.9499999999999997335, 1.399999999999998801 ) ) ;
#2046 = CARTESIAN_POINT ( 'NONE',  ( 0.9000000000000001332, 1.149999999999999911, 0.4999999999999995559 ) ) ;
#2047 = FILL_AREA_STYLE ('',( #6529 ) ) ;
#2048 =( NAMED_UNIT ( * ) SI_UNIT ( $, .STERADIAN. ) SOLID_ANGLE_UNIT ( ) );
#2049 = SURFACE_SIDE_STYLE ('',( #5427 ) ) ;
#2050 = DIRECTION ( 'NONE',  ( -1.000000000000000000, 0.000000000000000000, -2.096124200138642642E-14 ) ) ;
#2051 = ORIENTED_EDGE ( 'NONE', *, *, #7378, .T. ) ;
#2052 = COLOUR_RGB ( '',0.8431372549019607865, 0.8156862745098039102, 0.7529411764705882248 ) ;
#2053 = VERTEX_POINT ( 'NONE', #3601 ) ;
#2054 = VERTEX_POINT ( 'NONE', #6410 ) ;
#2055 = SURFACE_STYLE_USAGE ( .BOTH. , #1965 ) ;
#2056 = DIRECTION ( 'NONE',  ( 9.531447670202286736E-17, -1.000000000000000000, 1.984131124025319515E-30 ) ) ;
#2057 = LINE ( 'NONE', #140, #1884 ) ;
#2058 = SURFACE_STYLE_USAGE ( .BOTH. , #3343 ) ;
#2059 =( GEOMETRIC_REPRESENTATION_CONTEXT ( 3 ) GLOBAL_UNCERTAINTY_ASSIGNED_CONTEXT ( ( #5000 ) ) GLOBAL_UNIT_ASSIGNED_CONTEXT ( ( #2890, #3700, #2515 ) ) REPRESENTATION_CONTEXT ( 'NONE', 'WORKASPACE' ) );
#2060 = CYLINDRICAL_SURFACE ( 'NONE', #5727, 0.1000000000000000472 ) ;
#2061 = AXIS2_PLACEMENT_3D ( 'NONE', #5070, #2376, #1116 ) ;
#2062 =( NAMED_UNIT ( * ) SI_UNIT ( $, .STERADIAN. ) SOLID_ANGLE_UNIT ( ) );
#2063 = ORIENTED_EDGE ( 'NONE', *, *, #2738, .T. ) ;
#2064 = PRESENTATION_STYLE_ASSIGNMENT (( #66 ) ) ;
#2065 = VERTEX_POINT ( 'NONE', #2953 ) ;
#2066 = PLANE ( 'NONE',  #1661 ) ;
#2067 =( GEOMETRIC_REPRESENTATION_CONTEXT ( 3 ) GLOBAL_UNCERTAINTY_ASSIGNED_CONTEXT ( ( #3096 ) ) GLOBAL_UNIT_ASSIGNED_CONTEXT ( ( #6932, #6279, #4804 ) ) REPRESENTATION_CONTEXT ( 'NONE', 'WORKASPACE' ) );
#2068 = EDGE_CURVE ( 'NONE', #2212, #3113, #4377, .T. ) ;
#2069 = FILL_AREA_STYLE_COLOUR ( '', #2270 ) ;
#2070 = VERTEX_POINT ( 'NONE', #2502 ) ;
#2071 = SURFACE_STYLE_FILL_AREA ( #5988 ) ;
#2072 = ORIENTED_EDGE ( 'NONE', *, *, #4651, .T. ) ;
#2073 =( GEOMETRIC_REPRESENTATION_CONTEXT ( 3 ) GLOBAL_UNCERTAINTY_ASSIGNED_CONTEXT ( ( #7911 ) ) GLOBAL_UNIT_ASSIGNED_CONTEXT ( ( #3246, #5871, #5215 ) ) REPRESENTATION_CONTEXT ( 'NONE', 'WORKASPACE' ) );
#2074 = LINE ( 'NONE', #6643, #7024 ) ;
#2075 = LINE ( 'NONE', #2770, #6001 ) ;
#2076 = EDGE_CURVE ( 'NONE', #6262, #7437, #5884, .T. ) ;
#2077 = CARTESIAN_POINT ( 'NONE',  ( 2.024999999999999467, 0.9500000000000001776, 1.399999999999999689 ) ) ;
#2078 = EDGE_CURVE ( 'NONE', #1439, #5962, #3723, .T. ) ;
#2079 = CARTESIAN_POINT ( 'NONE',  ( 1.374999999999987121, -0.6250000000000002220, 1.799999999999981171 ) ) ;
#2080 = EDGE_CURVE ( 'NONE', #7784, #6476, #5060, .T. ) ;
#2081 = DIRECTION ( 'NONE',  ( 2.096124200138641695E-14, -6.828347369434009008E-33, 1.000000000000000000 ) ) ;
#2082 =( GEOMETRIC_REPRESENTATION_CONTEXT ( 3 ) GLOBAL_UNCERTAINTY_ASSIGNED_CONTEXT ( ( #77 ) ) GLOBAL_UNIT_ASSIGNED_CONTEXT ( ( #5325, #3565, #5451 ) ) REPRESENTATION_CONTEXT ( 'NONE', 'WORKASPACE' ) );
#2083 = PRESENTATION_STYLE_ASSIGNMENT (( #7410 ) ) ;
#2084 = SURFACE_SIDE_STYLE ('',( #675 ) ) ;
#2085 = DIRECTION ( 'NONE',  ( -2.602085213965195259E-15, -2.786356979726887698E-31, -1.000000000000000000 ) ) ;
#2086 =( GEOMETRIC_REPRESENTATION_CONTEXT ( 3 ) GLOBAL_UNCERTAINTY_ASSIGNED_CONTEXT ( ( #7183 ) ) GLOBAL_UNIT_ASSIGNED_CONTEXT ( ( #5184, #4970, #3047 ) ) REPRESENTATION_CONTEXT ( 'NONE', 'WORKASPACE' ) );
#2087 = DIRECTION ( 'NONE',  ( 1.734723475976807094E-14, -0.000000000000000000, 1.000000000000000000 ) ) ;
#2088 = SURFACE_STYLE_USAGE ( .BOTH. , #8146 ) ;
#2089 = ORIENTED_EDGE ( 'NONE', *, *, #8200, .F. ) ;
#2090 = EDGE_CURVE ( 'NONE', #3570, #7813, #6930, .T. ) ;
#2091 = EDGE_LOOP ( 'NONE', ( #1668, #4179, #350, #7940 ) ) ;
#2092 = VECTOR ( 'NONE', #6261, 1000.000000000000000 ) ;
#2093 = DIRECTION ( 'NONE',  ( 0.000000000000000000, 0.000000000000000000, -1.000000000000000000 ) ) ;
#2094 = SURFACE_STYLE_FILL_AREA ( #7382 ) ;
#2095 = FILL_AREA_STYLE_COLOUR ( '', #2019 ) ;
#2096 = UNCERTAINTY_MEASURE_WITH_UNIT (LENGTH_MEASURE( 1.000000000000000082E-05 ), #3466, 'distance_accuracy_value', 'NONE');
#2097 = FILL_AREA_STYLE ('',( #8195 ) ) ;
#2098 = SURFACE_STYLE_USAGE ( .BOTH. , #5392 ) ;
#2099 = VECTOR ( 'NONE', #4212, 1000.000000000000000 ) ;
#2100 = EDGE_CURVE ( 'NONE', #6248, #1420, #7806, .T. ) ;
#2101 = CARTESIAN_POINT ( 'NONE',  ( 0.6989513836793942447, -0.9180000000000003713, 0.000000000000000000 ) ) ;
#2102 = DIRECTION ( 'NONE',  ( 1.000000000000000000, 0.000000000000000000, 1.084202172485504237E-15 ) ) ;
#2103 =( NAMED_UNIT ( * ) PLANE_ANGLE_UNIT ( ) SI_UNIT ( $, .RADIAN. ) );
#2104 = SURFACE_STYLE_FILL_AREA ( #2015 ) ;
#2105 = DIRECTION ( 'NONE',  ( 1.000000000000000000, 0.000000000000000000, 0.000000000000000000 ) ) ;
#2106 = ORIENTED_EDGE ( 'NONE', *, *, #1433, .F. ) ;
#2107 = CARTESIAN_POINT ( 'NONE',  ( -1.474999999999999423, 1.349999999999999867, 0.5999999999999994227 ) ) ;
#2108 = CARTESIAN_POINT ( 'NONE',  ( 1.899999999999999689, -0.7750000000000002442, 1.779999999999980931 ) ) ;
#2109 =( LENGTH_UNIT ( ) NAMED_UNIT ( * ) SI_UNIT ( .MILLI., .METRE. ) );
#2110 = MECHANICAL_DESIGN_GEOMETRIC_PRESENTATION_REPRESENTATION (  '', ( #307 ), #5261 ) ;
#2111 = ORIENTED_EDGE ( 'NONE', *, *, #6015, .F. ) ;
#2112 = CARTESIAN_POINT ( 'NONE',  ( 0.8000000000000038192, 0.9000000000000001332, 1.800000000000000044 ) ) ;
#2113 = ADVANCED_FACE ( 'NONE', ( #4326 ), #6982, .F. ) ;
#2114 = VERTEX_POINT ( 'NONE', #3344 ) ;
#2115 = SURFACE_SIDE_STYLE ('',( #781 ) ) ;
#2116 =( GEOMETRIC_REPRESENTATION_CONTEXT ( 3 ) GLOBAL_UNCERTAINTY_ASSIGNED_CONTEXT ( ( #6058 ) ) GLOBAL_UNIT_ASSIGNED_CONTEXT ( ( #8395, #1266, #3747 ) ) REPRESENTATION_CONTEXT ( 'NONE', 'WORKASPACE' ) );
#2117 = EDGE_CURVE ( 'NONE', #3458, #7218, #3952, .T. ) ;
#2118 =( LENGTH_UNIT ( ) NAMED_UNIT ( * ) SI_UNIT ( .MILLI., .METRE. ) );
#2119 =( NAMED_UNIT ( * ) PLANE_ANGLE_UNIT ( ) SI_UNIT ( $, .RADIAN. ) );
#2120 = SURFACE_STYLE_FILL_AREA ( #3364 ) ;
#2121 = VERTEX_POINT ( 'NONE', #1931 ) ;
#2122 = CARTESIAN_POINT ( 'NONE',  ( 1.474999999999999423, 0.9500000000000000666, 1.199999999999999512 ) ) ;
#2123 = CARTESIAN_POINT ( 'NONE',  ( 1.375000000000012212, -0.6250000000000003331, 0.5999999999999894307 ) ) ;
#2124 = PRESENTATION_LAYER_ASSIGNMENT (  '', '', ( #8528 ) ) ;
#2125 = EDGE_LOOP ( 'NONE', ( #2617, #6463, #7625, #3002, #4032, #5108, #4607, #4172 ) ) ;
#2126 = ADVANCED_FACE ( 'NONE', ( #56 ), #586, .F. ) ;
#2127 = EDGE_CURVE ( 'NONE', #1141, #4044, #5314, .T. ) ;
#2128 = EDGE_CURVE ( 'NONE', #6935, #5137, #7902, .T. ) ;
#2129 =( NAMED_UNIT ( * ) SI_UNIT ( $, .STERADIAN. ) SOLID_ANGLE_UNIT ( ) );
#2130 =( GEOMETRIC_REPRESENTATION_CONTEXT ( 3 ) GLOBAL_UNCERTAINTY_ASSIGNED_CONTEXT ( ( #3179 ) ) GLOBAL_UNIT_ASSIGNED_CONTEXT ( ( #8339, #4334, #3695 ) ) REPRESENTATION_CONTEXT ( 'NONE', 'WORKASPACE' ) );
#2131 = ADVANCED_FACE ( 'NONE', ( #636 ), #8603, .T. ) ;
#2132 = DIRECTION ( 'NONE',  ( -1.000000000000000000, 0.000000000000000000, 0.000000000000000000 ) ) ;
#2133 = ORIENTED_EDGE ( 'NONE', *, *, #970, .F. ) ;
#2134 = ORIENTED_EDGE ( 'NONE', *, *, #97, .T. ) ;
#2135 = AXIS2_PLACEMENT_3D ( 'NONE', #5559, #4150, #2310 ) ;
#2136 = VECTOR ( 'NONE', #7245, 1000.000000000000000 ) ;
#2137 = PLANE ( 'NONE',  #1184 ) ;
#2138 = CARTESIAN_POINT ( 'NONE',  ( 1.343228088337756167E-16, -1.150000000000000355, -1.884924567824053539E-30 ) ) ;
#2139 = LINE ( 'NONE', #8027, #5441 ) ;
#2140 =( NAMED_UNIT ( * ) SI_UNIT ( $, .STERADIAN. ) SOLID_ANGLE_UNIT ( ) );
#2141 =( LENGTH_UNIT ( ) NAMED_UNIT ( * ) SI_UNIT ( .MILLI., .METRE. ) );
#2142 = COLOUR_RGB ( '',0.8431372549019607865, 0.8156862745098039102, 0.7529411764705882248 ) ;
#2143 = PRESENTATION_LAYER_ASSIGNMENT (  '', '', ( #6122 ) ) ;
#2144 = DIRECTION ( 'NONE',  ( -8.340016711426957261E-16, 1.000000000000000000, 0.000000000000000000 ) ) ;
#2145 = DIRECTION ( 'NONE',  ( -1.000000000000000000, 0.000000000000000000, 0.000000000000000000 ) ) ;
#2146 = MECHANICAL_DESIGN_GEOMETRIC_PRESENTATION_REPRESENTATION (  '', ( #2703 ), #8130 ) ;
#2147 = VECTOR ( 'NONE', #3867, 1000.000000000000000 ) ;
#2148 = EDGE_CURVE ( 'NONE', #1439, #1279, #273, .T. ) ;
#2149 = PRESENTATION_STYLE_ASSIGNMENT (( #150 ) ) ;
#2150 =( GEOMETRIC_REPRESENTATION_CONTEXT ( 3 ) GLOBAL_UNCERTAINTY_ASSIGNED_CONTEXT ( ( #8454 ) ) GLOBAL_UNIT_ASSIGNED_CONTEXT ( ( #335, #6780, #4255 ) ) REPRESENTATION_CONTEXT ( 'NONE', 'WORKASPACE' ) );
#2151 = MECHANICAL_DESIGN_GEOMETRIC_PRESENTATION_REPRESENTATION (  '', ( #2578 ), #773 ) ;
#2152 = ORIENTED_EDGE ( 'NONE', *, *, #5388, .F. ) ;
#2153 = FACE_OUTER_BOUND ( 'NONE', #7281, .T. ) ;
#2154 = SURFACE_STYLE_FILL_AREA ( #6032 ) ;
#2155 =( NAMED_UNIT ( * ) PLANE_ANGLE_UNIT ( ) SI_UNIT ( $, .RADIAN. ) );
#2156 = PRESENTATION_LAYER_ASSIGNMENT (  '', '', ( #7417 ) ) ;
#2157 = PRESENTATION_STYLE_ASSIGNMENT (( #4206 ) ) ;
#2158 = COLOUR_RGB ( '',0.8509803921568627194, 0.8509803921568627194, 0.8509803921568627194 ) ;
#2159 = FILL_AREA_STYLE ('',( #6736 ) ) ;
#2160 = ORIENTED_EDGE ( 'NONE', *, *, #5983, .F. ) ;
#2161 = DIRECTION ( 'NONE',  ( -1.000000000000000000, 0.000000000000000000, 0.000000000000000000 ) ) ;
#2162 = FACE_OUTER_BOUND ( 'NONE', #7905, .T. ) ;
#2163 = EDGE_LOOP ( 'NONE', ( #5502, #6112, #4887, #4849, #1584, #2666, #4610, #7559 ) ) ;
#2164 = FILL_AREA_STYLE_COLOUR ( '', #6343 ) ;
#2166 = COLOUR_RGB ( '',0.8431372549019607865, 0.8156862745098039102, 0.7529411764705882248 ) ;
#2165 = CYLINDRICAL_SURFACE ( 'NONE', #5197, 0.1000000000000000472 ) ;
#2167 = VECTOR ( 'NONE', #1768, 1000.000000000000000 ) ;
#2168 = ORIENTED_EDGE ( 'NONE', *, *, #6199, .F. ) ;
#2169 = SURFACE_STYLE_USAGE ( .BOTH. , #7412 ) ;
#2170 =( NAMED_UNIT ( * ) SI_UNIT ( $, .STERADIAN. ) SOLID_ANGLE_UNIT ( ) );
#2171 = PRESENTATION_STYLE_ASSIGNMENT (( #2295 ) ) ;
#2172 = AXIS2_PLACEMENT_3D ( 'NONE', #6191, #4834, #2920 ) ;
#2173 = CARTESIAN_POINT ( 'NONE',  ( 2.024999999999999911, 0.9000000000000002442, 0.5000000000000000000 ) ) ;
#2174 = VECTOR ( 'NONE', #3045, 1000.000000000000000 ) ;
#2175 = DIRECTION ( 'NONE',  ( -1.070816960479510870E-16, 1.000000000000000000, -0.000000000000000000 ) ) ;
#2176 = EDGE_LOOP ( 'NONE', ( #197, #3691, #7236, #3130, #7023, #6962, #2453, #4780 ) ) ;
#2177 = ORIENTED_EDGE ( 'NONE', *, *, #967, .T. ) ;
#2178 = ORIENTED_EDGE ( 'NONE', *, *, #6119, .T. ) ;
#2179 = DIRECTION ( 'NONE',  ( 0.000000000000000000, 0.000000000000000000, -1.000000000000000000 ) ) ;
#2180 = SURFACE_STYLE_USAGE ( .BOTH. , #3590 ) ;
#2181 = UNCERTAINTY_MEASURE_WITH_UNIT (LENGTH_MEASURE( 1.000000000000000082E-05 ), #3551, 'distance_accuracy_value', 'NONE');
#2182 = FACE_OUTER_BOUND ( 'NONE', #1082, .T. ) ;
#2183 = DIRECTION ( 'NONE',  ( -1.070816960479510870E-16, 1.000000000000000000, 0.000000000000000000 ) ) ;
#2184 = SURFACE_STYLE_FILL_AREA ( #8160 ) ;
#2185 = COLOUR_RGB ( '',0.8431372549019607865, 0.8156862745098039102, 0.7529411764705882248 ) ;
#2186 = FACE_OUTER_BOUND ( 'NONE', #284, .T. ) ;
#2187 = ORIENTED_EDGE ( 'NONE', *, *, #2005, .T. ) ;
#2188 = DIRECTION ( 'NONE',  ( -1.000000000000000000, 0.000000000000000000, 0.000000000000000000 ) ) ;
#2189 = CARTESIAN_POINT ( 'NONE',  ( 2.024999999999999911, 0.9500000000000002887, 1.800000000000000044 ) ) ;
#2190 = DIRECTION ( 'NONE',  ( 0.000000000000000000, 0.000000000000000000, -1.000000000000000000 ) ) ;
#2191 = LINE ( 'NONE', #5947, #6825 ) ;
#2192 =( NAMED_UNIT ( * ) PLANE_ANGLE_UNIT ( ) SI_UNIT ( $, .RADIAN. ) );
#2193 = DIRECTION ( 'NONE',  ( -1.070816960479510993E-16, 1.000000000000000000, -0.000000000000000000 ) ) ;
#2194 = ADVANCED_FACE ( 'NONE', ( #5354 ), #8113, .F. ) ;
#2195 = SPHERICAL_SURFACE ( 'NONE', #8388, 0.1000000000000000056 ) ;
#2196 = ORIENTED_EDGE ( 'NONE', *, *, #4278, .F. ) ;
#2197 = SURFACE_STYLE_FILL_AREA ( #7478 ) ;
#2198 = ORIENTED_EDGE ( 'NONE', *, *, #6807, .T. ) ;
#2199 =( LENGTH_UNIT ( ) NAMED_UNIT ( * ) SI_UNIT ( .MILLI., .METRE. ) );
#2200 = VECTOR ( 'NONE', #1258, 1000.000000000000000 ) ;
#2201 = CARTESIAN_POINT ( 'NONE',  ( 1.874999999999988010, -1.149999999999999911, 0.000000000000000000 ) ) ;
#2202 = CARTESIAN_POINT ( 'NONE',  ( -0.8500000000000005329, 2.349999999999999645, 1.349999999999999645 ) ) ;
#2203 =( NAMED_UNIT ( * ) SI_UNIT ( $, .STERADIAN. ) SOLID_ANGLE_UNIT ( ) );
#2204 = DIRECTION ( 'NONE',  ( -1.000000000000000000, 0.000000000000000000, 0.000000000000000000 ) ) ;
#2205 = CYLINDRICAL_SURFACE ( 'NONE', #3834, 0.2999999999999998224 ) ;
#2206 = VERTEX_POINT ( 'NONE', #3428 ) ;
#2207 = MECHANICAL_DESIGN_GEOMETRIC_PRESENTATION_REPRESENTATION (  '', ( #1383 ), #6057 ) ;
#2208 = FILL_AREA_STYLE_COLOUR ( '', #6458 ) ;
#2209 = CARTESIAN_POINT ( 'NONE',  ( -1.474999999999998312, 0.3799999999999983946, 0.4999999999999986122 ) ) ;
#2210 = PRESENTATION_LAYER_ASSIGNMENT (  '', '', ( #5233 ) ) ;
#2211 = DIRECTION ( 'NONE',  ( 0.000000000000000000, 1.000000000000000000, 0.000000000000000000 ) ) ;
#2212 = VERTEX_POINT ( 'NONE', #4186 ) ;
#2213 = MECHANICAL_DESIGN_GEOMETRIC_PRESENTATION_REPRESENTATION (  '', ( #5233 ), #4274 ) ;
#2214 = LINE ( 'NONE', #6135, #8327 ) ;
#2215 = STYLED_ITEM ( 'NONE', ( #6918 ), #53 ) ;
#2216 = ADVANCED_FACE ( 'NONE', ( #6841 ), #106, .F. ) ;
#2217 =( NAMED_UNIT ( * ) PLANE_ANGLE_UNIT ( ) SI_UNIT ( $, .RADIAN. ) );
#2218 = CARTESIAN_POINT ( 'NONE',  ( 1.343228088337756167E-16, -1.150000000000000355, -1.884924567824053539E-30 ) ) ;
#2219 = EDGE_CURVE ( 'NONE', #5850, #5963, #3885, .T. ) ;
#2220 = VECTOR ( 'NONE', #7939, 1000.000000000000000 ) ;
#2221 = ORIENTED_EDGE ( 'NONE', *, *, #3511, .T. ) ;
#2222 = LINE ( 'NONE', #2875, #7703 ) ;
#2223 =( NAMED_UNIT ( * ) PLANE_ANGLE_UNIT ( ) SI_UNIT ( $, .RADIAN. ) );
#2224 = EDGE_CURVE ( 'NONE', #4941, #5976, #7556, .T. ) ;
#2225 = EDGE_CURVE ( 'NONE', #5625, #771, #1742, .T. ) ;
#2226 = EDGE_CURVE ( 'NONE', #18, #2114, #3244, .T. ) ;
#2227 = STYLED_ITEM ( 'NONE', ( #5213 ), #4739 ) ;
#2228 = LINE ( 'NONE', #663, #7116 ) ;
#2229 = DIRECTION ( 'NONE',  ( 0.000000000000000000, 6.862039066364035213E-17, 1.000000000000000000 ) ) ;
#2230 = DIRECTION ( 'NONE',  ( 0.000000000000000000, 0.000000000000000000, -1.000000000000000000 ) ) ;
#2231 = EDGE_CURVE ( 'NONE', #4690, #93, #4886, .T. ) ;
#2232 = CARTESIAN_POINT ( 'NONE',  ( 1.499999999999999778, -0.7750000000000002442, 1.199999999999983524 ) ) ;
#2233 = ORIENTED_EDGE ( 'NONE', *, *, #430, .F. ) ;
#2234 = DIRECTION ( 'NONE',  ( 1.000000000000000000, 0.000000000000000000, 0.000000000000000000 ) ) ;
#2235 = DIRECTION ( 'NONE',  ( 9.531447670202286736E-17, -1.000000000000000000, -0.000000000000000000 ) ) ;
#2236 = CARTESIAN_POINT ( 'NONE',  ( 0.8499999999999995337, 0.9500000000000000666, 1.349999999999999645 ) ) ;
#2237 = ORIENTED_EDGE ( 'NONE', *, *, #7237, .F. ) ;
#2238 = LINE ( 'NONE', #2928, #4929 ) ;
#2239 = DIRECTION ( 'NONE',  ( 1.000000000000000000, 1.070816960479510870E-16, 6.938893903907235280E-16 ) ) ;
#2240 = VERTEX_POINT ( 'NONE', #4233 ) ;
#2241 = PRESENTATION_LAYER_ASSIGNMENT (  '', '', ( #5254 ) ) ;
#2242 = LINE ( 'NONE', #1640, #7789 ) ;
#2243 =( LENGTH_UNIT ( ) NAMED_UNIT ( * ) SI_UNIT ( .MILLI., .METRE. ) );
#2244 = CARTESIAN_POINT ( 'NONE',  ( 2.024999999999999467, 0.9500000000000001776, 1.800000000000000044 ) ) ;
#2245 = FILL_AREA_STYLE_COLOUR ( '', #2951 ) ;
#2246 = PRESENTATION_STYLE_ASSIGNMENT (( #5635 ) ) ;
#2247 = ORIENTED_EDGE ( 'NONE', *, *, #4154, .F. ) ;
#2248 =( NAMED_UNIT ( * ) PLANE_ANGLE_UNIT ( ) SI_UNIT ( $, .RADIAN. ) );
#2249 = AXIS2_PLACEMENT_3D ( 'NONE', #6532, #6398, #3214 ) ;
#2250 =( NAMED_UNIT ( * ) SI_UNIT ( $, .STERADIAN. ) SOLID_ANGLE_UNIT ( ) );
#2251 = CARTESIAN_POINT ( 'NONE',  ( -2.274999999999999911, 0.8999999999999996891, 0.000000000000000000 ) ) ;
#2252 = CARTESIAN_POINT ( 'NONE',  ( -0.9500000000000005107, 2.349999999999999645, 0.4499999999999997335 ) ) ;
#2253 = EDGE_LOOP ( 'NONE', ( #7181, #3778, #6642, #4976 ) ) ;
#2254 = DIRECTION ( 'NONE',  ( -9.531447670202286736E-17, 1.000000000000000000, 0.000000000000000000 ) ) ;
#2255 = FACE_OUTER_BOUND ( 'NONE', #2733, .T. ) ;
#2256 = CARTESIAN_POINT ( 'NONE',  ( -2.274999999999998579, 1.149999999999999689, 1.400000000000000577 ) ) ;
#2257 =( GEOMETRIC_REPRESENTATION_CONTEXT ( 3 ) GLOBAL_UNCERTAINTY_ASSIGNED_CONTEXT ( ( #4820 ) ) GLOBAL_UNIT_ASSIGNED_CONTEXT ( ( #7771, #1847, #3826 ) ) REPRESENTATION_CONTEXT ( 'NONE', 'WORKASPACE' ) );
#2258 = PRESENTATION_LAYER_ASSIGNMENT (  '', '', ( #1565 ) ) ;
#2259 = CARTESIAN_POINT ( 'NONE',  ( 0.9499999999999995115, 0.9500000000000000666, 0.5499999999999998224 ) ) ;
#2260 = DIRECTION ( 'NONE',  ( -1.070816960479511117E-16, 1.000000000000000000, 2.251393692149440783E-30 ) ) ;
#2261 =( NAMED_UNIT ( * ) PLANE_ANGLE_UNIT ( ) SI_UNIT ( $, .RADIAN. ) );
#2262 = DIRECTION ( 'NONE',  ( 0.000000000000000000, 0.000000000000000000, -1.000000000000000000 ) ) ;
#2263 = EDGE_CURVE ( 'NONE', #3866, #3971, #5866, .T. ) ;
#2264 = COLOUR_RGB ( '',0.8509803921568627194, 0.8509803921568627194, 0.8509803921568627194 ) ;
#2265 = ORIENTED_EDGE ( 'NONE', *, *, #3183, .F. ) ;
#2266 = DIRECTION ( 'NONE',  ( -2.096124200138641695E-14, 0.000000000000000000, 1.000000000000000000 ) ) ;
#2267 =( GEOMETRIC_REPRESENTATION_CONTEXT ( 3 ) GLOBAL_UNCERTAINTY_ASSIGNED_CONTEXT ( ( #5714 ) ) GLOBAL_UNIT_ASSIGNED_CONTEXT ( ( #7766, #5668, #2369 ) ) REPRESENTATION_CONTEXT ( 'NONE', 'WORKASPACE' ) );
#2268 = CARTESIAN_POINT ( 'NONE',  ( -1.899999999999999689, -0.8250000000000002887, 0.2000000000000000111 ) ) ;
#2269 = LINE ( 'NONE', #7564, #3675 ) ;
#2270 = COLOUR_RGB ( '',0.8509803921568627194, 0.8509803921568627194, 0.8509803921568627194 ) ;
#2271 = MECHANICAL_DESIGN_GEOMETRIC_PRESENTATION_REPRESENTATION (  '', ( #6122 ), #1867 ) ;
#2272 = LINE ( 'NONE', #4880, #3243 ) ;
#2273 = LINE ( 'NONE', #322, #5650 ) ;
#2274 = COLOUR_RGB ( '',0.8431372549019607865, 0.8156862745098039102, 0.7529411764705882248 ) ;
#2275 = EDGE_LOOP ( 'NONE', ( #3440, #4558, #6606, #4725 ) ) ;
#2276 = FILL_AREA_STYLE ('',( #4935 ) ) ;
#2277 = STYLED_ITEM ( 'NONE', ( #6241 ), #5919 ) ;
#2278 = VERTEX_POINT ( 'NONE', #7741 ) ;
#2279 = CARTESIAN_POINT ( 'NONE',  ( -2.074999999999997513, -0.6250000000000003331, 1.299999999999994271 ) ) ;
#2280 = CARTESIAN_POINT ( 'NONE',  ( -1.874999999999998002, -1.150000000000000355, 0.5999999999999999778 ) ) ;
#2281 = EDGE_LOOP ( 'NONE', ( #3276, #7049, #3488, #5720 ) ) ;
#2282 = ORIENTED_EDGE ( 'NONE', *, *, #5117, .F. ) ;
#2283 = EDGE_CURVE ( 'NONE', #226, #2475, #7787, .T. ) ;
#2284 = VECTOR ( 'NONE', #38, 1000.000000000000000 ) ;
#2285 = CARTESIAN_POINT ( 'NONE',  ( -1.474999999999999423, 1.249999999999999778, 1.199999999999999512 ) ) ;
#2286 = AXIS2_PLACEMENT_3D ( 'NONE', #3978, #2093, #2628 ) ;
#2287 = FILL_AREA_STYLE ('',( #5412 ) ) ;
#2288 = CARTESIAN_POINT ( 'NONE',  ( 0.6989513836793942447, -1.150000000000000355, 1.800000000000000044 ) ) ;
#2289 = FILL_AREA_STYLE_COLOUR ( '', #4967 ) ;
#2290 = PLANE ( 'NONE',  #900 ) ;
#2291 = FILL_AREA_STYLE ('',( #3708 ) ) ;
#2292 = PRESENTATION_LAYER_ASSIGNMENT (  '', '', ( #8138 ) ) ;
#2293 =( GEOMETRIC_REPRESENTATION_CONTEXT ( 3 ) GLOBAL_UNCERTAINTY_ASSIGNED_CONTEXT ( ( #5591 ) ) GLOBAL_UNIT_ASSIGNED_CONTEXT ( ( #7108, #4453, #3032 ) ) REPRESENTATION_CONTEXT ( 'NONE', 'WORKASPACE' ) );
#2294 = COLOUR_RGB ( '',0.8509803921568627194, 0.8509803921568627194, 0.8509803921568627194 ) ;
#2295 = SURFACE_STYLE_USAGE ( .BOTH. , #6129 ) ;
#2296 = LINE ( 'NONE', #6174, #1445 ) ;
#2297 = DIRECTION ( 'NONE',  ( 0.000000000000000000, 0.000000000000000000, 1.000000000000000000 ) ) ;
#2298 = CIRCLE ( 'NONE', #6291, 0.05000000000000012768 ) ;
#2299 = AXIS2_PLACEMENT_3D ( 'NONE', #343, #4216, #2978 ) ;
#2300 = ORIENTED_EDGE ( 'NONE', *, *, #7164, .F. ) ;
#2301 = DIRECTION ( 'NONE',  ( 9.531447670202286736E-17, -1.000000000000000000, -0.000000000000000000 ) ) ;
#2302 = COLOUR_RGB ( '',0.8509803921568627194, 0.8509803921568627194, 0.8509803921568627194 ) ;
#2303 = VECTOR ( 'NONE', #5192, 1000.000000000000000 ) ;
#2304 = SURFACE_SIDE_STYLE ('',( #2400 ) ) ;
#2305 = SURFACE_SIDE_STYLE ('',( #2912 ) ) ;
#2306 = ORIENTED_EDGE ( 'NONE', *, *, #7938, .T. ) ;
#2307 = MECHANICAL_DESIGN_GEOMETRIC_PRESENTATION_REPRESENTATION (  '', ( #1907 ), #4518 ) ;
#2308 = ORIENTED_EDGE ( 'NONE', *, *, #6020, .T. ) ;
#2309 = DIRECTION ( 'NONE',  ( 9.531447670202286736E-17, -1.000000000000000000, -0.000000000000000000 ) ) ;
#2310 = DIRECTION ( 'NONE',  ( 1.000000000000000000, 0.000000000000000000, 0.000000000000000000 ) ) ;
#2311 = SPHERICAL_SURFACE ( 'NONE', #1479, 0.1000000000000000056 ) ;
#2312 = STYLED_ITEM ( 'NONE', ( #6612 ), #8266 ) ;
#2313 = CARTESIAN_POINT ( 'NONE',  ( -0.7058717852661396952, -1.150000000000000355, 0.000000000000000000 ) ) ;
#2314 = FILL_AREA_STYLE ('',( #8372 ) ) ;
#2315 = DIRECTION ( 'NONE',  ( -0.000000000000000000, -0.000000000000000000, -1.000000000000000000 ) ) ;
#2316 = LINE ( 'NONE', #5523, #4678 ) ;
#2317 = ORIENTED_EDGE ( 'NONE', *, *, #4542, .T. ) ;
#2319 = ORIENTED_EDGE ( 'NONE', *, *, #6574, .T. ) ;
#2318 = PRESENTATION_LAYER_ASSIGNMENT (  '', '', ( #678 ) ) ;
#2320 =( LENGTH_UNIT ( ) NAMED_UNIT ( * ) SI_UNIT ( .MILLI., .METRE. ) );
#2321 = PRESENTATION_STYLE_ASSIGNMENT (( #2884 ) ) ;
#2322 = ORIENTED_EDGE ( 'NONE', *, *, #1179, .T. ) ;
#2323 = CARTESIAN_POINT ( 'NONE',  ( 1.375000000000012212, -0.6250000000000003331, 0.5999999999999894307 ) ) ;
#2324 = STYLED_ITEM ( 'NONE', ( #6478 ), #700 ) ;
#2325 = SURFACE_STYLE_FILL_AREA ( #377 ) ;
#2326 = ORIENTED_EDGE ( 'NONE', *, *, #3133, .T. ) ;
#2327 = ORIENTED_EDGE ( 'NONE', *, *, #1691, .F. ) ;
#2328 = DIRECTION ( 'NONE',  ( 0.000000000000000000, 1.000000000000000000, 0.000000000000000000 ) ) ;
#2329 = DIRECTION ( 'NONE',  ( 0.000000000000000000, 1.000000000000000000, 0.000000000000000000 ) ) ;
#2330 = ORIENTED_EDGE ( 'NONE', *, *, #8586, .T. ) ;
#2331 = SURFACE_STYLE_USAGE ( .BOTH. , #4301 ) ;
#2332 = EDGE_CURVE ( 'NONE', #5317, #4690, #5826, .T. ) ;
#2333 = DIRECTION ( 'NONE',  ( 0.000000000000000000, 0.000000000000000000, -1.000000000000000000 ) ) ;
#2334 = SURFACE_SIDE_STYLE ('',( #7010 ) ) ;
#2335 = EDGE_LOOP ( 'NONE', ( #328, #2198, #833, #629, #1416, #8366 ) ) ;
#2336 = EDGE_CURVE ( 'NONE', #4044, #1120, #8566, .T. ) ;
#2337 = PRESENTATION_LAYER_ASSIGNMENT (  '', '', ( #3847 ) ) ;
#2338 =( LENGTH_UNIT ( ) NAMED_UNIT ( * ) SI_UNIT ( .MILLI., .METRE. ) );
#2339 = ADVANCED_FACE ( 'NONE', ( #6882 ), #2486, .F. ) ;
#2340 = EDGE_CURVE ( 'NONE', #2212, #2655, #5124, .T. ) ;
#2341 = SURFACE_SIDE_STYLE ('',( #6258 ) ) ;
#2342 = SURFACE_SIDE_STYLE ('',( #219 ) ) ;
#2343 = SURFACE_STYLE_FILL_AREA ( #434 ) ;
#2344 = DIRECTION ( 'NONE',  ( 0.000000000000000000, 0.000000000000000000, 1.000000000000000000 ) ) ;
#2345 = ORIENTED_EDGE ( 'NONE', *, *, #7319, .F. ) ;
#2346 = SURFACE_STYLE_USAGE ( .BOTH. , #3714 ) ;
#2347 = PLANE ( 'NONE',  #3023 ) ;
#2348 = CARTESIAN_POINT ( 'NONE',  ( -1.874999999999987566, -1.150000000000000355, 0.000000000000000000 ) ) ;
#2349 = AXIS2_PLACEMENT_3D ( 'NONE', #5440, #8162, #7504 ) ;
#2350 = UNCERTAINTY_MEASURE_WITH_UNIT (LENGTH_MEASURE( 1.000000000000000082E-05 ), #1849, 'distance_accuracy_value', 'NONE');
#2351 =( NAMED_UNIT ( * ) SI_UNIT ( $, .STERADIAN. ) SOLID_ANGLE_UNIT ( ) );
#2352 = ADVANCED_FACE ( 'NONE', ( #8394 ), #7099, .F. ) ;
#2353 = CARTESIAN_POINT ( 'NONE',  ( 1.899999999999999689, -0.6249999999999951150, 0.2000000000000000111 ) ) ;
#2354 = AXIS2_PLACEMENT_3D ( 'NONE', #911, #996, #384 ) ;
#2355 = ORIENTED_EDGE ( 'NONE', *, *, #1073, .T. ) ;
#2356 = AXIS2_PLACEMENT_3D ( 'NONE', #5310, #5966, #6055 ) ;
#2357 = ORIENTED_EDGE ( 'NONE', *, *, #1238, .F. ) ;
#2358 = PRESENTATION_LAYER_ASSIGNMENT (  '', '', ( #2503 ) ) ;
#2359 = MECHANICAL_DESIGN_GEOMETRIC_PRESENTATION_REPRESENTATION (  '', ( #847 ), #6900 ) ;
#2360 = SURFACE_STYLE_FILL_AREA ( #6888 ) ;
#2361 = EDGE_CURVE ( 'NONE', #2550, #1484, #3361, .T. ) ;
#2362 = PLANE ( 'NONE',  #2003 ) ;
#2363 = CARTESIAN_POINT ( 'NONE',  ( 0.8000000000000037081, 1.149999999999999911, 1.849999999999999423 ) ) ;
#2364 = MECHANICAL_DESIGN_GEOMETRIC_PRESENTATION_REPRESENTATION (  '', ( #6632 ), #3194 ) ;
#2365 = CARTESIAN_POINT ( 'NONE',  ( -1.874999999999987788, 0.9499999999999997335, 0.000000000000000000 ) ) ;
#2366 = CARTESIAN_POINT ( 'NONE',  ( 0.8999999999999994671, 1.149999999999999911, 0.3999999999999996336 ) ) ;
#2367 = VERTEX_POINT ( 'NONE', #5377 ) ;
#2368 = ORIENTED_EDGE ( 'NONE', *, *, #8631, .T. ) ;
#2369 =( NAMED_UNIT ( * ) SI_UNIT ( $, .STERADIAN. ) SOLID_ANGLE_UNIT ( ) );
#2370 = ORIENTED_EDGE ( 'NONE', *, *, #3286, .T. ) ;
#2371 =( NAMED_UNIT ( * ) PLANE_ANGLE_UNIT ( ) SI_UNIT ( $, .RADIAN. ) );
#2372 = FILL_AREA_STYLE_COLOUR ( '', #1199 ) ;
#2373 = CIRCLE ( 'NONE', #7229, 0.1000000000000000472 ) ;
#2374 = ORIENTED_EDGE ( 'NONE', *, *, #932, .F. ) ;
#2375 = ORIENTED_EDGE ( 'NONE', *, *, #5057, .T. ) ;
#2376 = DIRECTION ( 'NONE',  ( -1.070816960479510870E-16, 1.000000000000000000, 0.000000000000000000 ) ) ;
#2377 = CARTESIAN_POINT ( 'NONE',  ( -0.9500000000000005107, 2.250000000000000444, 0.4499999999999997335 ) ) ;
#2378 = ORIENTED_EDGE ( 'NONE', *, *, #1972, .T. ) ;
#2379 = CARTESIAN_POINT ( 'NONE',  ( -1.774999999999998357, 0.3799999999999983946, 0.5999999999999983125 ) ) ;
#2380 = MECHANICAL_DESIGN_GEOMETRIC_PRESENTATION_REPRESENTATION (  '', ( #4285 ), #8084 ) ;
#2381 = ADVANCED_FACE ( 'NONE', ( #4620, #5336 ), #1950, .T. ) ;
#2382 = VERTEX_POINT ( 'NONE', #6607 ) ;
#2383 = LINE ( 'NONE', #5540, #7864 ) ;
#2384 = CARTESIAN_POINT ( 'NONE',  ( -1.574999999999999512, 1.249999999999999778, 1.299999999999999600 ) ) ;
#2385 = DIRECTION ( 'NONE',  ( 0.000000000000000000, 1.000000000000000000, 0.000000000000000000 ) ) ;
#2386 = CARTESIAN_POINT ( 'NONE',  ( -1.874999999999998002, -0.6250000000000003331, 0.5999999999999999778 ) ) ;
#2387 = SURFACE_SIDE_STYLE ('',( #8318 ) ) ;
#2388 = DIRECTION ( 'NONE',  ( -1.070816960479510870E-16, 1.000000000000000000, 0.000000000000000000 ) ) ;
#2389 = PRESENTATION_LAYER_ASSIGNMENT (  '', '', ( #6094 ) ) ;
#2390 = ORIENTED_EDGE ( 'NONE', *, *, #1443, .F. ) ;
#2391 = ADVANCED_FACE ( 'NONE', ( #2038 ), #5948, .T. ) ;
#2392 = DIRECTION ( 'NONE',  ( -1.000000000000000000, 0.000000000000000000, 0.000000000000000000 ) ) ;
#2393 = ADVANCED_FACE ( 'NONE', ( #1030 ), #4850, .F. ) ;
#2394 = STYLED_ITEM ( 'NONE', ( #1647 ), #3855 ) ;
#2395 = CARTESIAN_POINT ( 'NONE',  ( -1.874999999999999556, 1.249999999999999778, 1.199999999999999512 ) ) ;
#2396 = LINE ( 'NONE', #3849, #3414 ) ;
#2397 =( NAMED_UNIT ( * ) SI_UNIT ( $, .STERADIAN. ) SOLID_ANGLE_UNIT ( ) );
#2398 = EDGE_CURVE ( 'NONE', #4329, #1581, #6080, .T. ) ;
#2399 = COLOUR_RGB ( '',0.8431372549019607865, 0.8156862745098039102, 0.7529411764705882248 ) ;
#2400 = SURFACE_STYLE_FILL_AREA ( #1138 ) ;
#2401 = FACE_OUTER_BOUND ( 'NONE', #571, .T. ) ;
#2402 = ORIENTED_EDGE ( 'NONE', *, *, #4835, .T. ) ;
#2403 = ORIENTED_EDGE ( 'NONE', *, *, #2231, .F. ) ;
#2404 = AXIS2_PLACEMENT_3D ( 'NONE', #5799, #403, #8503 ) ;
#2405 = CARTESIAN_POINT ( 'NONE',  ( 1.774999999999999467, 1.250000000000000000, 0.5999999999999994227 ) ) ;
#2406 = DIRECTION ( 'NONE',  ( 0.000000000000000000, -1.000000000000000000, 0.000000000000000000 ) ) ;
#2407 = PRESENTATION_STYLE_ASSIGNMENT (( #3083 ) ) ;
#2408 = VECTOR ( 'NONE', #2469, 1000.000000000000000 ) ;
#2409 = CIRCLE ( 'NONE', #4860, 0.09999999999999993616 ) ;
#2410 =( LENGTH_UNIT ( ) NAMED_UNIT ( * ) SI_UNIT ( .MILLI., .METRE. ) );
#2411 = COLOUR_RGB ( '',0.2235294117647058654, 0.2235294117647058654, 0.2235294117647058654 ) ;
#2412 = ORIENTED_EDGE ( 'NONE', *, *, #837, .T. ) ;
#2413 = CARTESIAN_POINT ( 'NONE',  ( 1.474999999999999423, 0.9499999999999998446, 1.199999999999999512 ) ) ;
#2414 = DIRECTION ( 'NONE',  ( -0.000000000000000000, -0.000000000000000000, -1.000000000000000000 ) ) ;
#2415 = VERTEX_POINT ( 'NONE', #6249 ) ;
#2416 =( LENGTH_UNIT ( ) NAMED_UNIT ( * ) SI_UNIT ( .MILLI., .METRE. ) );
#2417 = VECTOR ( 'NONE', #4025, 1000.000000000000000 ) ;
#2418 = CARTESIAN_POINT ( 'NONE',  ( 2.275000000000033662, -0.9578422717728219959, 1.199999999999905143 ) ) ;
#2419 = AXIS2_PLACEMENT_3D ( 'NONE', #7878, #4489, #7739 ) ;
#2420 = VERTEX_POINT ( 'NONE', #7582 ) ;
#2421 = ORIENTED_EDGE ( 'NONE', *, *, #6554, .F. ) ;
#2422 = CARTESIAN_POINT ( 'NONE',  ( -0.8499999999999999778, 0.2499999999999997780, -0.4000000000000000222 ) ) ;
#2423 = DIRECTION ( 'NONE',  ( -0.000000000000000000, -0.000000000000000000, -1.000000000000000000 ) ) ;
#2424 = ORIENTED_EDGE ( 'NONE', *, *, #5376, .F. ) ;
#2425 = AXIS2_PLACEMENT_3D ( 'NONE', #7142, #5776, #2481 ) ;
#2426 = SURFACE_SIDE_STYLE ('',( #1944 ) ) ;
#2427 = PRESENTATION_LAYER_ASSIGNMENT (  '', '', ( #3928 ) ) ;
#2428 = DIRECTION ( 'NONE',  ( -1.000000000000000000, -1.070816960479510993E-16, 0.000000000000000000 ) ) ;
#2429 = ORIENTED_EDGE ( 'NONE', *, *, #6285, .F. ) ;
#2430 = CIRCLE ( 'NONE', #7278, 0.1000000000000000472 ) ;
#2431 = CARTESIAN_POINT ( 'NONE',  ( 1.774999999999999467, 1.250000000000000000, 1.199999999999999512 ) ) ;
#2432 = COLOUR_RGB ( '',0.8431372549019607865, 0.8156862745098039102, 0.7529411764705882248 ) ;
#2433 = UNCERTAINTY_MEASURE_WITH_UNIT (LENGTH_MEASURE( 1.000000000000000082E-05 ), #7304, 'distance_accuracy_value', 'NONE');
#2434 = CARTESIAN_POINT ( 'NONE',  ( 2.075000000000000622, 0.3799999999999998934, 1.800000000000000044 ) ) ;
#2435 = CARTESIAN_POINT ( 'NONE',  ( -2.274999999999999911, 0.8999999999999996891, 1.800000000000000044 ) ) ;
#2436 = FACE_OUTER_BOUND ( 'NONE', #7719, .T. ) ;
#2437 = ORIENTED_EDGE ( 'NONE', *, *, #1921, .F. ) ;
#2438 = CIRCLE ( 'NONE', #6137, 0.1000000000000001582 ) ;
#2440 = AXIS2_PLACEMENT_3D ( 'NONE', #5789, #1309, #1226 ) ;
#2439 =( LENGTH_UNIT ( ) NAMED_UNIT ( * ) SI_UNIT ( .MILLI., .METRE. ) );
#2441 = PRESENTATION_STYLE_ASSIGNMENT (( #5696 ) ) ;
#2442 = DIRECTION ( 'NONE',  ( 0.000000000000000000, 1.000000000000000000, 0.000000000000000000 ) ) ;
#2443 = VECTOR ( 'NONE', #725, 1000.000000000000000 ) ;
#2444 = DIRECTION ( 'NONE',  ( -1.070816960479510993E-16, 1.000000000000000000, 0.000000000000000000 ) ) ;
#2445 = VECTOR ( 'NONE', #4959, 1000.000000000000000 ) ;
#2446 = UNCERTAINTY_MEASURE_WITH_UNIT (LENGTH_MEASURE( 1.000000000000000082E-05 ), #6257, 'distance_accuracy_value', 'NONE');
#2447 = STYLED_ITEM ( 'NONE', ( #5248 ), #2391 ) ;
#2448 = DIRECTION ( 'NONE',  ( 1.000000000000000000, 0.000000000000000000, 0.000000000000000000 ) ) ;
#2449 = FACE_OUTER_BOUND ( 'NONE', #4588, .T. ) ;
#2450 = ORIENTED_EDGE ( 'NONE', *, *, #5700, .F. ) ;
#2451 = ORIENTED_EDGE ( 'NONE', *, *, #159, .F. ) ;
#2452 = EDGE_CURVE ( 'NONE', #4889, #5017, #7529, .T. ) ;
#2453 = ORIENTED_EDGE ( 'NONE', *, *, #600, .T. ) ;
#2454 = PRESENTATION_LAYER_ASSIGNMENT (  '', '', ( #6149 ) ) ;
#2455 = COLOUR_RGB ( '',0.8431372549019607865, 0.8156862745098039102, 0.7529411764705882248 ) ;
#2456 =( NAMED_UNIT ( * ) PLANE_ANGLE_UNIT ( ) SI_UNIT ( $, .RADIAN. ) );
#2457 = LINE ( 'NONE', #4424, #7110 ) ;
#2458 =( NAMED_UNIT ( * ) PLANE_ANGLE_UNIT ( ) SI_UNIT ( $, .RADIAN. ) );
#2459 = UNCERTAINTY_MEASURE_WITH_UNIT (LENGTH_MEASURE( 1.000000000000000082E-05 ), #1792, 'distance_accuracy_value', 'NONE');
#2460 = EDGE_CURVE ( 'NONE', #4825, #6116, #1593, .T. ) ;
#2461 = CARTESIAN_POINT ( 'NONE',  ( 0.8499999999999999778, 0.2499999999999997780, -0.4000000000000000222 ) ) ;
#2462 = UNCERTAINTY_MEASURE_WITH_UNIT (LENGTH_MEASURE( 1.000000000000000082E-05 ), #7354, 'distance_accuracy_value', 'NONE');
#2463 = CIRCLE ( 'NONE', #2172, 0.1000000000000000472 ) ;
#2464 = SURFACE_SIDE_STYLE ('',( #8467 ) ) ;
#2465 = VERTEX_POINT ( 'NONE', #2848 ) ;
#2466 = DIRECTION ( 'NONE',  ( -1.070816960479510993E-16, 1.000000000000000000, 0.000000000000000000 ) ) ;
#2467 =( NAMED_UNIT ( * ) PLANE_ANGLE_UNIT ( ) SI_UNIT ( $, .RADIAN. ) );
#2468 = VERTEX_POINT ( 'NONE', #6782 ) ;
#2469 = DIRECTION ( 'NONE',  ( -1.070816960479510870E-16, 1.000000000000000000, -0.000000000000000000 ) ) ;
#2470 = AXIS2_PLACEMENT_3D ( 'NONE', #4086, #3450, #7335 ) ;
#2471 = PLANE ( 'NONE',  #2725 ) ;
#2472 = EDGE_LOOP ( 'NONE', ( #3233, #1592, #325, #462 ) ) ;
#2473 = DIRECTION ( 'NONE',  ( 9.531447670202287969E-17, -1.000000000000000000, 0.000000000000000000 ) ) ;
#2474 = CARTESIAN_POINT ( 'NONE',  ( 2.074999999999998845, -0.9578422717728219959, 0.5999999999999999778 ) ) ;
#2475 = VERTEX_POINT ( 'NONE', #4774 ) ;
#2476 = EDGE_CURVE ( 'NONE', #5485, #4431, #1511, .T. ) ;
#2477 = DIRECTION ( 'NONE',  ( -1.070816960479510993E-16, 1.000000000000000000, -0.000000000000000000 ) ) ;
#2478 = VECTOR ( 'NONE', #3879, 1000.000000000000000 ) ;
#2479 = SURFACE_STYLE_USAGE ( .BOTH. , #5115 ) ;
#2480 = VECTOR ( 'NONE', #7497, 1000.000000000000000 ) ;
#2481 = DIRECTION ( 'NONE',  ( 1.000000000000000000, -1.070816960479510993E-16, 0.000000000000000000 ) ) ;
#2482 = SURFACE_STYLE_FILL_AREA ( #8479 ) ;
#2483 = EDGE_LOOP ( 'NONE', ( #860, #6024, #6159, #3501, #3087, #6730, #4187, #5703, #7206, #6416 ) ) ;
#2484 = CARTESIAN_POINT ( 'NONE',  ( -0.7058717852661396952, -1.150000000000000355, 1.800000000000000044 ) ) ;
#2485 =( LENGTH_UNIT ( ) NAMED_UNIT ( * ) SI_UNIT ( .MILLI., .METRE. ) );
#2486 = PLANE ( 'NONE',  #225 ) ;
#2487 = SURFACE_STYLE_FILL_AREA ( #3930 ) ;
#2488 = DIRECTION ( 'NONE',  ( 2.096124200138641695E-14, 0.000000000000000000, 1.000000000000000000 ) ) ;
#2489 = DIRECTION ( 'NONE',  ( -1.000000000000000000, -1.070816960479510993E-16, 0.000000000000000000 ) ) ;
#2490 = ORIENTED_EDGE ( 'NONE', *, *, #7729, .T. ) ;
#2491 = MECHANICAL_DESIGN_GEOMETRIC_PRESENTATION_REPRESENTATION (  '', ( #823 ), #2059 ) ;
#2492 = MECHANICAL_DESIGN_GEOMETRIC_PRESENTATION_REPRESENTATION (  '', ( #5075 ), #1793 ) ;
#2493 =( NAMED_UNIT ( * ) PLANE_ANGLE_UNIT ( ) SI_UNIT ( $, .RADIAN. ) );
#2494 = DIRECTION ( 'NONE',  ( 0.000000000000000000, 0.000000000000000000, 1.000000000000000000 ) ) ;
#2495 = CARTESIAN_POINT ( 'NONE',  ( 1.874999999999999334, 0.9499999999999998446, 0.5999999999999994227 ) ) ;
#2496 = ORIENTED_EDGE ( 'NONE', *, *, #1456, .T. ) ;
#2497 = CARTESIAN_POINT ( 'NONE',  ( 1.574999999999999289, 1.350000000000000089, 0.4999999999999993339 ) ) ;
#2498 = MECHANICAL_DESIGN_GEOMETRIC_PRESENTATION_REPRESENTATION (  '', ( #269 ), #706 ) ;
#2499 = PLANE ( 'NONE',  #6025 ) ;
#2500 = EDGE_CURVE ( 'NONE', #1156, #5616, #7672, .T. ) ;
#2501 = DIRECTION ( 'NONE',  ( -1.000000000000000000, -0.000000000000000000, -0.000000000000000000 ) ) ;
#2502 = CARTESIAN_POINT ( 'NONE',  ( -1.574999999999999067, 1.149999999999999689, 1.299999999999998712 ) ) ;
#2503 = STYLED_ITEM ( 'NONE', ( #7317 ), #4273 ) ;
#2504 = PRESENTATION_STYLE_ASSIGNMENT (( #1069 ) ) ;
#2505 = ORIENTED_EDGE ( 'NONE', *, *, #3422, .F. ) ;
#2506 = CARTESIAN_POINT ( 'NONE',  ( 2.024999999999998579, 0.9500000000000001776, 1.299999999999998712 ) ) ;
#2507 = EDGE_CURVE ( 'NONE', #4479, #136, #1639, .T. ) ;
#2508 = SURFACE_STYLE_FILL_AREA ( #6992 ) ;
#2509 = EDGE_CURVE ( 'NONE', #2930, #7217, #6902, .T. ) ;
#2510 = ADVANCED_FACE ( 'NONE', ( #7483 ), #8257, .F. ) ;
#2511 = PRESENTATION_STYLE_ASSIGNMENT (( #5105 ) ) ;
#2512 = CARTESIAN_POINT ( 'NONE',  ( -2.304478301841666029E-16, 2.250000000000000444, 1.249999999999999556 ) ) ;
#2513 = ORIENTED_EDGE ( 'NONE', *, *, #3382, .T. ) ;
#2514 = UNCERTAINTY_MEASURE_WITH_UNIT (LENGTH_MEASURE( 1.000000000000000082E-05 ), #7352, 'distance_accuracy_value', 'NONE');
#2515 =( NAMED_UNIT ( * ) SI_UNIT ( $, .STERADIAN. ) SOLID_ANGLE_UNIT ( ) );
#2516 = LINE ( 'NONE', #4943, #6835 ) ;
#2517 = ADVANCED_FACE ( 'NONE', ( #5817 ), #510, .F. ) ;
#2518 = EDGE_LOOP ( 'NONE', ( #16, #2370, #5547, #6308, #2390, #754, #2822, #4094, #24, #1381 ) ) ;
#2519 = FILL_AREA_STYLE ('',( #3014 ) ) ;
#2520 = SURFACE_STYLE_FILL_AREA ( #4397 ) ;
#2521 = DIRECTION ( 'NONE',  ( -0.000000000000000000, -0.000000000000000000, -1.000000000000000000 ) ) ;
#2522 = LINE ( 'NONE', #8434, #6684 ) ;
#2523 = DIRECTION ( 'NONE',  ( 0.000000000000000000, 1.000000000000000000, 0.000000000000000000 ) ) ;
#2524 = ORIENTED_EDGE ( 'NONE', *, *, #3486, .F. ) ;
#2525 = FILL_AREA_STYLE_COLOUR ( '', #3668 ) ;
#2526 = FILL_AREA_STYLE_COLOUR ( '', #5338 ) ;
#2527 = DIRECTION ( 'NONE',  ( -1.000000000000000000, 0.000000000000000000, 0.000000000000000000 ) ) ;
#2528 = AXIS2_PLACEMENT_3D ( 'NONE', #6307, #2388, #6912 ) ;
#2529 = UNCERTAINTY_MEASURE_WITH_UNIT (LENGTH_MEASURE( 1.000000000000000082E-05 ), #2141, 'distance_accuracy_value', 'NONE');
#2530 = DIRECTION ( 'NONE',  ( -0.000000000000000000, -0.000000000000000000, -1.000000000000000000 ) ) ;
#2531 = CARTESIAN_POINT ( 'NONE',  ( -1.474999999999999423, 0.3799999999999983946, 1.299999999999998712 ) ) ;
#2532 = EDGE_LOOP ( 'NONE', ( #94, #8233, #1763, #74, #4429, #2437 ) ) ;
#2533 = PLANE ( 'NONE',  #3315 ) ;
#2534 =( NAMED_UNIT ( * ) PLANE_ANGLE_UNIT ( ) SI_UNIT ( $, .RADIAN. ) );
#2535 = EDGE_CURVE ( 'NONE', #7324, #8565, #5139, .T. ) ;
#2536 = LINE ( 'NONE', #8401, #3390 ) ;
#2537 = DIRECTION ( 'NONE',  ( -1.000000000000000000, 0.000000000000000000, 0.000000000000000000 ) ) ;
#2538 = UNCERTAINTY_MEASURE_WITH_UNIT (LENGTH_MEASURE( 1.000000000000000082E-05 ), #564, 'distance_accuracy_value', 'NONE');
#2539 = VERTEX_POINT ( 'NONE', #7866 ) ;
#2540 = ORIENTED_EDGE ( 'NONE', *, *, #6820, .F. ) ;
#2541 = SURFACE_STYLE_USAGE ( .BOTH. , #5757 ) ;
#2542 = LINE ( 'NONE', #1193, #608 ) ;
#2543 = LINE ( 'NONE', #5142, #1353 ) ;
#2544 = LINE ( 'NONE', #4466, #6547 ) ;
#2545 = PRODUCT_RELATED_PRODUCT_CATEGORY ( 'part', '', ( #4657 ) ) ;
#2546 = SURFACE_SIDE_STYLE ('',( #3566 ) ) ;
#2547 = STYLED_ITEM ( 'NONE', ( #703 ), #3957 ) ;
#2548 =( NAMED_UNIT ( * ) SI_UNIT ( $, .STERADIAN. ) SOLID_ANGLE_UNIT ( ) );
#2549 = SURFACE_STYLE_USAGE ( .BOTH. , #1289 ) ;
#2550 = VERTEX_POINT ( 'NONE', #3198 ) ;
#2551 = VERTEX_POINT ( 'NONE', #5027 ) ;
#2552 = DIRECTION ( 'NONE',  ( -2.096124200138642642E-14, 0.000000000000000000, -1.000000000000000000 ) ) ;
#2553 = MECHANICAL_DESIGN_GEOMETRIC_PRESENTATION_REPRESENTATION (  '', ( #5839 ), #4608 ) ;
#2554 = PRESENTATION_LAYER_ASSIGNMENT (  '', '', ( #4036 ) ) ;
#2555 = CARTESIAN_POINT ( 'NONE',  ( 0.9499999999999995115, 2.350000000000000089, 0.4499999999999998446 ) ) ;
#2556 = ORIENTED_EDGE ( 'NONE', *, *, #1442, .T. ) ;
#2557 = FACE_OUTER_BOUND ( 'NONE', #4546, .T. ) ;
#2558 = CARTESIAN_POINT ( 'NONE',  ( 2.274999999999988365, -1.149999999999999911, 1.799999999999999822 ) ) ;
#2559 = SPHERICAL_SURFACE ( 'NONE', #5644, 0.1000000000000000056 ) ;
#2560 = CARTESIAN_POINT ( 'NONE',  ( 1.574999999999999734, 1.150000000000000133, 0.05000000000000000278 ) ) ;
#2561 = STYLED_ITEM ( 'NONE', ( #7611 ), #7092 ) ;
#2562 = STYLED_ITEM ( 'NONE', ( #7198 ), #2917 ) ;
#2563 = ORIENTED_EDGE ( 'NONE', *, *, #6177, .F. ) ;
#2564 = DIRECTION ( 'NONE',  ( 1.000000000000000000, 1.070816960479510993E-16, 0.000000000000000000 ) ) ;
#2565 = ADVANCED_FACE ( 'NONE', ( #2557 ), #7779, .F. ) ;
#2566 = DIRECTION ( 'NONE',  ( 1.000000000000000000, 0.000000000000000000, 0.000000000000000000 ) ) ;
#2567 = VECTOR ( 'NONE', #7152, 1000.000000000000000 ) ;
#2568 = DIRECTION ( 'NONE',  ( -9.531447670202286736E-17, 1.000000000000000000, 0.000000000000000000 ) ) ;
#2569 = SURFACE_STYLE_USAGE ( .BOTH. , #5084 ) ;
#2570 = FACE_OUTER_BOUND ( 'NONE', #12, .T. ) ;
#2571 = EDGE_LOOP ( 'NONE', ( #2907, #3613, #6329, #2821 ) ) ;
#2572 =( NAMED_UNIT ( * ) SI_UNIT ( $, .STERADIAN. ) SOLID_ANGLE_UNIT ( ) );
#2573 = MECHANICAL_DESIGN_GEOMETRIC_PRESENTATION_REPRESENTATION (  '', ( #2008 ), #2956 ) ;
#2574 = DIRECTION ( 'NONE',  ( -0.000000000000000000, 0.000000000000000000, -1.000000000000000000 ) ) ;
#2575 = CARTESIAN_POINT ( 'NONE',  ( -1.899999999999999689, -0.7750000000000002442, 1.779999999999980931 ) ) ;
#2576 = VECTOR ( 'NONE', #5780, 1000.000000000000000 ) ;
#2577 = ORIENTED_EDGE ( 'NONE', *, *, #4112, .F. ) ;
#2578 = STYLED_ITEM ( 'NONE', ( #3273 ), #6214 ) ;
#2579 = SURFACE_SIDE_STYLE ('',( #4595 ) ) ;
#2580 = VERTEX_POINT ( 'NONE', #1813 ) ;
#2581 = CARTESIAN_POINT ( 'NONE',  ( -1.774999999999999467, 0.9499999999999997335, 1.199999999999999512 ) ) ;
#2582 = PRESENTATION_LAYER_ASSIGNMENT (  '', '', ( #5566 ) ) ;
#2583 = VECTOR ( 'NONE', #6244, 1000.000000000000000 ) ;
#2584 = VECTOR ( 'NONE', #6517, 1000.000000000000000 ) ;
#2585 = DIRECTION ( 'NONE',  ( -1.070816960479510993E-16, 1.000000000000000000, -2.189528850507527159E-47 ) ) ;
#2587 = UNCERTAINTY_MEASURE_WITH_UNIT (LENGTH_MEASURE( 1.000000000000000082E-05 ), #7436, 'distance_accuracy_value', 'NONE');
#2586 = DIRECTION ( 'NONE',  ( -0.000000000000000000, -0.000000000000000000, 1.000000000000000000 ) ) ;
#2588 = VECTOR ( 'NONE', #336, 1000.000000000000000 ) ;
#2589 = MECHANICAL_DESIGN_GEOMETRIC_PRESENTATION_REPRESENTATION (  '', ( #5578 ), #3945 ) ;
#2590 =( GEOMETRIC_REPRESENTATION_CONTEXT ( 3 ) GLOBAL_UNCERTAINTY_ASSIGNED_CONTEXT ( ( #7173 ) ) GLOBAL_UNIT_ASSIGNED_CONTEXT ( ( #469, #7963, #3741 ) ) REPRESENTATION_CONTEXT ( 'NONE', 'WORKASPACE' ) );
#2591 = SURFACE_STYLE_USAGE ( .BOTH. , #2546 ) ;
#2592 = PRESENTATION_LAYER_ASSIGNMENT (  '', '', ( #1475 ) ) ;
#2593 = VERTEX_POINT ( 'NONE', #1854 ) ;
#2594 = DIRECTION ( 'NONE',  ( -0.000000000000000000, -0.000000000000000000, -1.000000000000000000 ) ) ;
#2595 = DIRECTION ( 'NONE',  ( 0.000000000000000000, 1.000000000000000000, 0.000000000000000000 ) ) ;
#2596 = EDGE_LOOP ( 'NONE', ( #2898, #2814, #4863, #606 ) ) ;
#2597 = VERTEX_POINT ( 'NONE', #3873 ) ;
#2598 = VECTOR ( 'NONE', #5886, 1000.000000000000000 ) ;
#2599 = UNCERTAINTY_MEASURE_WITH_UNIT (LENGTH_MEASURE( 1.000000000000000082E-05 ), #6830, 'distance_accuracy_value', 'NONE');
#2600 = STYLED_ITEM ( 'NONE', ( #6713 ), #2194 ) ;
#2601 = ORIENTED_EDGE ( 'NONE', *, *, #2620, .T. ) ;
#2602 = PRESENTATION_STYLE_ASSIGNMENT (( #7991 ) ) ;
#2603 =( NAMED_UNIT ( * ) SI_UNIT ( $, .STERADIAN. ) SOLID_ANGLE_UNIT ( ) );
#2604 = DIRECTION ( 'NONE',  ( -1.070816960479510870E-16, 1.000000000000000000, -0.000000000000000000 ) ) ;
#2605 = AXIS2_PLACEMENT_3D ( 'NONE', #2988, #1094, #2392 ) ;
#2606 = CARTESIAN_POINT ( 'NONE',  ( 1.899999999999999689, -0.7750000000000002442, 1.779999999999980931 ) ) ;
#2607 = DIRECTION ( 'NONE',  ( 1.000000000000000000, -0.000000000000000000, 0.000000000000000000 ) ) ;
#2608 = ORIENTED_EDGE ( 'NONE', *, *, #6169, .F. ) ;
#2609 = CARTESIAN_POINT ( 'NONE',  ( 2.024999999999999467, 0.9500000000000001776, 0.000000000000000000 ) ) ;
#2610 = ADVANCED_FACE ( 'NONE', ( #1339 ), #19, .F. ) ;
#2611 = FACE_OUTER_BOUND ( 'NONE', #2689, .T. ) ;
#2612 = ADVANCED_FACE ( 'NONE', ( #3281 ), #6551, .F. ) ;
#2613 = PRESENTATION_LAYER_ASSIGNMENT (  '', '', ( #944 ) ) ;
#2614 = CARTESIAN_POINT ( 'NONE',  ( 0.9499999999999999556, 0.9500000000000000666, 1.249999999999999334 ) ) ;
#2615 = CARTESIAN_POINT ( 'NONE',  ( 0.8499999999999994227, 2.350000000000000089, 0.4499999999999999001 ) ) ;
#2616 = VECTOR ( 'NONE', #6967, 1000.000000000000000 ) ;
#2617 = ORIENTED_EDGE ( 'NONE', *, *, #2117, .F. ) ;
#2618 = DIRECTION ( 'NONE',  ( 0.000000000000000000, -1.000000000000000000, -0.000000000000000000 ) ) ;
#2619 = ORIENTED_EDGE ( 'NONE', *, *, #3331, .T. ) ;
#2620 = EDGE_CURVE ( 'NONE', #6816, #4841, #6101, .T. ) ;
#2621 = EDGE_CURVE ( 'NONE', #7437, #6262, #3494, .T. ) ;
#2622 = FACE_OUTER_BOUND ( 'NONE', #1882, .T. ) ;
#2623 = SURFACE_STYLE_USAGE ( .BOTH. , #7210 ) ;
#2624 = FACE_OUTER_BOUND ( 'NONE', #2847, .T. ) ;
#2625 = ORIENTED_EDGE ( 'NONE', *, *, #8315, .F. ) ;
#2626 =( GEOMETRIC_REPRESENTATION_CONTEXT ( 3 ) GLOBAL_UNCERTAINTY_ASSIGNED_CONTEXT ( ( #7112 ) ) GLOBAL_UNIT_ASSIGNED_CONTEXT ( ( #1911, #3999, #7923 ) ) REPRESENTATION_CONTEXT ( 'NONE', 'WORKASPACE' ) );
#2627 = ORIENTED_EDGE ( 'NONE', *, *, #6579, .T. ) ;
#2628 = DIRECTION ( 'NONE',  ( -1.000000000000000000, 0.000000000000000000, 0.000000000000000000 ) ) ;
#2629 = DIRECTION ( 'NONE',  ( -1.000000000000000000, -9.531447670202286736E-17, 0.000000000000000000 ) ) ;
#2630 = EDGE_CURVE ( 'NONE', #6505, #8190, #5658, .T. ) ;
#2632 = AXIS2_PLACEMENT_3D ( 'NONE', #5830, #7018, #1098 ) ;
#2631 = COLOUR_RGB ( '',0.2235294117647058654, 0.2235294117647058654, 0.2235294117647058654 ) ;
#2633 = UNCERTAINTY_MEASURE_WITH_UNIT (LENGTH_MEASURE( 1.000000000000000082E-05 ), #2740, 'distance_accuracy_value', 'NONE');
#2634 = CARTESIAN_POINT ( 'NONE',  ( 2.275000000000000355, 0.5799999999999999600, 0.2000000000000000111 ) ) ;
#2635 = PRESENTATION_STYLE_ASSIGNMENT (( #11 ) ) ;
#2636 = ORIENTED_EDGE ( 'NONE', *, *, #3376, .T. ) ;
#2637 = DIRECTION ( 'NONE',  ( -1.000000000000000000, 0.000000000000000000, 0.000000000000000000 ) ) ;
#2638 = MECHANICAL_DESIGN_GEOMETRIC_PRESENTATION_REPRESENTATION (  '', ( #697 ), #2067 ) ;
#2639 = MECHANICAL_DESIGN_GEOMETRIC_PRESENTATION_REPRESENTATION (  '', ( #7781 ), #7463 ) ;
#2640 = FILL_AREA_STYLE ('',( #5235 ) ) ;
#2641 = EDGE_CURVE ( 'NONE', #2803, #5816, #2542, .T. ) ;
#2642 = EDGE_LOOP ( 'NONE', ( #7744, #6320, #6631, #5608 ) ) ;
#2643 = EDGE_LOOP ( 'NONE', ( #5927, #3090, #7557, #6833 ) ) ;
#2644 =( GEOMETRIC_REPRESENTATION_CONTEXT ( 3 ) GLOBAL_UNCERTAINTY_ASSIGNED_CONTEXT ( ( #3193 ) ) GLOBAL_UNIT_ASSIGNED_CONTEXT ( ( #4831, #4189, #890 ) ) REPRESENTATION_CONTEXT ( 'NONE', 'WORKASPACE' ) );
#2645 = ORIENTED_EDGE ( 'NONE', *, *, #420, .F. ) ;
#2646 = SURFACE_SIDE_STYLE ('',( #1255 ) ) ;
#2647 = FACE_OUTER_BOUND ( 'NONE', #3314, .T. ) ;
#2648 = PRESENTATION_STYLE_ASSIGNMENT (( #5403 ) ) ;
#2649 = APPLICATION_CONTEXT ( 'automotive_design' ) ;
#2650 = ORIENTED_EDGE ( 'NONE', *, *, #6139, .T. ) ;
#2651 = DIRECTION ( 'NONE',  ( 1.000000000000000000, 0.000000000000000000, 0.000000000000000000 ) ) ;
#2652 = STYLED_ITEM ( 'NONE', ( #1538 ), #4412 ) ;
#2653 = DIRECTION ( 'NONE',  ( 3.614007241618347785E-16, 0.000000000000000000, 1.000000000000000000 ) ) ;
#2654 = DIRECTION ( 'NONE',  ( -9.531447670202286736E-17, 1.000000000000000000, -0.000000000000000000 ) ) ;
#2655 = VERTEX_POINT ( 'NONE', #8368 ) ;
#2656 = PLANE ( 'NONE',  #7521 ) ;
#2657 = PRESENTATION_STYLE_ASSIGNMENT (( #7113 ) ) ;
#2658 = EDGE_CURVE ( 'NONE', #7921, #2597, #5141, .T. ) ;
#2659 =( NAMED_UNIT ( * ) SI_UNIT ( $, .STERADIAN. ) SOLID_ANGLE_UNIT ( ) );
#2660 = ORIENTED_EDGE ( 'NONE', *, *, #3910, .F. ) ;
#2661 = ORIENTED_EDGE ( 'NONE', *, *, #1341, .T. ) ;
#2662 =( LENGTH_UNIT ( ) NAMED_UNIT ( * ) SI_UNIT ( .MILLI., .METRE. ) );
#2663 = EDGE_CURVE ( 'NONE', #3758, #3411, #4462, .T. ) ;
#2664 = MECHANICAL_DESIGN_GEOMETRIC_PRESENTATION_REPRESENTATION (  '', ( #7959 ), #444 ) ;
#2665 = PLANE ( 'NONE',  #8090 ) ;
#2666 = ORIENTED_EDGE ( 'NONE', *, *, #3064, .F. ) ;
#2667 = DIRECTION ( 'NONE',  ( -1.000000000000000000, -9.531447670202286736E-17, -0.000000000000000000 ) ) ;
#2668 = MECHANICAL_DESIGN_GEOMETRIC_PRESENTATION_REPRESENTATION (  '', ( #1424 ), #1690 ) ;
#2669 = DIRECTION ( 'NONE',  ( 0.000000000000000000, 1.000000000000000000, 1.160982074886210068E-31 ) ) ;
#2670 = CARTESIAN_POINT ( 'NONE',  ( -0.7999999999999963807, 1.149999999999999911, 1.749999999999999334 ) ) ;
#2671 = ORIENTED_EDGE ( 'NONE', *, *, #5983, .T. ) ;
#2672 = VERTEX_POINT ( 'NONE', #8459 ) ;
#2673 = VECTOR ( 'NONE', #1782, 1000.000000000000000 ) ;
#2674 = FILL_AREA_STYLE ('',( #690 ) ) ;
#2675 = SURFACE_STYLE_USAGE ( .BOTH. , #3918 ) ;
#2676 = PRESENTATION_STYLE_ASSIGNMENT (( #6027 ) ) ;
#2677 = PRESENTATION_STYLE_ASSIGNMENT (( #5368 ) ) ;
#2678 = ORIENTED_EDGE ( 'NONE', *, *, #4211, .F. ) ;
#2679 = STYLED_ITEM ( 'NONE', ( #8174 ), #6698 ) ;
#2680 = COLOUR_RGB ( '',0.8509803921568627194, 0.8509803921568627194, 0.8509803921568627194 ) ;
#2681 = ORIENTED_EDGE ( 'NONE', *, *, #4317, .T. ) ;
#2682 = DIRECTION ( 'NONE',  ( -1.000000000000000000, 1.084202172485504040E-15, 0.000000000000000000 ) ) ;
#2683 = FACE_OUTER_BOUND ( 'NONE', #7841, .T. ) ;
#2684 = FILL_AREA_STYLE ('',( #2879 ) ) ;
#2685 = LINE ( 'NONE', #7442, #745 ) ;
#2686 = AXIS2_PLACEMENT_3D ( 'NONE', #186, #2918, #5514 ) ;
#2687 = PRESENTATION_STYLE_ASSIGNMENT (( #2041 ) ) ;
#2688 = MECHANICAL_DESIGN_GEOMETRIC_PRESENTATION_REPRESENTATION (  '', ( #7102 ), #2947 ) ;
#2689 = EDGE_LOOP ( 'NONE', ( #1769, #7716, #6242, #3749 ) ) ;
#2690 = FILL_AREA_STYLE ('',( #8591 ) ) ;
#2691 = MECHANICAL_DESIGN_GEOMETRIC_PRESENTATION_REPRESENTATION (  '', ( #894 ), #7395 ) ;
#2692 = VECTOR ( 'NONE', #3643, 1000.000000000000000 ) ;
#2693 = DIRECTION ( 'NONE',  ( -0.000000000000000000, 0.000000000000000000, 1.000000000000000000 ) ) ;
#2694 = SURFACE_SIDE_STYLE ('',( #6087 ) ) ;
#2695 = SURFACE_STYLE_FILL_AREA ( #41 ) ;
#2696 = CARTESIAN_POINT ( 'NONE',  ( 2.174999999999999822, 0.9500000000000001776, 1.299999999999998268 ) ) ;
#2697 = ORIENTED_EDGE ( 'NONE', *, *, #4649, .F. ) ;
#2698 = STYLED_ITEM ( 'NONE', ( #1642 ), #5638 ) ;
#2699 = ORIENTED_EDGE ( 'NONE', *, *, #467, .T. ) ;
#2700 = DIRECTION ( 'NONE',  ( 9.531447670202286736E-17, -1.000000000000000000, 1.984131124025319515E-30 ) ) ;
#2701 = CARTESIAN_POINT ( 'NONE',  ( 0.8499999999999995337, 0.9499999999999998446, 0.5499999999999998224 ) ) ;
#2702 = DIRECTION ( 'NONE',  ( -1.000000000000000000, 0.000000000000000000, -0.000000000000000000 ) ) ;
#2703 = STYLED_ITEM ( 'NONE', ( #7012 ), #1409 ) ;
#2704 = CARTESIAN_POINT ( 'NONE',  ( -2.074999999999999289, -0.9578422717728224400, 1.199999999999995737 ) ) ;
#2705 = VECTOR ( 'NONE', #7622, 1000.000000000000000 ) ;
#2706 = CARTESIAN_POINT ( 'NONE',  ( 2.025000000000000355, 0.5799999999999997380, 0.000000000000000000 ) ) ;
#2707 = DIRECTION ( 'NONE',  ( -1.000000000000000000, 0.000000000000000000, -0.000000000000000000 ) ) ;
#2708 = ADVANCED_FACE ( 'NONE', ( #5841 ), #7704, .T. ) ;
#2709 = ORIENTED_EDGE ( 'NONE', *, *, #275, .F. ) ;
#2711 = CARTESIAN_POINT ( 'NONE',  ( -0.8500000000000004219, 0.9499999999999998446, 1.249999999999999556 ) ) ;
#2710 =( GEOMETRIC_REPRESENTATION_CONTEXT ( 3 ) GLOBAL_UNCERTAINTY_ASSIGNED_CONTEXT ( ( #3794 ) ) GLOBAL_UNIT_ASSIGNED_CONTEXT ( ( #8410, #7845, #3040 ) ) REPRESENTATION_CONTEXT ( 'NONE', 'WORKASPACE' ) );
#2712 = VECTOR ( 'NONE', #3598, 1000.000000000000000 ) ;
#2713 = STYLED_ITEM ( 'NONE', ( #7153 ), #2352 ) ;
#2714 = CARTESIAN_POINT ( 'NONE',  ( -2.274999999999987033, -0.6250000000000003331, 1.799999999999999822 ) ) ;
#2715 =( LENGTH_UNIT ( ) NAMED_UNIT ( * ) SI_UNIT ( .MILLI., .METRE. ) );
#2716 = EDGE_CURVE ( 'NONE', #1484, #6240, #2409, .T. ) ;
#2717 = VERTEX_POINT ( 'NONE', #5096 ) ;
#2718 = EDGE_CURVE ( 'NONE', #7791, #3000, #2457, .T. ) ;
#2719 = FACE_OUTER_BOUND ( 'NONE', #6775, .T. ) ;
#2720 = ORIENTED_EDGE ( 'NONE', *, *, #6023, .F. ) ;
#2721 =( NAMED_UNIT ( * ) SI_UNIT ( $, .STERADIAN. ) SOLID_ANGLE_UNIT ( ) );
#2722 = CARTESIAN_POINT ( 'NONE',  ( -0.8500000000000005329, 2.250000000000000444, 1.249999999999999556 ) ) ;
#2723 = FILL_AREA_STYLE_COLOUR ( '', #8260 ) ;
#2724 = FILL_AREA_STYLE_COLOUR ( '', #7900 ) ;
#2725 = AXIS2_PLACEMENT_3D ( 'NONE', #8558, #8609, #3190 ) ;
#2726 = VECTOR ( 'NONE', #7912, 1000.000000000000000 ) ;
#2727 = EDGE_LOOP ( 'NONE', ( #5574, #6973, #3459, #6997 ) ) ;
#2728 = FACE_OUTER_BOUND ( 'NONE', #1587, .T. ) ;
#2729 =( LENGTH_UNIT ( ) NAMED_UNIT ( * ) SI_UNIT ( .MILLI., .METRE. ) );
#2730 = SURFACE_SIDE_STYLE ('',( #5910 ) ) ;
#2731 = CARTESIAN_POINT ( 'NONE',  ( -1.774999999999999467, 1.349999999999999867, 0.4999999999999994449 ) ) ;
#2732 = PRESENTATION_LAYER_ASSIGNMENT (  '', '', ( #8435 ) ) ;
#2733 = EDGE_LOOP ( 'NONE', ( #4369, #5068, #6875, #5004 ) ) ;
#2734 = CARTESIAN_POINT ( 'NONE',  ( -1.874999999999987566, -1.150000000000000355, 0.000000000000000000 ) ) ;
#2735 = DIRECTION ( 'NONE',  ( 1.000000000000000000, -1.070816960479510993E-16, 2.081668171172165989E-14 ) ) ;
#2736 = VECTOR ( 'NONE', #1874, 1000.000000000000000 ) ;
#2737 = DIRECTION ( 'NONE',  ( 9.531447670202286736E-17, -1.000000000000000000, -0.000000000000000000 ) ) ;
#2738 = EDGE_CURVE ( 'NONE', #8611, #3394, #7804, .T. ) ;
#2739 = PRESENTATION_STYLE_ASSIGNMENT (( #4669 ) ) ;
#2740 =( LENGTH_UNIT ( ) NAMED_UNIT ( * ) SI_UNIT ( .MILLI., .METRE. ) );
#2741 = CARTESIAN_POINT ( 'NONE',  ( 1.499999999999999778, -0.8250000000000002887, -1.040834085586084257E-14 ) ) ;
#2742 = ORIENTED_EDGE ( 'NONE', *, *, #2760, .F. ) ;
#2743 = ORIENTED_EDGE ( 'NONE', *, *, #2767, .F. ) ;
#2744 = MECHANICAL_DESIGN_GEOMETRIC_PRESENTATION_REPRESENTATION (  '', ( #7175 ), #114 ) ;
#2745 = DIRECTION ( 'NONE',  ( -1.070816960479511117E-16, 1.000000000000000000, -0.000000000000000000 ) ) ;
#2746 = SURFACE_STYLE_FILL_AREA ( #100 ) ;
#2747 =( LENGTH_UNIT ( ) NAMED_UNIT ( * ) SI_UNIT ( .MILLI., .METRE. ) );
#2748 = PRESENTATION_STYLE_ASSIGNMENT (( #1901 ) ) ;
#2749 = PRESENTATION_STYLE_ASSIGNMENT (( #2058 ) ) ;
#2750 = STYLED_ITEM ( 'NONE', ( #2157 ), #743 ) ;
#2751 =( NAMED_UNIT ( * ) SI_UNIT ( $, .STERADIAN. ) SOLID_ANGLE_UNIT ( ) );
#2752 = PRODUCT_CONTEXT ( 'NONE', #1868, 'mechanical' ) ;
#2753 = DIRECTION ( 'NONE',  ( 0.000000000000000000, 0.000000000000000000, 1.000000000000000000 ) ) ;
#2754 = VECTOR ( 'NONE', #2328, 1000.000000000000000 ) ;
#2755 = AXIS2_PLACEMENT_3D ( 'NONE', #1856, #463, #6473 ) ;
#2756 = SURFACE_STYLE_FILL_AREA ( #3393 ) ;
#2757 = ORIENTED_EDGE ( 'NONE', *, *, #4897, .F. ) ;
#2758 = DIRECTION ( 'NONE',  ( 9.531447670202287969E-17, -1.000000000000000000, 0.000000000000000000 ) ) ;
#2759 = SURFACE_STYLE_FILL_AREA ( #821 ) ;
#2760 = EDGE_CURVE ( 'NONE', #5271, #5128, #3818, .T. ) ;
#2762 = ORIENTED_EDGE ( 'NONE', *, *, #6921, .F. ) ;
#2761 = DIRECTION ( 'NONE',  ( 0.000000000000000000, 0.000000000000000000, 1.000000000000000000 ) ) ;
#2763 = ADVANCED_FACE ( 'NONE', ( #6655 ), #6617, .T. ) ;
#2764 = SURFACE_SIDE_STYLE ('',( #2800 ) ) ;
#2765 = SURFACE_SIDE_STYLE ('',( #2071 ) ) ;
#2766 = ORIENTED_EDGE ( 'NONE', *, *, #4001, .F. ) ;
#2767 = EDGE_CURVE ( 'NONE', #4138, #8190, #749, .T. ) ;
#2768 = PRESENTATION_LAYER_ASSIGNMENT (  '', '', ( #2905 ) ) ;
#2769 = LINE ( 'NONE', #3483, #6185 ) ;
#2770 = CARTESIAN_POINT ( 'NONE',  ( 0.8999999999999995781, 0.3799999999999990608, 0.3999999999999996336 ) ) ;
#2771 = DIRECTION ( 'NONE',  ( 1.000000000000000000, 0.000000000000000000, 0.000000000000000000 ) ) ;
#2772 = FACE_OUTER_BOUND ( 'NONE', #246, .T. ) ;
#2773 = CARTESIAN_POINT ( 'NONE',  ( 0.9499999999999998446, 2.250000000000000444, 1.249999999999999556 ) ) ;
#2774 = CIRCLE ( 'NONE', #7627, 0.1000000000000000472 ) ;
#2775 = SURFACE_SIDE_STYLE ('',( #8096 ) ) ;
#2776 = ORIENTED_EDGE ( 'NONE', *, *, #8238, .T. ) ;
#2777 = PRESENTATION_STYLE_ASSIGNMENT (( #2169 ) ) ;
#2778 = UNCERTAINTY_MEASURE_WITH_UNIT (LENGTH_MEASURE( 1.000000000000000082E-05 ), #8607, 'distance_accuracy_value', 'NONE');
#2779 =( NAMED_UNIT ( * ) SI_UNIT ( $, .STERADIAN. ) SOLID_ANGLE_UNIT ( ) );
#2780 =( LENGTH_UNIT ( ) NAMED_UNIT ( * ) SI_UNIT ( .MILLI., .METRE. ) );
#2781 = FILL_AREA_STYLE ('',( #1520 ) ) ;
#2782 = LINE ( 'NONE', #3457, #143 ) ;
#2783 = VERTEX_POINT ( 'NONE', #5921 ) ;
#2784 = EDGE_CURVE ( 'NONE', #5692, #2013, #1163, .T. ) ;
#2785 = ORIENTED_EDGE ( 'NONE', *, *, #1695, .T. ) ;
#2786 = STYLED_ITEM ( 'NONE', ( #1783 ), #4659 ) ;
#2787 = CARTESIAN_POINT ( 'NONE',  ( 2.024999999999999467, 0.9500000000000001776, 0.3999999999999997446 ) ) ;
#2788 = SURFACE_STYLE_USAGE ( .BOTH. , #724 ) ;
#2789 = FACE_OUTER_BOUND ( 'NONE', #5276, .T. ) ;
#2790 = UNCERTAINTY_MEASURE_WITH_UNIT (LENGTH_MEASURE( 1.000000000000000082E-05 ), #3386, 'distance_accuracy_value', 'NONE');
#2791 = EDGE_LOOP ( 'NONE', ( #6468, #3141, #1611, #324 ) ) ;
#2792 = LINE ( 'NONE', #2706, #6369 ) ;
#2793 = DIRECTION ( 'NONE',  ( 0.000000000000000000, 0.000000000000000000, 1.000000000000000000 ) ) ;
#2794 = DIRECTION ( 'NONE',  ( 1.000000000000000000, 0.000000000000000000, 0.000000000000000000 ) ) ;
#2795 = PLANE ( 'NONE',  #1058 ) ;
#2796 = VECTOR ( 'NONE', #7606, 1000.000000000000000 ) ;
#2797 =( NAMED_UNIT ( * ) PLANE_ANGLE_UNIT ( ) SI_UNIT ( $, .RADIAN. ) );
#2798 = DIRECTION ( 'NONE',  ( 0.000000000000000000, 0.000000000000000000, 1.000000000000000000 ) ) ;
#2799 = DIRECTION ( 'NONE',  ( -1.000000000000000000, -0.000000000000000000, 2.602085213965194864E-15 ) ) ;
#2800 = SURFACE_STYLE_FILL_AREA ( #7280 ) ;
#2801 = ORIENTED_EDGE ( 'NONE', *, *, #7807, .T. ) ;
#2802 = DIRECTION ( 'NONE',  ( 1.000000000000000000, 1.084202172485504040E-15, 0.000000000000000000 ) ) ;
#2803 = VERTEX_POINT ( 'NONE', #3454 ) ;
#2804 = DIRECTION ( 'NONE',  ( -0.000000000000000000, 0.000000000000000000, 1.000000000000000000 ) ) ;
#2805 = VECTOR ( 'NONE', #5867, 1000.000000000000000 ) ;
#2806 = ORIENTED_EDGE ( 'NONE', *, *, #6934, .T. ) ;
#2807 = DIRECTION ( 'NONE',  ( -1.070816960479511117E-16, 1.000000000000000000, -0.000000000000000000 ) ) ;
#2808 = FACE_OUTER_BOUND ( 'NONE', #288, .T. ) ;
#2809 = ADVANCED_FACE ( 'NONE', ( #5386 ), #2656, .T. ) ;
#2810 = DIRECTION ( 'NONE',  ( 0.000000000000000000, -1.000000000000000000, 0.000000000000000000 ) ) ;
#2811 = ADVANCED_FACE ( 'NONE', ( #1360 ), #1480, .F. ) ;
#2812 = FACE_OUTER_BOUND ( 'NONE', #2532, .T. ) ;
#2813 =( GEOMETRIC_REPRESENTATION_CONTEXT ( 3 ) GLOBAL_UNCERTAINTY_ASSIGNED_CONTEXT ( ( #5781 ) ) GLOBAL_UNIT_ASSIGNED_CONTEXT ( ( #909, #4344, #3832 ) ) REPRESENTATION_CONTEXT ( 'NONE', 'WORKASPACE' ) );
#2814 = ORIENTED_EDGE ( 'NONE', *, *, #1969, .T. ) ;
#2815 = FILL_AREA_STYLE ('',( #2901 ) ) ;
#2816 = FILL_AREA_STYLE_COLOUR ( '', #1024 ) ;
#2817 = AXIS2_PLACEMENT_3D ( 'NONE', #4953, #392, #4174 ) ;
#2818 = CYLINDRICAL_SURFACE ( 'NONE', #1006, 0.1000000000000000472 ) ;
#2819 =( NAMED_UNIT ( * ) PLANE_ANGLE_UNIT ( ) SI_UNIT ( $, .RADIAN. ) );
#2820 = VERTEX_POINT ( 'NONE', #2251 ) ;
#2821 = ORIENTED_EDGE ( 'NONE', *, *, #6611, .F. ) ;
#2822 = ORIENTED_EDGE ( 'NONE', *, *, #4104, .T. ) ;
#2823 = STYLED_ITEM ( 'NONE', ( #3325 ), #3116 ) ;
#2824 = FILL_AREA_STYLE ('',( #927 ) ) ;
#2825 = CARTESIAN_POINT ( 'NONE',  ( -1.000000000000000000, 0.9499999999999998446, 1.800000000000000044 ) ) ;
#2826 = PLANE ( 'NONE',  #8207 ) ;
#2827 = VECTOR ( 'NONE', #1160, 1000.000000000000000 ) ;
#2828 = CIRCLE ( 'NONE', #901, 0.1999999999999999833 ) ;
#2829 = SPHERICAL_SURFACE ( 'NONE', #2349, 0.1000000000000000056 ) ;
#2830 = DIRECTION ( 'NONE',  ( 0.000000000000000000, -6.862039066364035213E-17, -1.000000000000000000 ) ) ;
#2831 = DIRECTION ( 'NONE',  ( 0.000000000000000000, 0.000000000000000000, 1.000000000000000000 ) ) ;
#2832 = AXIS2_PLACEMENT_3D ( 'NONE', #3974, #6616, #712 ) ;
#2833 = VECTOR ( 'NONE', #1373, 1000.000000000000000 ) ;
#2834 = DIRECTION ( 'NONE',  ( 9.531447670202287969E-17, -1.000000000000000000, 0.000000000000000000 ) ) ;
#2835 = CARTESIAN_POINT ( 'NONE',  ( 2.274999999999999911, 0.4800000000000000933, 0.5000000000000000000 ) ) ;
#2836 = PRESENTATION_LAYER_ASSIGNMENT (  '', '', ( #4058 ) ) ;
#2837 = AXIS2_PLACEMENT_3D ( 'NONE', #4098, #3461, #3550 ) ;
#2838 = VECTOR ( 'NONE', #8034, 1000.000000000000000 ) ;
#2839 = FACE_OUTER_BOUND ( 'NONE', #2889, .T. ) ;
#2840 = FILL_AREA_STYLE ('',( #194 ) ) ;
#2841 = LINE ( 'NONE', #4290, #3241 ) ;
#2842 = CARTESIAN_POINT ( 'NONE',  ( -1.574999999999999512, 1.349999999999999867, 1.299999999999999600 ) ) ;
#2843 = DIRECTION ( 'NONE',  ( -1.070816960479510870E-16, 1.000000000000000000, -0.000000000000000000 ) ) ;
#2844 =( NAMED_UNIT ( * ) SI_UNIT ( $, .STERADIAN. ) SOLID_ANGLE_UNIT ( ) );
#2845 = PRESENTATION_LAYER_ASSIGNMENT (  '', '', ( #3535 ) ) ;
#2846 = VECTOR ( 'NONE', #5212, 1000.000000000000000 ) ;
#2847 = EDGE_LOOP ( 'NONE', ( #1467, #8365, #5935, #2699 ) ) ;
#2848 = CARTESIAN_POINT ( 'NONE',  ( -1.574999999999999956, 1.149999999999999689, 0.05000000000000000278 ) ) ;
#2849 = CARTESIAN_POINT ( 'NONE',  ( -1.374999999999987121, -1.150000000000000355, 1.799999999999981171 ) ) ;
#2850 = PRESENTATION_STYLE_ASSIGNMENT (( #207 ) ) ;
#2851 = STYLED_ITEM ( 'NONE', ( #1290 ), #7765 ) ;
#2852 = SURFACE_SIDE_STYLE ('',( #6298 ) ) ;
#2853 = COLOUR_RGB ( '',0.2235294117647058654, 0.2235294117647058654, 0.2235294117647058654 ) ;
#2854 = ORIENTED_EDGE ( 'NONE', *, *, #1073, .F. ) ;
#2855 = EDGE_CURVE ( 'NONE', #3240, #3898, #6213, .T. ) ;
#2856 = EDGE_CURVE ( 'NONE', #3098, #1674, #6536, .T. ) ;
#2857 = UNCERTAINTY_MEASURE_WITH_UNIT (LENGTH_MEASURE( 1.000000000000000082E-05 ), #5171, 'distance_accuracy_value', 'NONE');
#2858 =( NAMED_UNIT ( * ) PLANE_ANGLE_UNIT ( ) SI_UNIT ( $, .RADIAN. ) );
#2859 = PRESENTATION_STYLE_ASSIGNMENT (( #348 ) ) ;
#2860 = PRESENTATION_LAYER_ASSIGNMENT (  '', '', ( #2600 ) ) ;
#2861 =( NAMED_UNIT ( * ) PLANE_ANGLE_UNIT ( ) SI_UNIT ( $, .RADIAN. ) );
#2862 = ORIENTED_EDGE ( 'NONE', *, *, #4055, .T. ) ;
#2863 = EDGE_CURVE ( 'NONE', #5822, #226, #7597, .T. ) ;
#2864 = VERTEX_POINT ( 'NONE', #5464 ) ;
#2865 = ADVANCED_FACE ( 'NONE', ( #5542 ), #8185, .F. ) ;
#2866 = EDGE_CURVE ( 'NONE', #3971, #2906, #3673, .T. ) ;
#2867 = COLOUR_RGB ( '',0.8431372549019607865, 0.8156862745098039102, 0.7529411764705882248 ) ;
#2868 =( LENGTH_UNIT ( ) NAMED_UNIT ( * ) SI_UNIT ( .MILLI., .METRE. ) );
#2869 = CARTESIAN_POINT ( 'NONE',  ( -1.874999999999991118, -0.6250000000000003331, 0.1999999999999999833 ) ) ;
#2870 = DIRECTION ( 'NONE',  ( 1.000000000000000000, 0.000000000000000000, 0.000000000000000000 ) ) ;
#2871 = UNCERTAINTY_MEASURE_WITH_UNIT (LENGTH_MEASURE( 1.000000000000000082E-05 ), #7751, 'distance_accuracy_value', 'NONE');
#2872 = PRESENTATION_LAYER_ASSIGNMENT (  '', '', ( #3965 ) ) ;
#2873 = PRESENTATION_STYLE_ASSIGNMENT (( #1530 ) ) ;
#2874 = ORIENTED_EDGE ( 'NONE', *, *, #5760, .T. ) ;
#2875 = CARTESIAN_POINT ( 'NONE',  ( 1.774999999999999467, 1.250000000000000000, 0.4999999999999994449 ) ) ;
#2876 = CARTESIAN_POINT ( 'NONE',  ( -1.499999999999999778, -0.8250000000000002887, 0.2000000000000000111 ) ) ;
#2877 = SURFACE_STYLE_USAGE ( .BOTH. , #6803 ) ;
#2878 = VECTOR ( 'NONE', #963, 1000.000000000000000 ) ;
#2879 = FILL_AREA_STYLE_COLOUR ( '', #3642 ) ;
#2880 = CARTESIAN_POINT ( 'NONE',  ( -1.774999999999999467, 1.249999999999999778, 0.5999999999999994227 ) ) ;
#2881 = SURFACE_STYLE_USAGE ( .BOTH. , #1707 ) ;
#2882 = CIRCLE ( 'NONE', #7908, 0.09999999999999982514 ) ;
#2883 = DIRECTION ( 'NONE',  ( 1.000000000000000000, -8.340016711426956274E-16, -0.000000000000000000 ) ) ;
#2884 = SURFACE_STYLE_USAGE ( .BOTH. , #8296 ) ;
#2885 = PRESENTATION_LAYER_ASSIGNMENT (  '', '', ( #5774 ) ) ;
#2886 = EDGE_CURVE ( 'NONE', #1715, #8338, #8352, .T. ) ;
#2887 = ORIENTED_EDGE ( 'NONE', *, *, #3734, .F. ) ;
#2888 = DIRECTION ( 'NONE',  ( -0.000000000000000000, -0.000000000000000000, -1.000000000000000000 ) ) ;
#2889 = EDGE_LOOP ( 'NONE', ( #5795, #7451, #124, #3443 ) ) ;
#2890 =( LENGTH_UNIT ( ) NAMED_UNIT ( * ) SI_UNIT ( .MILLI., .METRE. ) );
#2891 = CARTESIAN_POINT ( 'NONE',  ( -2.274999999999998135, -1.150000000000000355, 1.299999999999999156 ) ) ;
#2892 = ORIENTED_EDGE ( 'NONE', *, *, #1835, .T. ) ;
#2893 = FILL_AREA_STYLE_COLOUR ( '', #2294 ) ;
#2894 =( LENGTH_UNIT ( ) NAMED_UNIT ( * ) SI_UNIT ( .MILLI., .METRE. ) );
#2895 = LINE ( 'NONE', #5634, #578 ) ;
#2896 = DIRECTION ( 'NONE',  ( 0.000000000000000000, 0.000000000000000000, -1.000000000000000000 ) ) ;
#2897 = FILL_AREA_STYLE ('',( #5536 ) ) ;
#2898 = ORIENTED_EDGE ( 'NONE', *, *, #2784, .F. ) ;
#2899 =( NAMED_UNIT ( * ) SI_UNIT ( $, .STERADIAN. ) SOLID_ANGLE_UNIT ( ) );
#2900 = LINE ( 'NONE', #5497, #2878 ) ;
#2901 = FILL_AREA_STYLE_COLOUR ( '', #7126 ) ;
#2902 = PLANE ( 'NONE',  #2419 ) ;
#2903 = EDGE_CURVE ( 'NONE', #2114, #8544, #2296, .T. ) ;
#2904 =( NAMED_UNIT ( * ) SI_UNIT ( $, .STERADIAN. ) SOLID_ANGLE_UNIT ( ) );
#2905 = STYLED_ITEM ( 'NONE', ( #1472 ), #5579 ) ;
#2906 = VERTEX_POINT ( 'NONE', #7493 ) ;
#2907 = ORIENTED_EDGE ( 'NONE', *, *, #3037, .T. ) ;
#2908 = CARTESIAN_POINT ( 'NONE',  ( -1.774999999999999467, 1.249999999999999778, 1.199999999999999512 ) ) ;
#2909 = AXIS2_PLACEMENT_3D ( 'NONE', #1256, #1855, #3875 ) ;
#2910 =( NAMED_UNIT ( * ) SI_UNIT ( $, .STERADIAN. ) SOLID_ANGLE_UNIT ( ) );
#2911 = FACE_OUTER_BOUND ( 'NONE', #3660, .T. ) ;
#2912 = SURFACE_STYLE_FILL_AREA ( #3075 ) ;
#2913 = ORIENTED_EDGE ( 'NONE', *, *, #6274, .T. ) ;
#2914 = AXIS2_PLACEMENT_3D ( 'NONE', #7709, #5924, #3300 ) ;
#2915 = ORIENTED_EDGE ( 'NONE', *, *, #5510, .T. ) ;
#2916 = DIRECTION ( 'NONE',  ( 1.000000000000000000, 9.531447670202286736E-17, -0.000000000000000000 ) ) ;
#2917 = ADVANCED_FACE ( 'NONE', ( #261 ), #2902, .F. ) ;
#2918 = DIRECTION ( 'NONE',  ( 9.531447670202286736E-17, -1.000000000000000000, -0.000000000000000000 ) ) ;
#2919 = ADVANCED_BREP_SHAPE_REPRESENTATION ( 'Áã¼þ1', ( #5133, #7942, #8255 ), #5846 ) ;
#2920 = DIRECTION ( 'NONE',  ( 0.000000000000000000, 0.000000000000000000, 1.000000000000000000 ) ) ;
#2921 = CARTESIAN_POINT ( 'NONE',  ( -2.075000000000000622, 0.5799999999999994049, 0.000000000000000000 ) ) ;
#2922 = DIRECTION ( 'NONE',  ( -1.070816960479510993E-16, 1.000000000000000000, -2.229085583781521019E-30 ) ) ;
#2923 = DIRECTION ( 'NONE',  ( 1.000000000000000000, -0.000000000000000000, -0.000000000000000000 ) ) ;
#2924 = EDGE_LOOP ( 'NONE', ( #5328, #3798, #3526, #5467 ) ) ;
#2925 = ORIENTED_EDGE ( 'NONE', *, *, #2855, .F. ) ;
#2926 = LINE ( 'NONE', #2280, #5742 ) ;
#2927 = EDGE_LOOP ( 'NONE', ( #5834, #3309, #5617, #3077 ) ) ;
#2928 = CARTESIAN_POINT ( 'NONE',  ( -2.075000000000000622, 0.3799999999999993938, 0.2000000000000000944 ) ) ;
#2929 =( NAMED_UNIT ( * ) PLANE_ANGLE_UNIT ( ) SI_UNIT ( $, .RADIAN. ) );
#2930 = VERTEX_POINT ( 'NONE', #3160 ) ;
#2931 = CARTESIAN_POINT ( 'NONE',  ( 1.374999999999987121, -0.6250000000000002220, 1.799999999999981171 ) ) ;
#2932 = FILL_AREA_STYLE_COLOUR ( '', #4956 ) ;
#2933 =( NAMED_UNIT ( * ) PLANE_ANGLE_UNIT ( ) SI_UNIT ( $, .RADIAN. ) );
#2934 = CARTESIAN_POINT ( 'NONE',  ( 1.343228088337756167E-16, -1.150000000000000355, -1.884924567824053539E-30 ) ) ;
#2935 = DIRECTION ( 'NONE',  ( -9.531447670202286736E-17, 1.000000000000000000, -0.000000000000000000 ) ) ;
#2936 = ORIENTED_EDGE ( 'NONE', *, *, #4952, .F. ) ;
#2937 = VECTOR ( 'NONE', #6490, 1000.000000000000000 ) ;
#2938 = SURFACE_STYLE_USAGE ( .BOTH. , #3580 ) ;
#2939 = FILL_AREA_STYLE ('',( #1609 ) ) ;
#2940 = ORIENTED_EDGE ( 'NONE', *, *, #2225, .T. ) ;
#2941 = FILL_AREA_STYLE_COLOUR ( '', #2021 ) ;
#2942 = STYLED_ITEM ( 'NONE', ( #3091 ), #6873 ) ;
#2943 = SURFACE_STYLE_USAGE ( .BOTH. , #6221 ) ;
#2944 = UNCERTAINTY_MEASURE_WITH_UNIT (LENGTH_MEASURE( 1.000000000000000082E-05 ), #4038, 'distance_accuracy_value', 'NONE');
#2945 = ORIENTED_EDGE ( 'NONE', *, *, #3391, .F. ) ;
#2946 = PRESENTATION_LAYER_ASSIGNMENT (  '', '', ( #894 ) ) ;
#2947 =( GEOMETRIC_REPRESENTATION_CONTEXT ( 3 ) GLOBAL_UNCERTAINTY_ASSIGNED_CONTEXT ( ( #1244 ) ) GLOBAL_UNIT_ASSIGNED_CONTEXT ( ( #7069, #6361, #3763 ) ) REPRESENTATION_CONTEXT ( 'NONE', 'WORKASPACE' ) );
#2948 = CARTESIAN_POINT ( 'NONE',  ( 1.574999999999999067, 1.150000000000000133, 0.5999999999999994227 ) ) ;
#2949 = CARTESIAN_POINT ( 'NONE',  ( 2.024999999999998579, 1.150000000000000133, 1.299999999999998712 ) ) ;
#2950 = EDGE_CURVE ( 'NONE', #1206, #7667, #6435, .T. ) ;
#2951 = COLOUR_RGB ( '',0.8509803921568627194, 0.8509803921568627194, 0.8509803921568627194 ) ;
#2952 = FILL_AREA_STYLE ('',( #7029 ) ) ;
#2953 = CARTESIAN_POINT ( 'NONE',  ( -1.899999999999999689, -0.8250000000000002887, -1.040834085586084257E-14 ) ) ;
#2954 = UNCERTAINTY_MEASURE_WITH_UNIT (LENGTH_MEASURE( 1.000000000000000082E-05 ), #1727, 'distance_accuracy_value', 'NONE');
#2955 = CARTESIAN_POINT ( 'NONE',  ( -1.774999999999999467, 1.249999999999999778, 1.199999999999999512 ) ) ;
#2956 =( GEOMETRIC_REPRESENTATION_CONTEXT ( 3 ) GLOBAL_UNCERTAINTY_ASSIGNED_CONTEXT ( ( #1054 ) ) GLOBAL_UNIT_ASSIGNED_CONTEXT ( ( #4047, #3413, #3621 ) ) REPRESENTATION_CONTEXT ( 'NONE', 'WORKASPACE' ) );
#2957 = EDGE_LOOP ( 'NONE', ( #3664, #7896, #774, #1807 ) ) ;
#2958 = ORIENTED_EDGE ( 'NONE', *, *, #3236, .F. ) ;
#2959 = DIRECTION ( 'NONE',  ( 0.000000000000000000, 0.000000000000000000, 1.000000000000000000 ) ) ;
#2960 = EDGE_CURVE ( 'NONE', #8475, #5723, #5687, .T. ) ;
#2961 = CIRCLE ( 'NONE', #7279, 0.1999999999999999833 ) ;
#2962 = EDGE_CURVE ( 'NONE', #3626, #7440, #188, .T. ) ;
#2963 = VERTEX_POINT ( 'NONE', #8391 ) ;
#2964 = EDGE_CURVE ( 'NONE', #3960, #1009, #7053, .T. ) ;
#2965 = DIRECTION ( 'NONE',  ( 0.000000000000000000, 6.862039066364035213E-17, 1.000000000000000000 ) ) ;
#2966 = CARTESIAN_POINT ( 'NONE',  ( -2.024999999999997691, 1.149999999999999689, 0.4999999999999989453 ) ) ;
#2967 = ORIENTED_EDGE ( 'NONE', *, *, #6274, .F. ) ;
#2968 = LINE ( 'NONE', #5580, #259 ) ;
#2969 = VECTOR ( 'NONE', #3672, 1000.000000000000000 ) ;
#2970 = CYLINDRICAL_SURFACE ( 'NONE', #8411, 0.1000000000000000472 ) ;
#2971 = VECTOR ( 'NONE', #3505, 1000.000000000000000 ) ;
#2972 = AXIS2_PLACEMENT_3D ( 'NONE', #2948, #6925, #2188 ) ;
#2973 = VERTEX_POINT ( 'NONE', #1264 ) ;
#2974 = PRESENTATION_STYLE_ASSIGNMENT (( #4166 ) ) ;
#2975 = LINE ( 'NONE', #7583, #454 ) ;
#2976 = CARTESIAN_POINT ( 'NONE',  ( 1.774999999999999245, 0.9500000000000001776, 0.4999999999999995559 ) ) ;
#2977 =( LENGTH_UNIT ( ) NAMED_UNIT ( * ) SI_UNIT ( .MILLI., .METRE. ) );
#2978 = DIRECTION ( 'NONE',  ( -1.000000000000000000, 0.000000000000000000, 0.000000000000000000 ) ) ;
#2979 = VECTOR ( 'NONE', #1599, 1000.000000000000000 ) ;
#2980 = AXIS2_PLACEMENT_3D ( 'NONE', #4257, #6822, #4900 ) ;
#2981 = EDGE_CURVE ( 'NONE', #826, #7791, #1130, .T. ) ;
#2982 = DIRECTION ( 'NONE',  ( 0.000000000000000000, 6.862039066364035213E-17, 1.000000000000000000 ) ) ;
#2983 =( NAMED_UNIT ( * ) PLANE_ANGLE_UNIT ( ) SI_UNIT ( $, .RADIAN. ) );
#2984 =( GEOMETRIC_REPRESENTATION_CONTEXT ( 3 ) GLOBAL_UNCERTAINTY_ASSIGNED_CONTEXT ( ( #6127 ) ) GLOBAL_UNIT_ASSIGNED_CONTEXT ( ( #7953, #4606, #7858 ) ) REPRESENTATION_CONTEXT ( 'NONE', 'WORKASPACE' ) );
#2985 = COLOUR_RGB ( '',0.8509803921568627194, 0.8509803921568627194, 0.8509803921568627194 ) ;
#2986 = COLOUR_RGB ( '',0.2235294117647058654, 0.2235294117647058654, 0.2235294117647058654 ) ;
#2987 = ORIENTED_EDGE ( 'NONE', *, *, #6076, .F. ) ;
#2988 = CARTESIAN_POINT ( 'NONE',  ( -1.574999999999998401, 1.149999999999999689, 0.5999999999999984235 ) ) ;
#2989 = VECTOR ( 'NONE', #3080, 1000.000000000000000 ) ;
#2990 = DIRECTION ( 'NONE',  ( -1.000000000000000000, -0.000000000000000000, -0.000000000000000000 ) ) ;
#2991 = PRESENTATION_LAYER_ASSIGNMENT (  '', '', ( #4646 ) ) ;
#2992 = PRESENTATION_STYLE_ASSIGNMENT (( #6879 ) ) ;
#2993 = DIRECTION ( 'NONE',  ( 1.000000000000000000, 0.000000000000000000, 0.000000000000000000 ) ) ;
#2994 = ORIENTED_EDGE ( 'NONE', *, *, #2090, .F. ) ;
#2995 = STYLED_ITEM ( 'NONE', ( #7793 ), #8194 ) ;
#2996 = VERTEX_POINT ( 'NONE', #2614 ) ;
#2997 = CARTESIAN_POINT ( 'NONE',  ( 1.374999999999997780, -1.149999999999999911, 1.299999999999998046 ) ) ;
#2998 = VECTOR ( 'NONE', #1737, 1000.000000000000000 ) ;
#2999 = EDGE_CURVE ( 'NONE', #1628, #8097, #3841, .T. ) ;
#3000 = VERTEX_POINT ( 'NONE', #6347 ) ;
#3002 = ORIENTED_EDGE ( 'NONE', *, *, #5600, .F. ) ;
#3001 = VECTOR ( 'NONE', #4613, 1000.000000000000000 ) ;
#3003 = CARTESIAN_POINT ( 'NONE',  ( -0.9500000000000005107, 2.349999999999999645, 1.349999999999999645 ) ) ;
#3004 = VERTEX_POINT ( 'NONE', #3206 ) ;
#3005 = CARTESIAN_POINT ( 'NONE',  ( -2.074999999999997957, -0.6250000000000004441, 1.199999999999995515 ) ) ;
#3006 = CARTESIAN_POINT ( 'NONE',  ( 2.024999999999999467, 1.150000000000000133, 1.800000000000000044 ) ) ;
#3007 = ORIENTED_EDGE ( 'NONE', *, *, #97, .F. ) ;
#3008 = ORIENTED_EDGE ( 'NONE', *, *, #5114, .T. ) ;
#3009 = CARTESIAN_POINT ( 'NONE',  ( -1.774999999999998801, 1.149999999999999689, 1.199999999999998401 ) ) ;
#3010 = CARTESIAN_POINT ( 'NONE',  ( -1.899999999999999689, -0.6250000000000003331, 1.779999999999980931 ) ) ;
#3011 = ADVANCED_FACE ( 'NONE', ( #5082 ), #8441, .F. ) ;
#3012 = EDGE_CURVE ( 'NONE', #4479, #2593, #6480, .T. ) ;
#3013 = ORIENTED_EDGE ( 'NONE', *, *, #6968, .T. ) ;
#3014 = FILL_AREA_STYLE_COLOUR ( '', #2680 ) ;
#3015 =( NAMED_UNIT ( * ) PLANE_ANGLE_UNIT ( ) SI_UNIT ( $, .RADIAN. ) );
#3016 = CIRCLE ( 'NONE', #6603, 0.2000000000000051459 ) ;
#3017 =( LENGTH_UNIT ( ) NAMED_UNIT ( * ) SI_UNIT ( .MILLI., .METRE. ) );
#3018 = FILL_AREA_STYLE_COLOUR ( '', #4532 ) ;
#3019 = ORIENTED_EDGE ( 'NONE', *, *, #8292, .F. ) ;
#3020 = LINE ( 'NONE', #5637, #2979 ) ;
#3021 = EDGE_CURVE ( 'NONE', #7482, #1057, #6804, .T. ) ;
#3023 = AXIS2_PLACEMENT_3D ( 'NONE', #7161, #2574, #481 ) ;
#3022 =( GEOMETRIC_REPRESENTATION_CONTEXT ( 3 ) GLOBAL_UNCERTAINTY_ASSIGNED_CONTEXT ( ( #6373 ) ) GLOBAL_UNIT_ASSIGNED_CONTEXT ( ( #4689, #7359, #4031 ) ) REPRESENTATION_CONTEXT ( 'NONE', 'WORKASPACE' ) );
#3024 =( NAMED_UNIT ( * ) PLANE_ANGLE_UNIT ( ) SI_UNIT ( $, .RADIAN. ) );
#3025 = CARTESIAN_POINT ( 'NONE',  ( -1.499999999999999778, -0.8250000000000002887, 0.2000000000000000111 ) ) ;
#3026 = DIRECTION ( 'NONE',  ( 1.355252715606880937E-15, 0.000000000000000000, -1.000000000000000000 ) ) ;
#3027 =( NAMED_UNIT ( * ) SI_UNIT ( $, .STERADIAN. ) SOLID_ANGLE_UNIT ( ) );
#3028 = PLANE ( 'NONE',  #3599 ) ;
#3029 = ORIENTED_EDGE ( 'NONE', *, *, #5510, .F. ) ;
#3030 = COLOUR_RGB ( '',0.8509803921568627194, 0.8509803921568627194, 0.8509803921568627194 ) ;
#3031 = DIRECTION ( 'NONE',  ( -1.000000000000000000, 0.000000000000000000, 0.000000000000000000 ) ) ;
#3032 =( NAMED_UNIT ( * ) SI_UNIT ( $, .STERADIAN. ) SOLID_ANGLE_UNIT ( ) );
#3033 = FACE_OUTER_BOUND ( 'NONE', #3174, .T. ) ;
#3034 = UNCERTAINTY_MEASURE_WITH_UNIT (LENGTH_MEASURE( 1.000000000000000082E-05 ), #4919, 'distance_accuracy_value', 'NONE');
#3035 =( NAMED_UNIT ( * ) PLANE_ANGLE_UNIT ( ) SI_UNIT ( $, .RADIAN. ) );
#3036 = CYLINDRICAL_SURFACE ( 'NONE', #7366, 0.1000000000000000472 ) ;
#3037 = EDGE_CURVE ( 'NONE', #4471, #734, #4318, .T. ) ;
#3038 = ORIENTED_EDGE ( 'NONE', *, *, #1284, .F. ) ;
#3039 =( GEOMETRIC_REPRESENTATION_CONTEXT ( 3 ) GLOBAL_UNCERTAINTY_ASSIGNED_CONTEXT ( ( #1390 ) ) GLOBAL_UNIT_ASSIGNED_CONTEXT ( ( #6066, #1382, #2721 ) ) REPRESENTATION_CONTEXT ( 'NONE', 'WORKASPACE' ) );
#3040 =( NAMED_UNIT ( * ) SI_UNIT ( $, .STERADIAN. ) SOLID_ANGLE_UNIT ( ) );
#3041 = PRESENTATION_LAYER_ASSIGNMENT (  '', '', ( #8070 ) ) ;
#3042 = DIRECTION ( 'NONE',  ( -0.000000000000000000, -0.000000000000000000, -1.000000000000000000 ) ) ;
#3043 = FILL_AREA_STYLE ('',( #4879 ) ) ;
#3044 = UNCERTAINTY_MEASURE_WITH_UNIT (LENGTH_MEASURE( 1.000000000000000082E-05 ), #2780, 'distance_accuracy_value', 'NONE');
#3045 = DIRECTION ( 'NONE',  ( 1.000000000000000000, 9.531447670202286736E-17, 0.000000000000000000 ) ) ;
#3046 = PRESENTATION_LAYER_ASSIGNMENT (  '', '', ( #6906 ) ) ;
#3047 =( NAMED_UNIT ( * ) SI_UNIT ( $, .STERADIAN. ) SOLID_ANGLE_UNIT ( ) );
#3048 = CARTESIAN_POINT ( 'NONE',  ( -2.274999999999997691, -0.6250000000000004441, 1.299999999999994049 ) ) ;
#3049 = ORIENTED_EDGE ( 'NONE', *, *, #1205, .T. ) ;
#3050 = LINE ( 'NONE', #5667, #1731 ) ;
#3051 = ORIENTED_EDGE ( 'NONE', *, *, #430, .T. ) ;
#3052 = FACE_OUTER_BOUND ( 'NONE', #4994, .T. ) ;
#3053 = FACE_OUTER_BOUND ( 'NONE', #4123, .T. ) ;
#3054 = ORIENTED_EDGE ( 'NONE', *, *, #7888, .T. ) ;
#3055 = VERTEX_POINT ( 'NONE', #7966 ) ;
#3056 = DIRECTION ( 'NONE',  ( -1.000000000000000000, 0.000000000000000000, -8.673617379884013778E-16 ) ) ;
#3057 = DIRECTION ( 'NONE',  ( 0.000000000000000000, 0.000000000000000000, 1.000000000000000000 ) ) ;
#3058 = ORIENTED_EDGE ( 'NONE', *, *, #3129, .T. ) ;
#3059 = DIRECTION ( 'NONE',  ( 2.096124200138641695E-14, 4.495959036929447908E-30, -1.000000000000000000 ) ) ;
#3060 = CARTESIAN_POINT ( 'NONE',  ( 1.499999999999999778, -1.325000000000000178, -1.040834085586084257E-14 ) ) ;
#3061 = CARTESIAN_POINT ( 'NONE',  ( 1.899999999999999689, -1.325000000000000178, 0.1499999999999895861 ) ) ;
#3062 = FILL_AREA_STYLE_COLOUR ( '', #1457 ) ;
#3063 = EDGE_CURVE ( 'NONE', #7217, #6660, #29, .T. ) ;
#3064 = EDGE_CURVE ( 'NONE', #7813, #5828, #189, .T. ) ;
#3065 = CARTESIAN_POINT ( 'NONE',  ( -0.7999999999999963807, 1.149999999999999911, 1.849999999999999423 ) ) ;
#3066 = LINE ( 'NONE', #1870, #1430 ) ;
#3067 = LINE ( 'NONE', #1045, #4827 ) ;
#3068 = ORIENTED_EDGE ( 'NONE', *, *, #6450, .F. ) ;
#3069 = DIRECTION ( 'NONE',  ( 0.000000000000000000, 0.000000000000000000, 1.000000000000000000 ) ) ;
#3070 = DIRECTION ( 'NONE',  ( -9.531447670202286736E-17, 1.000000000000000000, 0.000000000000000000 ) ) ;
#3071 = EDGE_CURVE ( 'NONE', #6594, #798, #4002, .T. ) ;
#3072 = FILL_AREA_STYLE ('',( #8361 ) ) ;
#3073 = DIRECTION ( 'NONE',  ( -9.531447670202287969E-17, 1.000000000000000000, -0.000000000000000000 ) ) ;
#3074 = AXIS2_PLACEMENT_3D ( 'NONE', #954, #205, #6903 ) ;
#3075 = FILL_AREA_STYLE ('',( #5702 ) ) ;
#3076 = ORIENTED_EDGE ( 'NONE', *, *, #483, .F. ) ;
#3077 = ORIENTED_EDGE ( 'NONE', *, *, #7909, .F. ) ;
#3078 = AXIS2_PLACEMENT_3D ( 'NONE', #1295, #3917, #5853 ) ;
#3079 = SURFACE_SIDE_STYLE ('',( #4422 ) ) ;
#3081 = UNCERTAINTY_MEASURE_WITH_UNIT (LENGTH_MEASURE( 1.000000000000000082E-05 ), #1477, 'distance_accuracy_value', 'NONE');
#3080 = DIRECTION ( 'NONE',  ( 0.000000000000000000, 0.000000000000000000, -1.000000000000000000 ) ) ;
#3082 = CARTESIAN_POINT ( 'NONE',  ( -1.574999999999999289, 1.249999999999999778, 0.4999999999999994449 ) ) ;
#3083 = SURFACE_STYLE_USAGE ( .BOTH. , #1065 ) ;
#3084 = STYLED_ITEM ( 'NONE', ( #2511 ), #6819 ) ;
#3085 = LINE ( 'NONE', #4568, #7922 ) ;
#3086 = COLOUR_RGB ( '',0.2235294117647058654, 0.2235294117647058654, 0.2235294117647058654 ) ;
#3087 = ORIENTED_EDGE ( 'NONE', *, *, #2718, .F. ) ;
#3088 = DIRECTION ( 'NONE',  ( -1.000000000000000000, 0.000000000000000000, -5.421010862427520198E-16 ) ) ;
#3089 = PRESENTATION_STYLE_ASSIGNMENT (( #5104 ) ) ;
#3090 = ORIENTED_EDGE ( 'NONE', *, *, #1238, .T. ) ;
#3091 = PRESENTATION_STYLE_ASSIGNMENT (( #2549 ) ) ;
#3092 = COLOUR_RGB ( '',0.8509803921568627194, 0.8509803921568627194, 0.8509803921568627194 ) ;
#3093 = SURFACE_STYLE_USAGE ( .BOTH. , #7272 ) ;
#3094 = TOROIDAL_SURFACE ( 'NONE', #473, 0.1999999999999997613, 0.1000000000000000056 ) ;
#3095 = ORIENTED_EDGE ( 'NONE', *, *, #4370, .T. ) ;
#3096 = UNCERTAINTY_MEASURE_WITH_UNIT (LENGTH_MEASURE( 1.000000000000000082E-05 ), #6932, 'distance_accuracy_value', 'NONE');
#3097 = LINE ( 'NONE', #6294, #87 ) ;
#3098 = VERTEX_POINT ( 'NONE', #6769 ) ;
#3099 = SURFACE_STYLE_FILL_AREA ( #2519 ) ;
#3100 = FILL_AREA_STYLE_COLOUR ( '', #3184 ) ;
#3101 = MECHANICAL_DESIGN_GEOMETRIC_PRESENTATION_REPRESENTATION (  '', ( #5709 ), #4188 ) ;
#3102 = DIRECTION ( 'NONE',  ( 0.000000000000000000, 1.000000000000000000, 0.000000000000000000 ) ) ;
#3103 = MECHANICAL_DESIGN_GEOMETRIC_PRESENTATION_REPRESENTATION (  '', ( #3928 ), #7495 ) ;
#3104 = LINE ( 'NONE', #1818, #2478 ) ;
#3105 = ORIENTED_EDGE ( 'NONE', *, *, #7425, .T. ) ;
#3106 = AXIS2_PLACEMENT_3D ( 'NONE', #6303, #7096, #1168 ) ;
#3107 = VECTOR ( 'NONE', #1582, 1000.000000000000000 ) ;
#3108 = DIRECTION ( 'NONE',  ( 0.000000000000000000, 0.000000000000000000, -1.000000000000000000 ) ) ;
#3109 = UNCERTAINTY_MEASURE_WITH_UNIT (LENGTH_MEASURE( 1.000000000000000082E-05 ), #784, 'distance_accuracy_value', 'NONE');
#3110 = CARTESIAN_POINT ( 'NONE',  ( 2.024999999999999467, 0.9500000000000001776, 1.800000000000000044 ) ) ;
#3111 = LINE ( 'NONE', #7248, #2673 ) ;
#3112 = FILL_AREA_STYLE ('',( #4543 ) ) ;
#3113 = VERTEX_POINT ( 'NONE', #4801 ) ;
#3114 = MECHANICAL_DESIGN_GEOMETRIC_PRESENTATION_REPRESENTATION (  '', ( #8138 ), #7135 ) ;
#3115 =( GEOMETRIC_REPRESENTATION_CONTEXT ( 3 ) GLOBAL_UNCERTAINTY_ASSIGNED_CONTEXT ( ( #1039 ) ) GLOBAL_UNIT_ASSIGNED_CONTEXT ( ( #2662, #4054, #801 ) ) REPRESENTATION_CONTEXT ( 'NONE', 'WORKASPACE' ) );
#3116 = ADVANCED_FACE ( 'NONE', ( #1989 ), #1350, .F. ) ;
#3117 = CIRCLE ( 'NONE', #4631, 0.1000000000000000472 ) ;
#3118 = FACE_OUTER_BOUND ( 'NONE', #3888, .T. ) ;
#3119 = DIRECTION ( 'NONE',  ( -1.000000000000000000, 0.000000000000000000, 0.000000000000000000 ) ) ;
#3120 = CARTESIAN_POINT ( 'NONE',  ( -1.474999999999999423, 0.9499999999999998446, 0.5999999999999994227 ) ) ;
#3121 = MECHANICAL_DESIGN_GEOMETRIC_PRESENTATION_REPRESENTATION (  '', ( #7417 ), #6276 ) ;
#3122 = FILL_AREA_STYLE ('',( #482 ) ) ;
#3123 = UNCERTAINTY_MEASURE_WITH_UNIT (LENGTH_MEASURE( 1.000000000000000082E-05 ), #7527, 'distance_accuracy_value', 'NONE');
#3124 =( GEOMETRIC_REPRESENTATION_CONTEXT ( 3 ) GLOBAL_UNCERTAINTY_ASSIGNED_CONTEXT ( ( #7098 ) ) GLOBAL_UNIT_ASSIGNED_CONTEXT ( ( #1426, #3929, #664 ) ) REPRESENTATION_CONTEXT ( 'NONE', 'WORKASPACE' ) );
#3125 = ORIENTED_EDGE ( 'NONE', *, *, #7179, .F. ) ;
#3126 = EDGE_CURVE ( 'NONE', #7809, #3000, #5480, .T. ) ;
#3127 = ORIENTED_EDGE ( 'NONE', *, *, #8148, .T. ) ;
#3128 = EDGE_CURVE ( 'NONE', #1420, #6935, #6265, .T. ) ;
#3129 = EDGE_CURVE ( 'NONE', #421, #2054, #8204, .T. ) ;
#3130 = ORIENTED_EDGE ( 'NONE', *, *, #5429, .F. ) ;
#3131 = COLOUR_RGB ( '',0.8431372549019607865, 0.8156862745098039102, 0.7529411764705882248 ) ;
#3132 = CARTESIAN_POINT ( 'NONE',  ( -1.899999999999999689, -1.325000000000000178, -1.040834085586084257E-14 ) ) ;
#3133 = EDGE_CURVE ( 'NONE', #6702, #943, #2191, .T. ) ;
#3134 = UNCERTAINTY_MEASURE_WITH_UNIT (LENGTH_MEASURE( 1.000000000000000082E-05 ), #4991, 'distance_accuracy_value', 'NONE');
#3135 = LINE ( 'NONE', #7303, #7691 ) ;
#3136 = DIRECTION ( 'NONE',  ( 1.355252715606880937E-15, 1.451227593607763242E-31, -1.000000000000000000 ) ) ;
#3137 = AXIS2_PLACEMENT_3D ( 'NONE', #7946, #5349, #1967 ) ;
#3138 = ORIENTED_EDGE ( 'NONE', *, *, #2964, .T. ) ;
#3139 = CARTESIAN_POINT ( 'NONE',  ( 2.274999999999999023, -0.6250000000000004441, 1.299999999999999156 ) ) ;
#3140 =( NAMED_UNIT ( * ) PLANE_ANGLE_UNIT ( ) SI_UNIT ( $, .RADIAN. ) );
#3141 = ORIENTED_EDGE ( 'NONE', *, *, #3734, .T. ) ;
#3142 = DIRECTION ( 'NONE',  ( -1.000000000000000000, 0.000000000000000000, 0.000000000000000000 ) ) ;
#3143 = PRESENTATION_LAYER_ASSIGNMENT (  '', '', ( #239 ) ) ;
#3144 = EDGE_LOOP ( 'NONE', ( #2133, #5677, #7139, #2355, #6773, #4409, #3272, #6972 ) ) ;
#3145 = CARTESIAN_POINT ( 'NONE',  ( -1.874999999999998446, 1.149999999999999689, 0.4999999999999983902 ) ) ;
#3146 = SURFACE_STYLE_FILL_AREA ( #6421 ) ;
#3147 = EDGE_LOOP ( 'NONE', ( #3105, #2862, #7814, #8346 ) ) ;
#3148 = DIRECTION ( 'NONE',  ( 1.070816960479510870E-16, -1.000000000000000000, 1.094764425253763580E-47 ) ) ;
#3149 = CARTESIAN_POINT ( 'NONE',  ( 1.375000000000014433, -0.9578422717728221070, 0.4955507190332307244 ) ) ;
#3150 = MECHANICAL_DESIGN_GEOMETRIC_PRESENTATION_REPRESENTATION (  '', ( #944 ), #1492 ) ;
#3151 = CARTESIAN_POINT ( 'NONE',  ( -1.374999999999999778, -0.6250000000000003331, 1.199999999999981082 ) ) ;
#3152 = EDGE_CURVE ( 'NONE', #6104, #2053, #2228, .T. ) ;
#3153 = STYLED_ITEM ( 'NONE', ( #4132 ), #592 ) ;
#3154 = DIRECTION ( 'NONE',  ( -1.070816960479511117E-16, 1.000000000000000000, -0.000000000000000000 ) ) ;
#3155 = LINE ( 'NONE', #1774, #1363 ) ;
#3156 = VERTEX_POINT ( 'NONE', #3289 ) ;
#3157 = DIRECTION ( 'NONE',  ( -0.000000000000000000, 0.000000000000000000, 1.000000000000000000 ) ) ;
#3158 = DIRECTION ( 'NONE',  ( 0.000000000000000000, 0.000000000000000000, -1.000000000000000000 ) ) ;
#3159 = CARTESIAN_POINT ( 'NONE',  ( -1.450000000000003730, 0.9499999999999998446, 1.800000000000000044 ) ) ;
#3160 = CARTESIAN_POINT ( 'NONE',  ( 1.374999999999987121, -0.6250000000000002220, 1.799999999999981171 ) ) ;
#3161 = SURFACE_SIDE_STYLE ('',( #524 ) ) ;
#3162 = ORIENTED_EDGE ( 'NONE', *, *, #3285, .F. ) ;
#3163 = CARTESIAN_POINT ( 'NONE',  ( 1.000000000000000000, 1.149999999999999911, 0.4999999999999995559 ) ) ;
#3164 = VERTEX_POINT ( 'NONE', #4836 ) ;
#3165 = AXIS2_PLACEMENT_3D ( 'NONE', #5724, #4978, #8473 ) ;
#3166 = AXIS2_PLACEMENT_3D ( 'NONE', #5982, #2761, #3956 ) ;
#3167 = LINE ( 'NONE', #3753, #2998 ) ;
#3168 = EDGE_CURVE ( 'NONE', #3171, #2367, #7509, .T. ) ;
#3169 = DIRECTION ( 'NONE',  ( 1.000000000000000000, 9.531447670202286736E-17, -0.000000000000000000 ) ) ;
#3170 = CARTESIAN_POINT ( 'NONE',  ( 0.8999999999999994671, 0.9500000000000000666, 0.3999999999999996336 ) ) ;
#3171 = VERTEX_POINT ( 'NONE', #5909 ) ;
#3172 = CIRCLE ( 'NONE', #7777, 0.1000000000000001582 ) ;
#3173 = EDGE_LOOP ( 'NONE', ( #6300, #1720, #8337, #176 ) ) ;
#3174 = EDGE_LOOP ( 'NONE', ( #178, #6543, #7182, #4078 ) ) ;
#3175 = ORIENTED_EDGE ( 'NONE', *, *, #1697, .T. ) ;
#3176 = VERTEX_POINT ( 'NONE', #2313 ) ;
#3177 =( GEOMETRIC_REPRESENTATION_CONTEXT ( 3 ) GLOBAL_UNCERTAINTY_ASSIGNED_CONTEXT ( ( #6549 ) ) GLOBAL_UNIT_ASSIGNED_CONTEXT ( ( #7950, #5315, #5355 ) ) REPRESENTATION_CONTEXT ( 'NONE', 'WORKASPACE' ) );
#3179 = UNCERTAINTY_MEASURE_WITH_UNIT (LENGTH_MEASURE( 1.000000000000000082E-05 ), #8339, 'distance_accuracy_value', 'NONE');
#3178 = LINE ( 'NONE', #5800, #935 ) ;
#3180 = COLOUR_RGB ( '',0.8431372549019607865, 0.8156862745098039102, 0.7529411764705882248 ) ;
#3181 = CARTESIAN_POINT ( 'NONE',  ( -2.024999999999998579, 0.9499999999999997335, 1.299999999999999156 ) ) ;
#3182 = SURFACE_STYLE_FILL_AREA ( #1892 ) ;
#3183 = EDGE_CURVE ( 'NONE', #1327, #4889, #5011, .T. ) ;
#3184 = COLOUR_RGB ( '',0.8509803921568627194, 0.8509803921568627194, 0.8509803921568627194 ) ;
#3185 = CARTESIAN_POINT ( 'NONE',  ( -0.7999999999999962697, 0.3799999999999990608, 1.749999999999999334 ) ) ;
#3186 = COLOUR_RGB ( '',0.8431372549019607865, 0.8156862745098039102, 0.7529411764705882248 ) ;
#3187 = EDGE_LOOP ( 'NONE', ( #6217, #5286, #2681, #6413 ) ) ;
#3188 = CARTESIAN_POINT ( 'NONE',  ( -1.774999999999999467, 1.249999999999999778, 0.4999999999999994449 ) ) ;
#3189 = LINE ( 'NONE', #7907, #2408 ) ;
#3190 = DIRECTION ( 'NONE',  ( 1.070816960479510870E-16, -1.000000000000000000, 0.000000000000000000 ) ) ;
#3191 = ORIENTED_EDGE ( 'NONE', *, *, #274, .F. ) ;
#3192 = ORIENTED_EDGE ( 'NONE', *, *, #4649, .T. ) ;
#3193 = UNCERTAINTY_MEASURE_WITH_UNIT (LENGTH_MEASURE( 1.000000000000000082E-05 ), #4831, 'distance_accuracy_value', 'NONE');
#3194 =( GEOMETRIC_REPRESENTATION_CONTEXT ( 3 ) GLOBAL_UNCERTAINTY_ASSIGNED_CONTEXT ( ( #1900 ) ) GLOBAL_UNIT_ASSIGNED_CONTEXT ( ( #3500, #2861, #6004 ) ) REPRESENTATION_CONTEXT ( 'NONE', 'WORKASPACE' ) );
#3195 = FACE_BOUND ( 'NONE', #5093, .T. ) ;
#3196 = CARTESIAN_POINT ( 'NONE',  ( 0.8499999999999994227, 2.250000000000000444, 0.5499999999999998224 ) ) ;
#3197 = ORIENTED_EDGE ( 'NONE', *, *, #5002, .T. ) ;
#3198 = CARTESIAN_POINT ( 'NONE',  ( -0.8999999999999992450, 0.9499999999999999556, 1.399999999999999689 ) ) ;
#3199 = DIRECTION ( 'NONE',  ( 1.000000000000000000, 9.531447670202286736E-17, -0.000000000000000000 ) ) ;
#3200 = CARTESIAN_POINT ( 'NONE',  ( -1.574999999999999289, 1.349999999999999867, 1.199999999999999512 ) ) ;
#3201 = PLANE ( 'NONE',  #2425 ) ;
#3202 = VECTOR ( 'NONE', #6960, 1000.000000000000000 ) ;
#3203 = ORIENTED_EDGE ( 'NONE', *, *, #8152, .F. ) ;
#3204 = FILL_AREA_STYLE ('',( #6518 ) ) ;
#3205 = DIRECTION ( 'NONE',  ( 1.000000000000000000, -0.000000000000000000, -0.000000000000000000 ) ) ;
#3206 = CARTESIAN_POINT ( 'NONE',  ( -0.7999999999999960476, 0.9500000000000000666, 1.800000000000000044 ) ) ;
#3207 = CARTESIAN_POINT ( 'NONE',  ( 1.774999999999999467, 1.350000000000000089, 0.5999999999999994227 ) ) ;
#3208 = PRESENTATION_STYLE_ASSIGNMENT (( #2569 ) ) ;
#3209 = DIRECTION ( 'NONE',  ( -5.421010862427529073E-16, -5.804910374431058004E-32, 1.000000000000000000 ) ) ;
#3210 = CARTESIAN_POINT ( 'NONE',  ( -1.574999999999999289, 1.249999999999999778, 0.5999999999999995337 ) ) ;
#3211 = CARTESIAN_POINT ( 'NONE',  ( 2.275000000000018563, -0.9578422717728219959, 0.4955507190332495981 ) ) ;
#3212 = CARTESIAN_POINT ( 'NONE',  ( 1.375000000000014433, -0.9578422717728221070, 0.4955507190332683609 ) ) ;
#3213 = AXIS2_PLACEMENT_3D ( 'NONE', #886, #1448, #105 ) ;
#3214 = DIRECTION ( 'NONE',  ( -1.000000000000000000, 0.000000000000000000, 0.000000000000000000 ) ) ;
#3215 = ORIENTED_EDGE ( 'NONE', *, *, #316, .F. ) ;
#3216 = LINE ( 'NONE', #1757, #4 ) ;
#3217 = VERTEX_POINT ( 'NONE', #3082 ) ;
#3218 = VERTEX_POINT ( 'NONE', #451 ) ;
#3219 = PLANE ( 'NONE',  #1601 ) ;
#3220 = DIRECTION ( 'NONE',  ( 1.000000000000000000, 0.000000000000000000, 1.084202172485504237E-15 ) ) ;
#3221 = DIRECTION ( 'NONE',  ( 0.000000000000000000, 1.000000000000000000, 0.000000000000000000 ) ) ;
#3222 = CARTESIAN_POINT ( 'NONE',  ( -0.8999999999999991340, 0.3799999999999990608, 0.3999999999999996336 ) ) ;
#3223 = UNCERTAINTY_MEASURE_WITH_UNIT (LENGTH_MEASURE( 1.000000000000000082E-05 ), #5682, 'distance_accuracy_value', 'NONE');
#3224 = CARTESIAN_POINT ( 'NONE',  ( 1.774999999999999467, 1.250000000000000000, 0.5999999999999995337 ) ) ;
#3225 = ORIENTED_EDGE ( 'NONE', *, *, #4554, .F. ) ;
#3226 = LINE ( 'NONE', #2506, #7407 ) ;
#3227 = EDGE_CURVE ( 'NONE', #3611, #6248, #1714, .T. ) ;
#3228 = CARTESIAN_POINT ( 'NONE',  ( -2.618326299140101445E-16, 2.250000000000000444, 0.5499999999999998224 ) ) ;
#3229 = EDGE_CURVE ( 'NONE', #7185, #1483, #4742, .T. ) ;
#3230 = ORIENTED_EDGE ( 'NONE', *, *, #3285, .T. ) ;
#3231 = EDGE_LOOP ( 'NONE', ( #7074, #5278, #8425, #5621 ) ) ;
#3232 = LINE ( 'NONE', #5200, #2726 ) ;
#3233 = ORIENTED_EDGE ( 'NONE', *, *, #851, .T. ) ;
#3234 = ADVANCED_FACE ( 'NONE', ( #320 ), #3094, .T. ) ;
#3235 = EDGE_CURVE ( 'NONE', #2070, #5979, #6981, .T. ) ;
#3236 = EDGE_CURVE ( 'NONE', #7369, #113, #366, .T. ) ;
#3237 = LINE ( 'NONE', #6428, #5148 ) ;
#3238 = CIRCLE ( 'NONE', #5414, 0.1000000000000000472 ) ;
#3239 = VECTOR ( 'NONE', #6192, 1000.000000000000000 ) ;
#3240 = VERTEX_POINT ( 'NONE', #2921 ) ;
#3241 = VECTOR ( 'NONE', #4936, 1000.000000000000000 ) ;
#3242 = COLOUR_RGB ( '',0.8431372549019607865, 0.8156862745098039102, 0.7529411764705882248 ) ;
#3243 = VECTOR ( 'NONE', #6890, 1000.000000000000000 ) ;
#3244 = LINE ( 'NONE', #1618, #6005 ) ;
#3245 = VERTEX_POINT ( 'NONE', #4242 ) ;
#3246 =( LENGTH_UNIT ( ) NAMED_UNIT ( * ) SI_UNIT ( .MILLI., .METRE. ) );
#3247 = SURFACE_STYLE_USAGE ( .BOTH. , #3802 ) ;
#3248 = ORIENTED_EDGE ( 'NONE', *, *, #2630, .T. ) ;
#3249 = PRESENTATION_LAYER_ASSIGNMENT (  '', '', ( #2703 ) ) ;
#3250 = MECHANICAL_DESIGN_GEOMETRIC_PRESENTATION_REPRESENTATION (  '', ( #7548 ), #4873 ) ;
#3251 = SURFACE_STYLE_FILL_AREA ( #903 ) ;
#3252 = SPHERICAL_SURFACE ( 'NONE', #485, 0.1000000000000000056 ) ;
#3253 = DIRECTION ( 'NONE',  ( 0.000000000000000000, 1.000000000000000000, 0.000000000000000000 ) ) ;
#3254 = STYLED_ITEM ( 'NONE', ( #7580 ), #1663 ) ;
#3255 = CIRCLE ( 'NONE', #2837, 0.1000000000000000472 ) ;
#3256 = VECTOR ( 'NONE', #1532, 1000.000000000000000 ) ;
#3257 = DIRECTION ( 'NONE',  ( -1.070816960479510993E-16, 1.000000000000000000, 0.000000000000000000 ) ) ;
#3258 = ORIENTED_EDGE ( 'NONE', *, *, #4154, .T. ) ;
#3259 = EDGE_CURVE ( 'NONE', #3004, #7667, #8239, .T. ) ;
#3260 = ORIENTED_EDGE ( 'NONE', *, *, #6287, .T. ) ;
#3261 = LINE ( 'NONE', #48, #3793 ) ;
#3262 = COLOUR_RGB ( '',0.8431372549019607865, 0.8156862745098039102, 0.7529411764705882248 ) ;
#3263 =( GEOMETRIC_REPRESENTATION_CONTEXT ( 3 ) GLOBAL_UNCERTAINTY_ASSIGNED_CONTEXT ( ( #1987 ) ) GLOBAL_UNIT_ASSIGNED_CONTEXT ( ( #5956, #1400, #672 ) ) REPRESENTATION_CONTEXT ( 'NONE', 'WORKASPACE' ) );
#3264 = FACE_OUTER_BOUND ( 'NONE', #2643, .T. ) ;
#3265 = DIRECTION ( 'NONE',  ( -2.433562623096157742E-45, -1.000000000000000000, -1.160982074886210068E-31 ) ) ;
#3266 = VECTOR ( 'NONE', #7054, 1000.000000000000000 ) ;
#3267 = LINE ( 'NONE', #3820, #6828 ) ;
#3268 = PRESENTATION_STYLE_ASSIGNMENT (( #7123 ) ) ;
#3269 = STYLED_ITEM ( 'NONE', ( #1299 ), #6659 ) ;
#3270 = LINE ( 'NONE', #109, #265 ) ;
#3271 = STYLED_ITEM ( 'NONE', ( #735 ), #1890 ) ;
#3272 = ORIENTED_EDGE ( 'NONE', *, *, #6342, .T. ) ;
#3273 = PRESENTATION_STYLE_ASSIGNMENT (( #4683 ) ) ;
#3274 = FILL_AREA_STYLE_COLOUR ( '', #4175 ) ;
#3275 =( LENGTH_UNIT ( ) NAMED_UNIT ( * ) SI_UNIT ( .MILLI., .METRE. ) );
#3276 = ORIENTED_EDGE ( 'NONE', *, *, #6022, .F. ) ;
#3277 = AXIS2_PLACEMENT_3D ( 'NONE', #5311, #4019, #2702 ) ;
#3278 = VECTOR ( 'NONE', #7073, 1000.000000000000000 ) ;
#3279 = SURFACE_STYLE_FILL_AREA ( #647 ) ;
#3280 = ORIENTED_EDGE ( 'NONE', *, *, #4231, .F. ) ;
#3281 = FACE_OUTER_BOUND ( 'NONE', #6399, .T. ) ;
#3282 = MECHANICAL_DESIGN_GEOMETRIC_PRESENTATION_REPRESENTATION (  '', ( #7586 ), #8165 ) ;
#3283 =( NAMED_UNIT ( * ) PLANE_ANGLE_UNIT ( ) SI_UNIT ( $, .RADIAN. ) );
#3284 = EDGE_LOOP ( 'NONE', ( #2925, #3759, #7320, #2330, #3054, #1404, #6390, #7570 ) ) ;
#3285 = EDGE_CURVE ( 'NONE', #8475, #5766, #5661, .T. ) ;
#3286 = EDGE_CURVE ( 'NONE', #3156, #1766, #5059, .T. ) ;
#3287 = FILL_AREA_STYLE ('',( #3883 ) ) ;
#3288 =( GEOMETRIC_REPRESENTATION_CONTEXT ( 3 ) GLOBAL_UNCERTAINTY_ASSIGNED_CONTEXT ( ( #2011 ) ) GLOBAL_UNIT_ASSIGNED_CONTEXT ( ( #2977, #8313, #6254 ) ) REPRESENTATION_CONTEXT ( 'NONE', 'WORKASPACE' ) );
#3289 = CARTESIAN_POINT ( 'NONE',  ( -1.899999999999999689, -0.6250000000000004441, 1.199999999999991962 ) ) ;
#3290 = STYLED_ITEM ( 'NONE', ( #1653 ), #215 ) ;
#3291 = DIRECTION ( 'NONE',  ( 9.531447670202286736E-17, -1.000000000000000000, 0.000000000000000000 ) ) ;
#3292 = LINE ( 'NONE', #5913, #4416 ) ;
#3293 = EDGE_CURVE ( 'NONE', #2240, #344, #4426, .T. ) ;
#3294 = FILL_AREA_STYLE_COLOUR ( '', #5437 ) ;
#3295 = STYLED_ITEM ( 'NONE', ( #2677 ), #8518 ) ;
#3296 = PLANE ( 'NONE',  #5870 ) ;
#3297 = AXIS2_PLACEMENT_3D ( 'NONE', #4821, #6085, #3620 ) ;
#3298 = CARTESIAN_POINT ( 'NONE',  ( -2.075000000000000622, 0.3799999999999993938, 0.2000000000000000944 ) ) ;
#3299 = PRESENTATION_STYLE_ASSIGNMENT (( #8143 ) ) ;
#3300 = DIRECTION ( 'NONE',  ( -1.000000000000000000, 0.000000000000000000, 0.000000000000000000 ) ) ;
#3301 = ORIENTED_EDGE ( 'NONE', *, *, #2999, .F. ) ;
#3302 = MECHANICAL_DESIGN_GEOMETRIC_PRESENTATION_REPRESENTATION (  '', ( #6877 ), #1787 ) ;
#3303 = FILL_AREA_STYLE_COLOUR ( '', #8066 ) ;
#3304 = SURFACE_STYLE_FILL_AREA ( #6623 ) ;
#3305 = UNCERTAINTY_MEASURE_WITH_UNIT (LENGTH_MEASURE( 1.000000000000000082E-05 ), #5242, 'distance_accuracy_value', 'NONE');
#3306 = FILL_AREA_STYLE ('',( #7948 ) ) ;
#3307 = SURFACE_SIDE_STYLE ('',( #6584 ) ) ;
#3308 = UNCERTAINTY_MEASURE_WITH_UNIT (LENGTH_MEASURE( 1.000000000000000082E-05 ), #5599, 'distance_accuracy_value', 'NONE');
#3309 = ORIENTED_EDGE ( 'NONE', *, *, #3071, .F. ) ;
#3310 = DIRECTION ( 'NONE',  ( 0.000000000000000000, 1.000000000000000000, 0.000000000000000000 ) ) ;
#3311 =( NAMED_UNIT ( * ) SI_UNIT ( $, .STERADIAN. ) SOLID_ANGLE_UNIT ( ) );
#3312 = PRESENTATION_LAYER_ASSIGNMENT (  '', '', ( #7041 ) ) ;
#3313 = SURFACE_SIDE_STYLE ('',( #4644 ) ) ;
#3314 = EDGE_LOOP ( 'NONE', ( #822, #6359, #3891, #4671 ) ) ;
#3315 = AXIS2_PLACEMENT_3D ( 'NONE', #8530, #3844, #2488 ) ;
#3316 = ORIENTED_EDGE ( 'NONE', *, *, #3910, .T. ) ;
#3317 =( NAMED_UNIT ( * ) SI_UNIT ( $, .STERADIAN. ) SOLID_ANGLE_UNIT ( ) );
#3318 = DIRECTION ( 'NONE',  ( -0.000000000000000000, -0.000000000000000000, 1.000000000000000000 ) ) ;
#3319 = SURFACE_SIDE_STYLE ('',( #2154 ) ) ;
#3320 = ORIENTED_EDGE ( 'NONE', *, *, #1708, .F. ) ;
#3321 = VECTOR ( 'NONE', #6378, 1000.000000000000000 ) ;
#3322 = ORIENTED_EDGE ( 'NONE', *, *, #3152, .T. ) ;
#3323 = DIRECTION ( 'NONE',  ( 0.000000000000000000, 0.000000000000000000, 1.000000000000000000 ) ) ;
#3324 = SURFACE_SIDE_STYLE ('',( #7924 ) ) ;
#3325 = PRESENTATION_STYLE_ASSIGNMENT (( #1576 ) ) ;
#3326 = SURFACE_STYLE_USAGE ( .BOTH. , #6039 ) ;
#3327 = AXIS2_PLACEMENT_3D ( 'NONE', #7343, #2050, #174 ) ;
#3328 = DIRECTION ( 'NONE',  ( 0.000000000000000000, -0.000000000000000000, -1.000000000000000000 ) ) ;
#3329 = FACE_OUTER_BOUND ( 'NONE', #3990, .T. ) ;
#3330 = CARTESIAN_POINT ( 'NONE',  ( 2.024999999999999911, 0.9000000000000002442, 1.800000000000000044 ) ) ;
#3331 = EDGE_CURVE ( 'NONE', #2783, #3156, #2272, .T. ) ;
#3332 =( GEOMETRIC_REPRESENTATION_CONTEXT ( 3 ) GLOBAL_UNCERTAINTY_ASSIGNED_CONTEXT ( ( #6465 ) ) GLOBAL_UNIT_ASSIGNED_CONTEXT ( ( #4224, #4914, #349 ) ) REPRESENTATION_CONTEXT ( 'NONE', 'WORKASPACE' ) );
#3333 = DIRECTION ( 'NONE',  ( 0.000000000000000000, 0.000000000000000000, 1.000000000000000000 ) ) ;
#3334 = DIRECTION ( 'NONE',  ( -1.070816960479510870E-16, 1.000000000000000000, -0.000000000000000000 ) ) ;
#3335 = ORIENTED_EDGE ( 'NONE', *, *, #6980, .F. ) ;
#3336 = ADVANCED_FACE ( 'NONE', ( #981 ), #2362, .F. ) ;
#3337 = ORIENTED_EDGE ( 'NONE', *, *, #2509, .T. ) ;
#3338 = FILL_AREA_STYLE_COLOUR ( '', #5561 ) ;
#3339 = DIRECTION ( 'NONE',  ( 0.000000000000000000, -1.000000000000000000, 0.000000000000000000 ) ) ;
#3340 = LINE ( 'NONE', #759, #7006 ) ;
#3341 = FACE_BOUND ( 'NONE', #4236, .T. ) ;
#3342 = STYLED_ITEM ( 'NONE', ( #272 ), #3595 ) ;
#3343 = SURFACE_SIDE_STYLE ('',( #5439 ) ) ;
#3344 = CARTESIAN_POINT ( 'NONE',  ( 2.075000000000000178, 0.9000000000000000222, 0.000000000000000000 ) ) ;
#3345 = VERTEX_POINT ( 'NONE', #6457 ) ;
#3346 = SURFACE_SIDE_STYLE ('',( #6588 ) ) ;
#3347 = PRESENTATION_LAYER_ASSIGNMENT (  '', '', ( #2394 ) ) ;
#3348 = CARTESIAN_POINT ( 'NONE',  ( -0.5500000000000001554, 0.2499999999999997780, 0.000000000000000000 ) ) ;
#3349 = EDGE_CURVE ( 'NONE', #18, #3171, #7273, .T. ) ;
#3350 = DIRECTION ( 'NONE',  ( -1.070816960479510870E-16, 1.000000000000000000, -0.000000000000000000 ) ) ;
#3351 = ORIENTED_EDGE ( 'NONE', *, *, #3422, .T. ) ;
#3352 =( LENGTH_UNIT ( ) NAMED_UNIT ( * ) SI_UNIT ( .MILLI., .METRE. ) );
#3353 = ORIENTED_EDGE ( 'NONE', *, *, #2641, .F. ) ;
#3354 = PRESENTATION_LAYER_ASSIGNMENT (  '', '', ( #2547 ) ) ;
#3355 = LINE ( 'NONE', #6070, #692 ) ;
#3356 = ORIENTED_EDGE ( 'NONE', *, *, #817, .F. ) ;
#3357 = DIRECTION ( 'NONE',  ( 1.000000000000000000, -1.084202172485504040E-15, 0.000000000000000000 ) ) ;
#3358 = FACE_OUTER_BOUND ( 'NONE', #3418, .T. ) ;
#3359 = STYLED_ITEM ( 'NONE', ( #4251 ), #6809 ) ;
#3360 = SURFACE_SIDE_STYLE ('',( #742 ) ) ;
#3361 = LINE ( 'NONE', #2077, #2846 ) ;
#3362 = SURFACE_SIDE_STYLE ('',( #5993 ) ) ;
#3363 = AXIS2_PLACEMENT_3D ( 'NONE', #5358, #7985, #2145 ) ;
#3364 = FILL_AREA_STYLE ('',( #869 ) ) ;
#3365 = VECTOR ( 'NONE', #4266, 1000.000000000000000 ) ;
#3366 = AXIS2_PLACEMENT_3D ( 'NONE', #3003, #4118, #5573 ) ;
#3367 = CYLINDRICAL_SURFACE ( 'NONE', #1337, 0.09999999999999982514 ) ;
#3368 = FACE_OUTER_BOUND ( 'NONE', #4247, .T. ) ;
#3369 =( NAMED_UNIT ( * ) PLANE_ANGLE_UNIT ( ) SI_UNIT ( $, .RADIAN. ) );
#3370 = VECTOR ( 'NONE', #6380, 1000.000000000000000 ) ;
#3371 = PRESENTATION_LAYER_ASSIGNMENT (  '', '', ( #8262 ) ) ;
#3372 = PRESENTATION_STYLE_ASSIGNMENT (( #748 ) ) ;
#3373 = PRESENTATION_STYLE_ASSIGNMENT (( #92 ) ) ;
#3374 = FACE_OUTER_BOUND ( 'NONE', #6482, .T. ) ;
#3375 = ORIENTED_EDGE ( 'NONE', *, *, #4995, .F. ) ;
#3376 = EDGE_CURVE ( 'NONE', #8348, #3626, #3267, .T. ) ;
#3377 = PRESENTATION_LAYER_ASSIGNMENT (  '', '', ( #5554 ) ) ;
#3378 = DIRECTION ( 'NONE',  ( 0.000000000000000000, 6.862039066364035213E-17, 1.000000000000000000 ) ) ;
#3379 = CARTESIAN_POINT ( 'NONE',  ( -1.574999999999999289, 1.249999999999999778, 0.5999999999999994227 ) ) ;
#3380 = AXIS2_PLACEMENT_3D ( 'NONE', #699, #122, #6519 ) ;
#3381 = CARTESIAN_POINT ( 'NONE',  ( 1.899999999999999689, -0.6249999999999951150, 0.2000000000000000111 ) ) ;
#3382 = EDGE_CURVE ( 'NONE', #2550, #7218, #3135, .T. ) ;
#3383 =( GEOMETRIC_REPRESENTATION_CONTEXT ( 3 ) GLOBAL_UNCERTAINTY_ASSIGNED_CONTEXT ( ( #5758 ) ) GLOBAL_UNIT_ASSIGNED_CONTEXT ( ( #6847, #6392, #3513 ) ) REPRESENTATION_CONTEXT ( 'NONE', 'WORKASPACE' ) );
#3384 = EDGE_CURVE ( 'NONE', #1669, #1317, #682, .T. ) ;
#3385 = EDGE_CURVE ( 'NONE', #2906, #7536, #2828, .T. ) ;
#3386 =( LENGTH_UNIT ( ) NAMED_UNIT ( * ) SI_UNIT ( .MILLI., .METRE. ) );
#3387 = DIRECTION ( 'NONE',  ( 1.000000000000000000, 0.000000000000000000, 0.000000000000000000 ) ) ;
#3388 = CARTESIAN_POINT ( 'NONE',  ( -0.9500000000000005107, 2.250000000000000444, 1.249999999999999556 ) ) ;
#3389 = AXIS2_PLACEMENT_3D ( 'NONE', #662, #1425, #7197 ) ;
#3390 = VECTOR ( 'NONE', #8359, 1000.000000000000000 ) ;
#3391 = EDGE_CURVE ( 'NONE', #421, #7859, #7901, .T. ) ;
#3392 = MECHANICAL_DESIGN_GEOMETRIC_PRESENTATION_REPRESENTATION (  '', ( #5173 ), #649 ) ;
#3393 = FILL_AREA_STYLE ('',( #6768 ) ) ;
#3394 = VERTEX_POINT ( 'NONE', #585 ) ;
#3395 = LINE ( 'NONE', #115, #5582 ) ;
#3396 = COLOUR_RGB ( '',0.8431372549019607865, 0.8156862745098039102, 0.7529411764705882248 ) ;
#3397 = AXIS2_PLACEMENT_3D ( 'NONE', #5496, #5684, #4948 ) ;
#3398 = CIRCLE ( 'NONE', #5316, 0.1000000000000000472 ) ;
#3399 = CARTESIAN_POINT ( 'NONE',  ( -1.374999999999987121, -0.6250000000000002220, 1.799999999999981171 ) ) ;
#3401 = ORIENTED_EDGE ( 'NONE', *, *, #6708, .F. ) ;
#3400 = FILL_AREA_STYLE_COLOUR ( '', #2631 ) ;
#3402 = CARTESIAN_POINT ( 'NONE',  ( -1.499999999999999778, -1.325000000000000178, 0.1499999999999895861 ) ) ;
#3403 = LINE ( 'NONE', #825, #3001 ) ;
#3404 = SURFACE_STYLE_FILL_AREA ( #6731 ) ;
#3405 =( GEOMETRIC_REPRESENTATION_CONTEXT ( 3 ) GLOBAL_UNCERTAINTY_ASSIGNED_CONTEXT ( ( #1310 ) ) GLOBAL_UNIT_ASSIGNED_CONTEXT ( ( #8369, #1534, #6927 ) ) REPRESENTATION_CONTEXT ( 'NONE', 'WORKASPACE' ) );
#3406 = PRESENTATION_LAYER_ASSIGNMENT (  '', '', ( #236 ) ) ;
#3407 = EDGE_CURVE ( 'NONE', #7440, #2382, #1891, .T. ) ;
#3408 = CARTESIAN_POINT ( 'NONE',  ( 1.574999999999999512, 1.250000000000000000, 1.199999999999999512 ) ) ;
#3409 =( NAMED_UNIT ( * ) PLANE_ANGLE_UNIT ( ) SI_UNIT ( $, .RADIAN. ) );
#3410 = PLANE ( 'NONE',  #385 ) ;
#3411 = VERTEX_POINT ( 'NONE', #5231 ) ;
#3412 = VECTOR ( 'NONE', #3069, 1000.000000000000000 ) ;
#3413 =( NAMED_UNIT ( * ) PLANE_ANGLE_UNIT ( ) SI_UNIT ( $, .RADIAN. ) );
#3414 = VECTOR ( 'NONE', #6488, 1000.000000000000000 ) ;
#3415 = DIRECTION ( 'NONE',  ( -1.070816960479510993E-16, 1.000000000000000000, 8.758115402030106693E-47 ) ) ;
#3416 = SURFACE_STYLE_USAGE ( .BOTH. , #5428 ) ;
#3417 = DIRECTION ( 'NONE',  ( 1.070816960479510993E-16, -1.000000000000000000, -8.758115402030106693E-47 ) ) ;
#3418 = EDGE_LOOP ( 'NONE', ( #4729, #2709, #4121, #6367 ) ) ;
#3419 =( GEOMETRIC_REPRESENTATION_CONTEXT ( 3 ) GLOBAL_UNCERTAINTY_ASSIGNED_CONTEXT ( ( #4516 ) ) GLOBAL_UNIT_ASSIGNED_CONTEXT ( ( #560, #5859, #8570 ) ) REPRESENTATION_CONTEXT ( 'NONE', 'WORKASPACE' ) );
#3420 = ORIENTED_EDGE ( 'NONE', *, *, #4112, .T. ) ;
#3421 = MECHANICAL_DESIGN_GEOMETRIC_PRESENTATION_REPRESENTATION (  '', ( #2324 ), #7443 ) ;
#3422 = EDGE_CURVE ( 'NONE', #4653, #4736, #2544, .T. ) ;
#3423 = SURFACE_STYLE_USAGE ( .BOTH. , #49 ) ;
#3424 =( NAMED_UNIT ( * ) SI_UNIT ( $, .STERADIAN. ) SOLID_ANGLE_UNIT ( ) );
#3425 = DIRECTION ( 'NONE',  ( 1.000000000000000000, 0.000000000000000000, -2.096124200138642642E-14 ) ) ;
#3426 =( NAMED_UNIT ( * ) SI_UNIT ( $, .STERADIAN. ) SOLID_ANGLE_UNIT ( ) );
#3427 = SURFACE_STYLE_FILL_AREA ( #4793 ) ;
#3428 = CARTESIAN_POINT ( 'NONE',  ( -1.574999999999999289, 1.349999999999999867, 0.5999999999999994227 ) ) ;
#3429 = AXIS2_PLACEMENT_3D ( 'NONE', #8214, #6113, #8254 ) ;
#3430 = CARTESIAN_POINT ( 'NONE',  ( 2.274999999999998579, 0.9500000000000001776, 1.299999999999999156 ) ) ;
#3431 = PRESENTATION_STYLE_ASSIGNMENT (( #1689 ) ) ;
#3432 = CARTESIAN_POINT ( 'NONE',  ( -1.874999999999998446, 1.149999999999999689, 0.5999999999999982014 ) ) ;
#3434 = AXIS2_PLACEMENT_3D ( 'NONE', #6653, #747, #1358 ) ;
#3433 = MECHANICAL_DESIGN_GEOMETRIC_PRESENTATION_REPRESENTATION (  '', ( #3847 ), #3022 ) ;
#3435 = CARTESIAN_POINT ( 'NONE',  ( 0.8000000000000037081, 1.149999999999999911, 1.800000000000000044 ) ) ;
#3436 = ADVANCED_FACE ( 'NONE', ( #5098 ), #2665, .F. ) ;
#3437 = FILL_AREA_STYLE_COLOUR ( '', #6770 ) ;
#3438 =( GEOMETRIC_REPRESENTATION_CONTEXT ( 3 ) GLOBAL_UNCERTAINTY_ASSIGNED_CONTEXT ( ( #2514 ) ) GLOBAL_UNIT_ASSIGNED_CONTEXT ( ( #7352, #4063, #2751 ) ) REPRESENTATION_CONTEXT ( 'NONE', 'WORKASPACE' ) );
#3439 = CARTESIAN_POINT ( 'NONE',  ( -1.574999999999999956, 1.149999999999999689, -1.355252715606880543E-17 ) ) ;
#3440 = ORIENTED_EDGE ( 'NONE', *, *, #429, .F. ) ;
#3441 = PRESENTATION_STYLE_ASSIGNMENT (( #824 ) ) ;
#3442 = DIRECTION ( 'NONE',  ( 9.531447670202286736E-17, -1.000000000000000000, -0.000000000000000000 ) ) ;
#3443 = ORIENTED_EDGE ( 'NONE', *, *, #7226, .T. ) ;
#3444 = FACE_OUTER_BOUND ( 'NONE', #4433, .T. ) ;
#3445 =( NAMED_UNIT ( * ) SI_UNIT ( $, .STERADIAN. ) SOLID_ANGLE_UNIT ( ) );
#3446 =( NAMED_UNIT ( * ) SI_UNIT ( $, .STERADIAN. ) SOLID_ANGLE_UNIT ( ) );
#3447 = ORIENTED_EDGE ( 'NONE', *, *, #3617, .F. ) ;
#3448 = SURFACE_STYLE_USAGE ( .BOTH. , #788 ) ;
#3449 = VECTOR ( 'NONE', #5631, 1000.000000000000000 ) ;
#3450 = DIRECTION ( 'NONE',  ( -0.000000000000000000, -0.000000000000000000, -1.000000000000000000 ) ) ;
#3451 = ORIENTED_EDGE ( 'NONE', *, *, #806, .T. ) ;
#3452 = CLOSED_SHELL ( 'NONE', ( #3234, #677, #8328, #2131, #8304, #7651, #8002, #5641, #53, #151, #61, #4498, #8092, #2612, #4909, #1119, #1379, #5660, #1970, #8248, #3436, #2381, #6336, #4412, #1128, #7524, #6809, #3595, #8601, #7092, #4687, #7330, #2565, #5394, #3336, #1342, #534, #4748, #1890, #1333, #8518, #6661, #2391, #1963, #6545, #1852, #2216, #3750, #8561, #7899, #5374, #8576, #1937, #4560, #8404, #6873, #7223, #5062, #1663, #116, #4133, #7770, #1864, #6819, #743, #7927, #8575, #5515, #160, #1259, #3957, #3855, #5633, #5919, #4013, #709, #4113, #5421, #5046, #81, #7887, #1620, #6709, #3745, #4659, #989, #4272, #3011, #5422, #5754, #4514, #3915, #52, #6176, #4009, #2510, #7765, #3789, #130, #5934, #4218, #3116, #6283, #8520, #592, #5154, #45, #5579, #2194, #215, #7423, #5638, #2811, #7795, #5262, #1602, #2708, #6986, #1409, #8151, #7225, #5172, #6739 ) ) ;
#3453 = UNCERTAINTY_MEASURE_WITH_UNIT (LENGTH_MEASURE( 1.000000000000000082E-05 ), #1503, 'distance_accuracy_value', 'NONE');
#3454 = CARTESIAN_POINT ( 'NONE',  ( -1.474999999999999423, 0.9499999999999998446, 1.199999999999998845 ) ) ;
#3455 = COLOUR_RGB ( '',0.8431372549019607865, 0.8156862745098039102, 0.7529411764705882248 ) ;
#3456 =( NAMED_UNIT ( * ) PLANE_ANGLE_UNIT ( ) SI_UNIT ( $, .RADIAN. ) );
#3457 = CARTESIAN_POINT ( 'NONE',  ( 1.000000000000000000, 0.3799999999999990608, 1.299999999999999156 ) ) ;
#3458 = VERTEX_POINT ( 'NONE', #4022 ) ;
#3459 = ORIENTED_EDGE ( 'NONE', *, *, #4599, .F. ) ;
#3460 = AXIS2_PLACEMENT_3D ( 'NONE', #2731, #4125, #7333 ) ;
#3461 = DIRECTION ( 'NONE',  ( 1.000000000000000000, 0.000000000000000000, 0.000000000000000000 ) ) ;
#3462 = SURFACE_STYLE_FILL_AREA ( #846 ) ;
#3463 =( NAMED_UNIT ( * ) PLANE_ANGLE_UNIT ( ) SI_UNIT ( $, .RADIAN. ) );
#3464 = UNCERTAINTY_MEASURE_WITH_UNIT (LENGTH_MEASURE( 1.000000000000000082E-05 ), #5957, 'distance_accuracy_value', 'NONE');
#3465 = FACE_OUTER_BOUND ( 'NONE', #4940, .T. ) ;
#3466 =( LENGTH_UNIT ( ) NAMED_UNIT ( * ) SI_UNIT ( .MILLI., .METRE. ) );
#3467 = SURFACE_SIDE_STYLE ('',( #2184 ) ) ;
#3468 = AXIS2_PLACEMENT_3D ( 'NONE', #998, #7532, #2333 ) ;
#3469 = CARTESIAN_POINT ( 'NONE',  ( -2.174999999999998490, 1.149999999999999689, 1.299999999999998934 ) ) ;
#3470 = COLOUR_RGB ( '',0.8431372549019607865, 0.8156862745098039102, 0.7529411764705882248 ) ;
#3471 = DIRECTION ( 'NONE',  ( 0.000000000000000000, -1.000000000000000000, 6.862039066364035213E-17 ) ) ;
#3472 = CARTESIAN_POINT ( 'NONE',  ( 0.6989513836793942447, -1.150000000000000355, 0.000000000000000000 ) ) ;
#3473 = ADVANCED_FACE ( 'NONE', ( #763 ), #5473, .F. ) ;
#3474 = DIRECTION ( 'NONE',  ( -1.000000000000000000, 0.000000000000000000, 0.000000000000000000 ) ) ;
#3475 = COLOUR_RGB ( '',0.8431372549019607865, 0.8156862745098039102, 0.7529411764705882248 ) ;
#3476 = EDGE_CURVE ( 'NONE', #3815, #3960, #8196, .T. ) ;
#3477 = ORIENTED_EDGE ( 'NONE', *, *, #1828, .T. ) ;
#3478 = CARTESIAN_POINT ( 'NONE',  ( 1.774999999999999467, 1.350000000000000089, 0.5999999999999995337 ) ) ;
#3479 = CARTESIAN_POINT ( 'NONE',  ( -1.774999999999999467, 1.249999999999999778, 0.5999999999999994227 ) ) ;
#3480 = ORIENTED_EDGE ( 'NONE', *, *, #7246, .F. ) ;
#3481 = FACE_OUTER_BOUND ( 'NONE', #5495, .T. ) ;
#3482 = ORIENTED_EDGE ( 'NONE', *, *, #2620, .F. ) ;
#3483 = CARTESIAN_POINT ( 'NONE',  ( -1.899999999999999689, -0.7750000000000002442, 1.779999999999980931 ) ) ;
#3484 = PRESENTATION_LAYER_ASSIGNMENT (  '', '', ( #1294 ) ) ;
#3485 = FILL_AREA_STYLE_COLOUR ( '', #1047 ) ;
#3486 = EDGE_CURVE ( 'NONE', #7536, #8544, #2792, .T. ) ;
#3487 = EDGE_CURVE ( 'NONE', #6752, #5304, #8159, .T. ) ;
#3488 = ORIENTED_EDGE ( 'NONE', *, *, #5366, .T. ) ;
#3489 = DIRECTION ( 'NONE',  ( 0.000000000000000000, 6.862039066364035213E-17, 1.000000000000000000 ) ) ;
#3490 = CARTESIAN_POINT ( 'NONE',  ( 1.474999999999999423, 1.350000000000000089, 1.199999999999999512 ) ) ;
#3491 = CARTESIAN_POINT ( 'NONE',  ( -2.174999999999994049, 1.149999999999999689, 1.749999999999999334 ) ) ;
#3492 =( LENGTH_UNIT ( ) NAMED_UNIT ( * ) SI_UNIT ( .MILLI., .METRE. ) );
#3493 = SURFACE_STYLE_FILL_AREA ( #6744 ) ;
#3494 = CIRCLE ( 'NONE', #4307, 0.1999999999999997613 ) ;
#3495 = ORIENTED_EDGE ( 'NONE', *, *, #8148, .F. ) ;
#3496 =( NAMED_UNIT ( * ) SI_UNIT ( $, .STERADIAN. ) SOLID_ANGLE_UNIT ( ) );
#3497 = DIRECTION ( 'NONE',  ( 8.340016711426956274E-16, 1.000000000000000000, 0.000000000000000000 ) ) ;
#3498 = VECTOR ( 'NONE', #739, 1000.000000000000000 ) ;
#3499 = MECHANICAL_DESIGN_GEOMETRIC_PRESENTATION_REPRESENTATION (  '', ( #5699 ), #4609 ) ;
#3500 =( LENGTH_UNIT ( ) NAMED_UNIT ( * ) SI_UNIT ( .MILLI., .METRE. ) );
#3501 = ORIENTED_EDGE ( 'NONE', *, *, #3594, .F. ) ;
#3502 = EDGE_LOOP ( 'NONE', ( #719, #1795, #1236, #4934 ) ) ;
#3503 = CIRCLE ( 'NONE', #6957, 0.1000000000000000472 ) ;
#3504 = VECTOR ( 'NONE', #5288, 1000.000000000000000 ) ;
#3505 = DIRECTION ( 'NONE',  ( -8.340016711426957261E-16, -1.000000000000000000, -8.162597049584562550E-31 ) ) ;
#3506 = CARTESIAN_POINT ( 'NONE',  ( 1.574999999999999512, 1.250000000000000000, 1.199999999999999512 ) ) ;
#3507 = SURFACE_SIDE_STYLE ('',( #4313 ) ) ;
#3508 = CARTESIAN_POINT ( 'NONE',  ( 0.8499999999999999778, 0.2499999999999997780, -0.4000000000000000222 ) ) ;
#3509 = EDGE_LOOP ( 'NONE', ( #4963, #3585, #1598, #6866 ) ) ;
#3510 = STYLED_ITEM ( 'NONE', ( #1035 ), #5641 ) ;
#3511 = EDGE_CURVE ( 'NONE', #576, #1760, #4714, .T. ) ;
#3512 = FILL_AREA_STYLE_COLOUR ( '', #8062 ) ;
#3513 =( NAMED_UNIT ( * ) SI_UNIT ( $, .STERADIAN. ) SOLID_ANGLE_UNIT ( ) );
#3514 = CARTESIAN_POINT ( 'NONE',  ( 1.774999999999999467, 0.9500000000000001776, 0.4999999999999994449 ) ) ;
#3515 =( GEOMETRIC_REPRESENTATION_CONTEXT ( 3 ) GLOBAL_UNCERTAINTY_ASSIGNED_CONTEXT ( ( #7750 ) ) GLOBAL_UNIT_ASSIGNED_CONTEXT ( ( #4668, #8634, #2048 ) ) REPRESENTATION_CONTEXT ( 'NONE', 'WORKASPACE' ) );
#3516 =( GEOMETRIC_REPRESENTATION_CONTEXT ( 3 ) GLOBAL_UNCERTAINTY_ASSIGNED_CONTEXT ( ( #1478 ) ) GLOBAL_UNIT_ASSIGNED_CONTEXT ( ( #7476, #1629, #6856 ) ) REPRESENTATION_CONTEXT ( 'NONE', 'WORKASPACE' ) );
#3517 = PRESENTATION_STYLE_ASSIGNMENT (( #2877 ) ) ;
#3518 =( NAMED_UNIT ( * ) SI_UNIT ( $, .STERADIAN. ) SOLID_ANGLE_UNIT ( ) );
#3519 = PLANE ( 'NONE',  #796 ) ;
#3520 = VECTOR ( 'NONE', #6537, 1000.000000000000000 ) ;
#3521 =( GEOMETRIC_REPRESENTATION_CONTEXT ( 3 ) GLOBAL_UNCERTAINTY_ASSIGNED_CONTEXT ( ( #1968 ) ) GLOBAL_UNIT_ASSIGNED_CONTEXT ( ( #1272, #2534, #7207 ) ) REPRESENTATION_CONTEXT ( 'NONE', 'WORKASPACE' ) );
#3522 = SURFACE_STYLE_FILL_AREA ( #7569 ) ;
#3523 = ORIENTED_EDGE ( 'NONE', *, *, #3235, .F. ) ;
#3524 = CARTESIAN_POINT ( 'NONE',  ( -1.375000000000014655, -0.9578422717728219959, 0.4955507190333255929 ) ) ;
#3525 =( NAMED_UNIT ( * ) SI_UNIT ( $, .STERADIAN. ) SOLID_ANGLE_UNIT ( ) );
#3526 = ORIENTED_EDGE ( 'NONE', *, *, #8053, .F. ) ;
#3527 = CARTESIAN_POINT ( 'NONE',  ( 2.274999999999999911, 0.4800000000000000933, 0.5000000000000000000 ) ) ;
#3528 = EDGE_CURVE ( 'NONE', #1631, #688, #4443, .T. ) ;
#3529 = DIRECTION ( 'NONE',  ( 1.734723475976807094E-14, 0.000000000000000000, -1.000000000000000000 ) ) ;
#3530 = ORIENTED_EDGE ( 'NONE', *, *, #4554, .T. ) ;
#3531 = VECTOR ( 'NONE', #3169, 1000.000000000000000 ) ;
#3532 = VECTOR ( 'NONE', #1692, 1000.000000000000000 ) ;
#3533 = UNCERTAINTY_MEASURE_WITH_UNIT (LENGTH_MEASURE( 1.000000000000000082E-05 ), #6470, 'distance_accuracy_value', 'NONE');
#3534 = SURFACE_STYLE_FILL_AREA ( #7439 ) ;
#3535 = STYLED_ITEM ( 'NONE', ( #169 ), #6441 ) ;
#3536 = AXIS2_PLACEMENT_3D ( 'NONE', #4695, #5532, #5458 ) ;
#3537 = ORIENTED_EDGE ( 'NONE', *, *, #7636, .F. ) ;
#3538 = FACE_OUTER_BOUND ( 'NONE', #5367, .T. ) ;
#3539 = DIRECTION ( 'NONE',  ( -1.000000000000000000, 0.000000000000000000, -0.000000000000000000 ) ) ;
#3540 =( GEOMETRIC_REPRESENTATION_CONTEXT ( 3 ) GLOBAL_UNCERTAINTY_ASSIGNED_CONTEXT ( ( #1301 ) ) GLOBAL_UNIT_ASSIGNED_CONTEXT ( ( #3275, #1204, #548 ) ) REPRESENTATION_CONTEXT ( 'NONE', 'WORKASPACE' ) );
#3541 = COLOUR_RGB ( '',0.8431372549019607865, 0.8156862745098039102, 0.7529411764705882248 ) ;
#3542 = ORIENTED_EDGE ( 'NONE', *, *, #4835, .F. ) ;
#3543 = SURFACE_STYLE_USAGE ( .BOTH. , #6301 ) ;
#3544 = FACE_OUTER_BOUND ( 'NONE', #3782, .T. ) ;
#3545 =( GEOMETRIC_REPRESENTATION_CONTEXT ( 3 ) GLOBAL_UNCERTAINTY_ASSIGNED_CONTEXT ( ( #8360 ) ) GLOBAL_UNIT_ASSIGNED_CONTEXT ( ( #6498, #2458, #3903 ) ) REPRESENTATION_CONTEXT ( 'NONE', 'WORKASPACE' ) );
#3546 = DIRECTION ( 'NONE',  ( -1.070816960479510993E-16, 1.000000000000000000, 8.758115402030106693E-47 ) ) ;
#3547 = SURFACE_STYLE_USAGE ( .BOTH. , #3623 ) ;
#3548 = EDGE_CURVE ( 'NONE', #1669, #4028, #6793, .T. ) ;
#3549 = ORIENTED_EDGE ( 'NONE', *, *, #858, .T. ) ;
#3550 = DIRECTION ( 'NONE',  ( 0.000000000000000000, 0.000000000000000000, -1.000000000000000000 ) ) ;
#3551 =( LENGTH_UNIT ( ) NAMED_UNIT ( * ) SI_UNIT ( .MILLI., .METRE. ) );
#3552 = CARTESIAN_POINT ( 'NONE',  ( -1.574999999999999289, 0.9499999999999998446, 0.4999999999999994449 ) ) ;
#3553 = UNCERTAINTY_MEASURE_WITH_UNIT (LENGTH_MEASURE( 1.000000000000000082E-05 ), #4217, 'distance_accuracy_value', 'NONE');
#3554 = DIRECTION ( 'NONE',  ( 0.000000000000000000, 0.000000000000000000, 1.000000000000000000 ) ) ;
#3555 = FILL_AREA_STYLE_COLOUR ( '', #3470 ) ;
#3556 = STYLED_ITEM ( 'NONE', ( #7143 ), #8432 ) ;
#3557 = ORIENTED_EDGE ( 'NONE', *, *, #1481, .T. ) ;
#3558 = SURFACE_STYLE_FILL_AREA ( #6799 ) ;
#3559 = DIRECTION ( 'NONE',  ( 1.000000000000000000, 0.000000000000000000, 0.000000000000000000 ) ) ;
#3560 = DIRECTION ( 'NONE',  ( 1.000000000000000000, -0.000000000000000000, -0.000000000000000000 ) ) ;
#3561 = CARTESIAN_POINT ( 'NONE',  ( -1.574999999999999512, 1.249999999999999778, 1.199999999999999512 ) ) ;
#3562 =( GEOMETRIC_REPRESENTATION_CONTEXT ( 3 ) GLOBAL_UNCERTAINTY_ASSIGNED_CONTEXT ( ( #3553 ) ) GLOBAL_UNIT_ASSIGNED_CONTEXT ( ( #4217, #920, #2250 ) ) REPRESENTATION_CONTEXT ( 'NONE', 'WORKASPACE' ) );
#3563 =( LENGTH_UNIT ( ) NAMED_UNIT ( * ) SI_UNIT ( .MILLI., .METRE. ) );
#3564 = SURFACE_STYLE_FILL_AREA ( #1498 ) ;
#3565 =( NAMED_UNIT ( * ) PLANE_ANGLE_UNIT ( ) SI_UNIT ( $, .RADIAN. ) );
#3566 = SURFACE_STYLE_FILL_AREA ( #942 ) ;
#3567 = ORIENTED_EDGE ( 'NONE', *, *, #8249, .F. ) ;
#3568 = COLOUR_RGB ( '',0.8509803921568627194, 0.8509803921568627194, 0.8509803921568627194 ) ;
#3569 = CIRCLE ( 'NONE', #6186, 0.1999999999999999833 ) ;
#3570 = VERTEX_POINT ( 'NONE', #7501 ) ;
#3571 =( LENGTH_UNIT ( ) NAMED_UNIT ( * ) SI_UNIT ( .MILLI., .METRE. ) );
#3572 = CARTESIAN_POINT ( 'NONE',  ( -1.375000000000024869, -0.6250000000000003331, -1.040834085586005371E-14 ) ) ;
#3573 = ORIENTED_EDGE ( 'NONE', *, *, #3021, .T. ) ;
#3574 = DIRECTION ( 'NONE',  ( 1.000000000000000000, -1.084202172485504040E-15, -0.000000000000000000 ) ) ;
#3575 = ORIENTED_EDGE ( 'NONE', *, *, #708, .T. ) ;
#3576 = CARTESIAN_POINT ( 'NONE',  ( -1.774999999999999467, 0.9499999999999997335, 0.4999999999999994449 ) ) ;
#3577 = CARTESIAN_POINT ( 'NONE',  ( 2.274999999999997691, -0.6250000000000004441, 1.299999999999999156 ) ) ;
#3578 = DIRECTION ( 'NONE',  ( -9.531447670202286736E-17, 1.000000000000000000, -1.984131124025319515E-30 ) ) ;
#3579 = ORIENTED_EDGE ( 'NONE', *, *, #4701, .F. ) ;
#3580 = SURFACE_SIDE_STYLE ('',( #1517 ) ) ;
#3581 = FILL_AREA_STYLE ('',( #8317 ) ) ;
#3582 = COLOUR_RGB ( '',0.8509803921568627194, 0.8509803921568627194, 0.8509803921568627194 ) ;
#3583 = CARTESIAN_POINT ( 'NONE',  ( 1.774999999999999467, 1.250000000000000000, 0.4999999999999994449 ) ) ;
#3584 = FILL_AREA_STYLE ('',( #6874 ) ) ;
#3585 = ORIENTED_EDGE ( 'NONE', *, *, #5600, .T. ) ;
#3586 = SURFACE_STYLE_USAGE ( .BOTH. , #4361 ) ;
#3587 = ADVANCED_FACE ( 'NONE', ( #7462 ), #5353, .T. ) ;
#3588 = STYLED_ITEM ( 'NONE', ( #8110 ), #151 ) ;
#3589 = CARTESIAN_POINT ( 'NONE',  ( 2.024999999999999467, 0.9500000000000001776, 1.800000000000000044 ) ) ;
#3590 = SURFACE_SIDE_STYLE ('',( #7650 ) ) ;
#3591 = CARTESIAN_POINT ( 'NONE',  ( 2.174999999999999822, 1.150000000000000133, 1.299999999999998268 ) ) ;
#3592 = DIRECTION ( 'NONE',  ( 1.000000000000000000, 0.000000000000000000, 2.081668171172165989E-14 ) ) ;
#3593 = DIRECTION ( 'NONE',  ( -1.000000000000000000, 0.000000000000000000, -5.421010862427521184E-16 ) ) ;
#3594 = EDGE_CURVE ( 'NONE', #3000, #4367, #4232, .T. ) ;
#3595 = ADVANCED_FACE ( 'NONE', ( #5001 ), #3036, .T. ) ;
#3596 = EDGE_LOOP ( 'NONE', ( #459, #5152, #4308, #7231 ) ) ;
#3597 = VECTOR ( 'NONE', #6523, 1000.000000000000000 ) ;
#3598 = DIRECTION ( 'NONE',  ( 0.000000000000000000, 0.000000000000000000, 1.000000000000000000 ) ) ;
#3599 = AXIS2_PLACEMENT_3D ( 'NONE', #300, #8396, #4408 ) ;
#3600 = DIRECTION ( 'NONE',  ( 1.070816960479510993E-16, -1.000000000000000000, 1.094764425253763337E-47 ) ) ;
#3601 = CARTESIAN_POINT ( 'NONE',  ( -2.024999999999999467, 0.9499999999999997335, 0.000000000000000000 ) ) ;
#3602 = LINE ( 'NONE', #7513, #1952 ) ;
#3603 = CYLINDRICAL_SURFACE ( 'NONE', #5779, 0.05000000000000514450 ) ;
#3604 = ADVANCED_FACE ( 'NONE', ( #2449 ), #7654, .F. ) ;
#3605 = ORIENTED_EDGE ( 'NONE', *, *, #1364, .T. ) ;
#3606 = CARTESIAN_POINT ( 'NONE',  ( -2.274999999999998579, 0.3799999999999983946, 0.4999999999999987232 ) ) ;
#3607 =( NAMED_UNIT ( * ) PLANE_ANGLE_UNIT ( ) SI_UNIT ( $, .RADIAN. ) );
#3608 = COLOUR_RGB ( '',0.8509803921568627194, 0.8509803921568627194, 0.8509803921568627194 ) ;
#3609 = ORIENTED_EDGE ( 'NONE', *, *, #2117, .T. ) ;
#3610 =( NAMED_UNIT ( * ) PLANE_ANGLE_UNIT ( ) SI_UNIT ( $, .RADIAN. ) );
#3611 = VERTEX_POINT ( 'NONE', #5552 ) ;
#3612 = DIRECTION ( 'NONE',  ( -1.000000000000000000, 0.000000000000000000, 0.000000000000000000 ) ) ;
#3613 = ORIENTED_EDGE ( 'NONE', *, *, #7470, .F. ) ;
#3614 = AXIS2_PLACEMENT_3D ( 'NONE', #5465, #8270, #262 ) ;
#3615 = CARTESIAN_POINT ( 'NONE',  ( -0.7999999999999963807, 0.9499999999999999556, 1.749999999999999334 ) ) ;
#3616 = LINE ( 'NONE', #5491, #1681 ) ;
#3617 = EDGE_CURVE ( 'NONE', #2672, #7629, #8281, .T. ) ;
#3618 = ORIENTED_EDGE ( 'NONE', *, *, #3901, .F. ) ;
#3619 = COLOUR_RGB ( '',0.8431372549019607865, 0.8156862745098039102, 0.7529411764705882248 ) ;
#3620 = DIRECTION ( 'NONE',  ( -1.000000000000000000, 0.000000000000000000, 0.000000000000000000 ) ) ;
#3621 =( NAMED_UNIT ( * ) SI_UNIT ( $, .STERADIAN. ) SOLID_ANGLE_UNIT ( ) );
#3622 = UNCERTAINTY_MEASURE_WITH_UNIT (LENGTH_MEASURE( 1.000000000000000082E-05 ), #4467, 'distance_accuracy_value', 'NONE');
#3623 = SURFACE_SIDE_STYLE ('',( #2343 ) ) ;
#3624 = DIRECTION ( 'NONE',  ( -2.096124200138641695E-14, -1.807003620809173892E-16, -1.000000000000000000 ) ) ;
#3625 = AXIS2_PLACEMENT_3D ( 'NONE', #3408, #5337, #2161 ) ;
#3626 = VERTEX_POINT ( 'NONE', #6317 ) ;
#3627 = LINE ( 'NONE', #4064, #5327 ) ;
#3628 = UNCERTAINTY_MEASURE_WITH_UNIT (LENGTH_MEASURE( 1.000000000000000082E-05 ), #5659, 'distance_accuracy_value', 'NONE');
#3629 = STYLED_ITEM ( 'NONE', ( #7574 ), #6739 ) ;
#3630 = EDGE_CURVE ( 'NONE', #1250, #2475, #7655, .T. ) ;
#3631 = FILL_AREA_STYLE ('',( #357 ) ) ;
#3632 = ORIENTED_EDGE ( 'NONE', *, *, #2332, .T. ) ;
#3633 = VECTOR ( 'NONE', #4833, 1000.000000000000000 ) ;
#3634 = VECTOR ( 'NONE', #3554, 1000.000000000000000 ) ;
#3635 = VERTEX_POINT ( 'NONE', #2353 ) ;
#3636 =( GEOMETRIC_REPRESENTATION_CONTEXT ( 3 ) GLOBAL_UNCERTAINTY_ASSIGNED_CONTEXT ( ( #2462 ) ) GLOBAL_UNIT_ASSIGNED_CONTEXT ( ( #7354, #767, #3311 ) ) REPRESENTATION_CONTEXT ( 'NONE', 'WORKASPACE' ) );
#3637 = FACE_OUTER_BOUND ( 'NONE', #2253, .T. ) ;
#3638 = ADVANCED_FACE ( 'NONE', ( #2401 ), #1276, .F. ) ;
#3639 = EDGE_CURVE ( 'NONE', #5405, #4288, #7165, .T. ) ;
#3640 = ADVANCED_FACE ( 'NONE', ( #2624 ), #5922, .F. ) ;
#3641 =( GEOMETRIC_REPRESENTATION_CONTEXT ( 3 ) GLOBAL_UNCERTAINTY_ASSIGNED_CONTEXT ( ( #7448 ) ) GLOBAL_UNIT_ASSIGNED_CONTEXT ( ( #5731, #7919, #4438 ) ) REPRESENTATION_CONTEXT ( 'NONE', 'WORKASPACE' ) );
#3642 = COLOUR_RGB ( '',0.8509803921568627194, 0.8509803921568627194, 0.8509803921568627194 ) ;
#3643 = DIRECTION ( 'NONE',  ( 0.000000000000000000, 6.862039066364035213E-17, 1.000000000000000000 ) ) ;
#3644 = CARTESIAN_POINT ( 'NONE',  ( 2.274999999999988365, -1.149999999999999911, 1.799999999999999822 ) ) ;
#3645 = UNCERTAINTY_MEASURE_WITH_UNIT (LENGTH_MEASURE( 1.000000000000000082E-05 ), #1651, 'distance_accuracy_value', 'NONE');
#3646 = SURFACE_SIDE_STYLE ('',( #4196 ) ) ;
#3647 = EDGE_CURVE ( 'NONE', #1439, #826, #628, .T. ) ;
#3648 = DIRECTION ( 'NONE',  ( 1.000000000000000000, -0.000000000000000000, -0.000000000000000000 ) ) ;
#3649 = ORIENTED_EDGE ( 'NONE', *, *, #6068, .F. ) ;
#3650 = PRESENTATION_STYLE_ASSIGNMENT (( #6284 ) ) ;
#3651 = CIRCLE ( 'NONE', #70, 0.09999999999999982514 ) ;
#3652 = ORIENTED_EDGE ( 'NONE', *, *, #600, .F. ) ;
#3653 = CARTESIAN_POINT ( 'NONE',  ( -1.874999999999987566, -1.150000000000000355, 0.000000000000000000 ) ) ;
#3654 = ORIENTED_EDGE ( 'NONE', *, *, #7938, .F. ) ;
#3655 = VERTEX_POINT ( 'NONE', #3170 ) ;
#3656 = DIRECTION ( 'NONE',  ( 0.000000000000000000, 1.000000000000000000, 0.000000000000000000 ) ) ;
#3657 = DIRECTION ( 'NONE',  ( 0.000000000000000000, 6.862039066364035213E-17, 1.000000000000000000 ) ) ;
#3658 = AXIS2_PLACEMENT_3D ( 'NONE', #3589, #4750, #844 ) ;
#3659 = STYLED_ITEM ( 'NONE', ( #4547 ), #6336 ) ;
#3660 = EDGE_LOOP ( 'NONE', ( #4448, #6295, #3260, #8610 ) ) ;
#3661 = CYLINDRICAL_SURFACE ( 'NONE', #1397, 0.1000000000000000472 ) ;
#3662 =( LENGTH_UNIT ( ) NAMED_UNIT ( * ) SI_UNIT ( .MILLI., .METRE. ) );
#3663 = SURFACE_SIDE_STYLE ('',( #6124 ) ) ;
#3664 = ORIENTED_EDGE ( 'NONE', *, *, #7373, .T. ) ;
#3665 = PRESENTATION_STYLE_ASSIGNMENT (( #3543 ) ) ;
#3666 = MECHANICAL_DESIGN_GEOMETRIC_PRESENTATION_REPRESENTATION (  '', ( #5566 ), #646 ) ;
#3667 =( GEOMETRIC_REPRESENTATION_CONTEXT ( 3 ) GLOBAL_UNCERTAINTY_ASSIGNED_CONTEXT ( ( #4402 ) ) GLOBAL_UNIT_ASSIGNED_CONTEXT ( ( #7889, #5177, #1357 ) ) REPRESENTATION_CONTEXT ( 'NONE', 'WORKASPACE' ) );
#3668 = COLOUR_RGB ( '',0.8509803921568627194, 0.8509803921568627194, 0.8509803921568627194 ) ;
#3669 = AXIS2_PLACEMENT_3D ( 'NONE', #8579, #6645, #8005 ) ;
#3670 = PRESENTATION_STYLE_ASSIGNMENT (( #7736 ) ) ;
#3671 = EDGE_CURVE ( 'NONE', #6079, #945, #5753, .T. ) ;
#3672 = DIRECTION ( 'NONE',  ( 1.070816960479510993E-16, -1.000000000000000000, 0.000000000000000000 ) ) ;
#3673 = LINE ( 'NONE', #6956, #331 ) ;
#3674 = FACE_OUTER_BOUND ( 'NONE', #2091, .T. ) ;
#3675 = VECTOR ( 'NONE', #5516, 1000.000000000000000 ) ;
#3676 =( NAMED_UNIT ( * ) PLANE_ANGLE_UNIT ( ) SI_UNIT ( $, .RADIAN. ) );
#3677 = VECTOR ( 'NONE', #3657, 1000.000000000000000 ) ;
#3678 = VERTEX_POINT ( 'NONE', #5792 ) ;
#3679 = CARTESIAN_POINT ( 'NONE',  ( -1.574999999999999512, 1.349999999999999867, 1.199999999999999512 ) ) ;
#3680 = DIRECTION ( 'NONE',  ( -1.934970124810326120E-32, 1.807003620809151213E-16, 1.000000000000000000 ) ) ;
#3681 =( GEOMETRIC_REPRESENTATION_CONTEXT ( 3 ) GLOBAL_UNCERTAINTY_ASSIGNED_CONTEXT ( ( #8632 ) ) GLOBAL_UNIT_ASSIGNED_CONTEXT ( ( #491, #8599, #4372 ) ) REPRESENTATION_CONTEXT ( 'NONE', 'WORKASPACE' ) );
#3682 = CARTESIAN_POINT ( 'NONE',  ( 1.899999999999999689, -0.7750000000000002442, 1.779999999999980931 ) ) ;
#3683 =( GEOMETRIC_REPRESENTATION_CONTEXT ( 3 ) GLOBAL_UNCERTAINTY_ASSIGNED_CONTEXT ( ( #3622 ) ) GLOBAL_UNIT_ASSIGNED_CONTEXT ( ( #4467, #494, #5762 ) ) REPRESENTATION_CONTEXT ( 'NONE', 'WORKASPACE' ) );
#3684 = DIRECTION ( 'NONE',  ( 1.000000000000000000, 0.000000000000000000, 0.000000000000000000 ) ) ;
#3685 = ORIENTED_EDGE ( 'NONE', *, *, #2263, .T. ) ;
#3686 = DIRECTION ( 'NONE',  ( 1.000000000000000000, 0.000000000000000000, 0.000000000000000000 ) ) ;
#3687 = FACE_OUTER_BOUND ( 'NONE', #7681, .T. ) ;
#3688 = AXIS2_PLACEMENT_3D ( 'NONE', #7692, #2442, #2494 ) ;
#3689 = DIRECTION ( 'NONE',  ( -1.084202172485504237E-15, -1.160982074886210068E-31, 1.000000000000000000 ) ) ;
#3690 = PLANE ( 'NONE',  #8617 ) ;
#3691 = ORIENTED_EDGE ( 'NONE', *, *, #7226, .F. ) ;
#3692 = COLOUR_RGB ( '',0.8509803921568627194, 0.8509803921568627194, 0.8509803921568627194 ) ;
#3693 =( LENGTH_UNIT ( ) NAMED_UNIT ( * ) SI_UNIT ( .MILLI., .METRE. ) );
#3694 = ORIENTED_EDGE ( 'NONE', *, *, #806, .F. ) ;
#3695 =( NAMED_UNIT ( * ) SI_UNIT ( $, .STERADIAN. ) SOLID_ANGLE_UNIT ( ) );
#3696 = COLOUR_RGB ( '',0.8509803921568627194, 0.8509803921568627194, 0.8509803921568627194 ) ;
#3697 =( LENGTH_UNIT ( ) NAMED_UNIT ( * ) SI_UNIT ( .MILLI., .METRE. ) );
#3698 = EDGE_LOOP ( 'NONE', ( #26, #2887, #6459, #5706 ) ) ;
#3699 = EDGE_LOOP ( 'NONE', ( #2319, #2177, #3095, #7308, #7913, #5227, #2892, #276, #4673, #934, #1211, #1079, #3773, #5656, #2306, #6798, #118, #6791, #6245, #2577, #4435, #7025, #2540, #8408, #579, #8385 ) ) ;
#3700 =( NAMED_UNIT ( * ) PLANE_ANGLE_UNIT ( ) SI_UNIT ( $, .RADIAN. ) );
#3701 = DIRECTION ( 'NONE',  ( -1.000000000000000000, -0.000000000000000000, -0.000000000000000000 ) ) ;
#3702 = EDGE_LOOP ( 'NONE', ( #4892, #5881, #7361, #7066, #6042, #6126, #5234, #2496 ) ) ;
#3703 = SURFACE_SIDE_STYLE ('',( #3099 ) ) ;
#3704 = FACE_OUTER_BOUND ( 'NONE', #1562, .T. ) ;
#3705 = COLOUR_RGB ( '',0.8431372549019607865, 0.8156862745098039102, 0.7529411764705882248 ) ;
#3706 = CARTESIAN_POINT ( 'NONE',  ( -2.274999999999992362, 0.9499999999999997335, 1.749999999999975575 ) ) ;
#3707 = DIRECTION ( 'NONE',  ( 0.000000000000000000, 0.000000000000000000, -1.000000000000000000 ) ) ;
#3708 = FILL_AREA_STYLE_COLOUR ( '', #4634 ) ;
#3709 = LINE ( 'NONE', #5825, #4191 ) ;
#3710 = CARTESIAN_POINT ( 'NONE',  ( 2.025000000000000355, 0.9500000000000001776, 0.5000000000000006661 ) ) ;
#3711 = SURFACE_STYLE_FILL_AREA ( #3584 ) ;
#3712 = ORIENTED_EDGE ( 'NONE', *, *, #7425, .F. ) ;
#3713 = VECTOR ( 'NONE', #7762, 1000.000000000000000 ) ;
#3714 = SURFACE_SIDE_STYLE ('',( #1050 ) ) ;
#3715 = DIRECTION ( 'NONE',  ( 9.531447670202286736E-17, -1.000000000000000000, -0.000000000000000000 ) ) ;
#3716 = PLANE ( 'NONE',  #4819 ) ;
#3717 = ORIENTED_EDGE ( 'NONE', *, *, #4650, .F. ) ;
#3718 = ORIENTED_EDGE ( 'NONE', *, *, #223, .T. ) ;
#3719 = DIRECTION ( 'NONE',  ( -5.241713633441424076E-48, 5.499388775776784303E-32, -1.000000000000000000 ) ) ;
#3720 = DIRECTION ( 'NONE',  ( -0.000000000000000000, -0.000000000000000000, -1.000000000000000000 ) ) ;
#3721 = FILL_AREA_STYLE_COLOUR ( '', #5748 ) ;
#3722 = CARTESIAN_POINT ( 'NONE',  ( -1.574999999999999067, 0.9499999999999996225, 1.299999999999998712 ) ) ;
#3723 = LINE ( 'NONE', #1665, #8024 ) ;
#3724 = COLOUR_RGB ( '',0.8431372549019607865, 0.8156862745098039102, 0.7529411764705882248 ) ;
#3725 = CARTESIAN_POINT ( 'NONE',  ( 1.499999999999999778, -0.6250000000000003331, 0.5999999999999919842 ) ) ;
#3726 = CARTESIAN_POINT ( 'NONE',  ( -1.899999999999999689, -0.6250000000000004441, 0.2000000000000000111 ) ) ;
#3727 = VERTEX_POINT ( 'NONE', #7840 ) ;
#3728 = DIRECTION ( 'NONE',  ( 1.070816960479510993E-16, -1.000000000000000000, -0.000000000000000000 ) ) ;
#3729 = ORIENTED_EDGE ( 'NONE', *, *, #6454, .T. ) ;
#3730 = MECHANICAL_DESIGN_GEOMETRIC_PRESENTATION_REPRESENTATION (  '', ( #3878 ), #3332 ) ;
#3731 = VERTEX_POINT ( 'NONE', #8593 ) ;
#3732 = DIRECTION ( 'NONE',  ( -1.070816960479510870E-16, 1.000000000000000000, 0.000000000000000000 ) ) ;
#3733 = DIRECTION ( 'NONE',  ( -1.000000000000000000, 8.340016711426956274E-16, 0.000000000000000000 ) ) ;
#3734 = EDGE_CURVE ( 'NONE', #2864, #5794, #1877, .T. ) ;
#3735 = ORIENTED_EDGE ( 'NONE', *, *, #5693, .T. ) ;
#3736 = PRESENTATION_STYLE_ASSIGNMENT (( #7728 ) ) ;
#3737 = EDGE_CURVE ( 'NONE', #1563, #2551, #1234, .T. ) ;
#3738 = CARTESIAN_POINT ( 'NONE',  ( 2.074999999999998845, -0.9578422717728219959, 0.5999999999999999778 ) ) ;
#3739 = SURFACE_STYLE_FILL_AREA ( #6475 ) ;
#3740 = ORIENTED_EDGE ( 'NONE', *, *, #8249, .T. ) ;
#3741 =( NAMED_UNIT ( * ) SI_UNIT ( $, .STERADIAN. ) SOLID_ANGLE_UNIT ( ) );
#3742 = ADVANCED_FACE ( 'NONE', ( #8144 ), #2818, .F. ) ;
#3743 = FILL_AREA_STYLE ('',( #2526 ) ) ;
#3744 = EDGE_CURVE ( 'NONE', #136, #5137, #6050, .T. ) ;
#3745 = ADVANCED_FACE ( 'NONE', ( #8019 ), #6233, .T. ) ;
#3746 = DIRECTION ( 'NONE',  ( -1.000000000000000000, -1.070816960479510993E-16, 2.081668171172165989E-14 ) ) ;
#3747 =( NAMED_UNIT ( * ) SI_UNIT ( $, .STERADIAN. ) SOLID_ANGLE_UNIT ( ) );
#3748 = SURFACE_STYLE_FILL_AREA ( #1133 ) ;
#3749 = ORIENTED_EDGE ( 'NONE', *, *, #5323, .T. ) ;
#3750 = ADVANCED_FACE ( 'NONE', ( #6130 ), #5959, .F. ) ;
#3751 = PLANE ( 'NONE',  #2440 ) ;
#3752 = DIRECTION ( 'NONE',  ( -0.000000000000000000, -0.000000000000000000, -1.000000000000000000 ) ) ;
#3753 = CARTESIAN_POINT ( 'NONE',  ( -0.8500000000000005329, 2.350000000000000089, 1.349999999999999645 ) ) ;
#3754 = CARTESIAN_POINT ( 'NONE',  ( -1.499999999999999778, -0.8250000000000002887, -1.040834085586084257E-14 ) ) ;
#3755 = MECHANICAL_DESIGN_GEOMETRIC_PRESENTATION_REPRESENTATION (  '', ( #1294 ), #6802 ) ;
#3756 = SURFACE_STYLE_FILL_AREA ( #7065 ) ;
#3757 = PRESENTATION_STYLE_ASSIGNMENT (( #1139 ) ) ;
#3758 = VERTEX_POINT ( 'NONE', #3583 ) ;
#3759 = ORIENTED_EDGE ( 'NONE', *, *, #733, .T. ) ;
#3760 = VERTEX_POINT ( 'NONE', #4824 ) ;
#3761 = PRESENTATION_LAYER_ASSIGNMENT (  '', '', ( #3084 ) ) ;
#3762 = VECTOR ( 'NONE', #2807, 1000.000000000000000 ) ;
#3763 =( NAMED_UNIT ( * ) SI_UNIT ( $, .STERADIAN. ) SOLID_ANGLE_UNIT ( ) );
#3765 = UNCERTAINTY_MEASURE_WITH_UNIT (LENGTH_MEASURE( 1.000000000000000082E-05 ), #3571, 'distance_accuracy_value', 'NONE');
#3764 = PRESENTATION_STYLE_ASSIGNMENT (( #5708 ) ) ;
#3766 = EDGE_CURVE ( 'NONE', #5304, #1327, #6306, .T. ) ;
#3767 = SURFACE_STYLE_USAGE ( .BOTH. , #406 ) ;
#3768 = COLOUR_RGB ( '',0.8431372549019607865, 0.8156862745098039102, 0.7529411764705882248 ) ;
#3769 =( GEOMETRIC_REPRESENTATION_CONTEXT ( 3 ) GLOBAL_UNCERTAINTY_ASSIGNED_CONTEXT ( ( #8370 ) ) GLOBAL_UNIT_ASSIGNED_CONTEXT ( ( #90, #8635, #39 ) ) REPRESENTATION_CONTEXT ( 'NONE', 'WORKASPACE' ) );
#3770 = AXIS2_PLACEMENT_3D ( 'NONE', #4522, #3825, #8423 ) ;
#3771 = ORIENTED_EDGE ( 'NONE', *, *, #580, .F. ) ;
#3772 = DIRECTION ( 'NONE',  ( 1.000000000000000000, -0.000000000000000000, 5.421010862427529073E-16 ) ) ;
#3773 = ORIENTED_EDGE ( 'NONE', *, *, #4317, .F. ) ;
#3774 = MECHANICAL_DESIGN_GEOMETRIC_PRESENTATION_REPRESENTATION (  '', ( #4473 ), #6264 ) ;
#3775 = FACE_OUTER_BOUND ( 'NONE', #5416, .T. ) ;
#3776 = VECTOR ( 'NONE', #7925, 1000.000000000000000 ) ;
#3777 = VERTEX_POINT ( 'NONE', #6349 ) ;
#3778 = ORIENTED_EDGE ( 'NONE', *, *, #3227, .T. ) ;
#3779 = UNCERTAINTY_MEASURE_WITH_UNIT (LENGTH_MEASURE( 1.000000000000000082E-05 ), #2410, 'distance_accuracy_value', 'NONE');
#3780 = LINE ( 'NONE', #506, #3846 ) ;
#3781 = FILL_AREA_STYLE_COLOUR ( '', #2853 ) ;
#3782 = EDGE_LOOP ( 'NONE', ( #1005, #3191, #550, #3729, #4400 ) ) ;
#3783 =( NAMED_UNIT ( * ) SI_UNIT ( $, .STERADIAN. ) SOLID_ANGLE_UNIT ( ) );
#3784 =( NAMED_UNIT ( * ) PLANE_ANGLE_UNIT ( ) SI_UNIT ( $, .RADIAN. ) );
#3785 = AXIS2_PLACEMENT_3D ( 'NONE', #2934, #3578, #1726 ) ;
#3786 = FACE_OUTER_BOUND ( 'NONE', #5330, .T. ) ;
#3787 = SURFACE_STYLE_FILL_AREA ( #1260 ) ;
#3788 = PRESENTATION_STYLE_ASSIGNMENT (( #1161 ) ) ;
#3789 = ADVANCED_FACE ( 'NONE', ( #5597 ), #8354, .T. ) ;
#3790 = ORIENTED_EDGE ( 'NONE', *, *, #4108, .T. ) ;
#3791 = PRESENTATION_STYLE_ASSIGNMENT (( #8481 ) ) ;
#3792 = CIRCLE ( 'NONE', #7848, 0.2999999999999998224 ) ;
#3793 = VECTOR ( 'NONE', #2745, 1000.000000000000000 ) ;
#3794 = UNCERTAINTY_MEASURE_WITH_UNIT (LENGTH_MEASURE( 1.000000000000000082E-05 ), #8410, 'distance_accuracy_value', 'NONE');
#3795 = SURFACE_STYLE_USAGE ( .BOTH. , #6479 ) ;
#3796 = FILL_AREA_STYLE ('',( #8443 ) ) ;
#3797 = DIRECTION ( 'NONE',  ( 0.000000000000000000, 1.000000000000000000, 0.000000000000000000 ) ) ;
#3798 = ORIENTED_EDGE ( 'NONE', *, *, #2224, .F. ) ;
#3799 = PRESENTATION_LAYER_ASSIGNMENT (  '', '', ( #489 ) ) ;
#3800 = MECHANICAL_DESIGN_GEOMETRIC_PRESENTATION_REPRESENTATION (  '', ( #7553 ), #6976 ) ;
#3801 = SURFACE_STYLE_FILL_AREA ( #1785 ) ;
#3803 = MECHANICAL_DESIGN_GEOMETRIC_PRESENTATION_REPRESENTATION (  '', ( #5166 ), #3383 ) ;
#3802 = SURFACE_SIDE_STYLE ('',( #1270 ) ) ;
#3804 = ORIENTED_EDGE ( 'NONE', *, *, #851, .F. ) ;
#3805 = STYLED_ITEM ( 'NONE', ( #612 ), #2339 ) ;
#3806 = SURFACE_STYLE_FILL_AREA ( #6765 ) ;
#3807 = LINE ( 'NONE', #4413, #6700 ) ;
#3808 = CARTESIAN_POINT ( 'NONE',  ( -1.874999999999998668, 1.149999999999999689, 0.5999999999999982014 ) ) ;
#3809 = SURFACE_STYLE_USAGE ( .BOTH. , #7798 ) ;
#3810 = PRESENTATION_LAYER_ASSIGNMENT (  '', '', ( #7289 ) ) ;
#3811 = EDGE_CURVE ( 'NONE', #5345, #4160, #1288, .T. ) ;
#3812 = UNCERTAINTY_MEASURE_WITH_UNIT (LENGTH_MEASURE( 1.000000000000000082E-05 ), #289, 'distance_accuracy_value', 'NONE');
#3813 = CIRCLE ( 'NONE', #2033, 0.1000000000000000472 ) ;
#3814 = ORIENTED_EDGE ( 'NONE', *, *, #5114, .F. ) ;
#3815 = VERTEX_POINT ( 'NONE', #4357 ) ;
#3816 = ORIENTED_EDGE ( 'NONE', *, *, #54, .F. ) ;
#3817 = PRESENTATION_LAYER_ASSIGNMENT (  '', '', ( #6706 ) ) ;
#3818 = LINE ( 'NONE', #3060, #3634 ) ;
#3819 = DIRECTION ( 'NONE',  ( -1.084202172485504237E-15, -1.160982074886210068E-31, 1.000000000000000000 ) ) ;
#3820 = CARTESIAN_POINT ( 'NONE',  ( -1.874999999999999556, 0.9499999999999997335, 1.799999999999997824 ) ) ;
#3821 = DIRECTION ( 'NONE',  ( -1.070816960479510870E-16, 1.000000000000000000, 0.000000000000000000 ) ) ;
#3822 = COLOUR_RGB ( '',0.8431372549019607865, 0.8156862745098039102, 0.7529411764705882248 ) ;
#3823 = VERTEX_POINT ( 'NONE', #7014 ) ;
#3824 = PLANE ( 'NONE',  #1041 ) ;
#3825 = DIRECTION ( 'NONE',  ( 0.000000000000000000, 0.000000000000000000, -1.000000000000000000 ) ) ;
#3826 =( NAMED_UNIT ( * ) SI_UNIT ( $, .STERADIAN. ) SOLID_ANGLE_UNIT ( ) );
#3827 = MECHANICAL_DESIGN_GEOMETRIC_PRESENTATION_REPRESENTATION (  '', ( #239 ), #4083 ) ;
#3828 = ORIENTED_EDGE ( 'NONE', *, *, #4385, .T. ) ;
#3829 = CARTESIAN_POINT ( 'NONE',  ( 1.899999999999999689, -0.6250000000000004441, 0.5999999999999999778 ) ) ;
#3830 = CARTESIAN_POINT ( 'NONE',  ( 1.899999999999999689, -0.8250000000000002887, 0.1499999999999948597 ) ) ;
#3831 = EDGE_LOOP ( 'NONE', ( #8512, #6897, #6464, #1939 ) ) ;
#3832 =( NAMED_UNIT ( * ) SI_UNIT ( $, .STERADIAN. ) SOLID_ANGLE_UNIT ( ) );
#3833 =( NAMED_UNIT ( * ) PLANE_ANGLE_UNIT ( ) SI_UNIT ( $, .RADIAN. ) );
#3834 = AXIS2_PLACEMENT_3D ( 'NONE', #7089, #4439, #6515 ) ;
#3835 = LINE ( 'NONE', #3200, #5917 ) ;
#3836 = CIRCLE ( 'NONE', #4237, 0.1000000000000000472 ) ;
#3837 = DIRECTION ( 'NONE',  ( 0.000000000000000000, 0.000000000000000000, -1.000000000000000000 ) ) ;
#3838 = ORIENTED_EDGE ( 'NONE', *, *, #1222, .F. ) ;
#3839 =( NAMED_UNIT ( * ) SI_UNIT ( $, .STERADIAN. ) SOLID_ANGLE_UNIT ( ) );
#3840 = CARTESIAN_POINT ( 'NONE',  ( 1.899999999999999689, -1.325000000000000178, -1.040834085586084257E-14 ) ) ;
#3841 = LINE ( 'NONE', #5739, #2567 ) ;
#3842 = DIRECTION ( 'NONE',  ( 1.000000000000000000, 0.000000000000000000, 0.000000000000000000 ) ) ;
#3843 = LINE ( 'NONE', #2435, #2805 ) ;
#3844 = DIRECTION ( 'NONE',  ( -1.000000000000000000, 0.000000000000000000, 2.096124200138641695E-14 ) ) ;
#3845 = DIRECTION ( 'NONE',  ( 0.000000000000000000, 1.000000000000000000, 0.000000000000000000 ) ) ;
#3846 = VECTOR ( 'NONE', #6292, 1000.000000000000000 ) ;
#3847 = STYLED_ITEM ( 'NONE', ( #7434 ), #5133 ) ;
#3848 = CARTESIAN_POINT ( 'NONE',  ( -1.774999999999998801, 0.9499999999999997335, 1.299999999999998490 ) ) ;
#3849 = CARTESIAN_POINT ( 'NONE',  ( 1.499999999999999778, -0.7750000000000003553, 0.2000000000000000111 ) ) ;
#3850 = DIRECTION ( 'NONE',  ( 1.000000000000000000, 5.421010862427526114E-16, 0.000000000000000000 ) ) ;
#3851 = CARTESIAN_POINT ( 'NONE',  ( -1.499999999999999778, -1.150000000000000355, 1.199999999999983524 ) ) ;
#3852 = EDGE_LOOP ( 'NONE', ( #1744, #2994, #227, #203 ) ) ;
#3853 = AXIS2_PLACEMENT_3D ( 'NONE', #3224, #8551, #6060 ) ;
#3854 = ORIENTED_EDGE ( 'NONE', *, *, #710, .T. ) ;
#3855 = ADVANCED_FACE ( 'NONE', ( #3674 ), #4267, .T. ) ;
#3856 = ORIENTED_EDGE ( 'NONE', *, *, #3884, .T. ) ;
#3857 = CARTESIAN_POINT ( 'NONE',  ( -0.8500000000000005329, 2.250000000000000444, 4.674480459410267205E-32 ) ) ;
#3858 = AXIS2_PLACEMENT_3D ( 'NONE', #4042, #2810, #3328 ) ;
#3859 = FILL_AREA_STYLE ('',( #1928 ) ) ;
#3860 = CARTESIAN_POINT ( 'NONE',  ( 2.274999999999999023, -1.149999999999999911, 1.299999999999999156 ) ) ;
#3861 = EDGE_CURVE ( 'NONE', #5987, #4044, #3111, .T. ) ;
#3862 = ADVANCED_FACE ( 'NONE', ( #8526 ), #4407, .T. ) ;
#3863 = EDGE_CURVE ( 'NONE', #4035, #2820, #3843, .T. ) ;
#3864 = VECTOR ( 'NONE', #4839, 1000.000000000000000 ) ;
#3865 = CARTESIAN_POINT ( 'NONE',  ( -2.075000000000000178, 0.8999999999999996891, 1.800000000000000044 ) ) ;
#3866 = VERTEX_POINT ( 'NONE', #8580 ) ;
#3867 = DIRECTION ( 'NONE',  ( 0.000000000000000000, 1.000000000000000000, 0.000000000000000000 ) ) ;
#3868 = ORIENTED_EDGE ( 'NONE', *, *, #5556, .F. ) ;
#3869 = AXIS2_PLACEMENT_3D ( 'NONE', #6790, #2211, #2132 ) ;
#3870 = LINE ( 'NONE', #4059, #4758 ) ;
#3871 =( LENGTH_UNIT ( ) NAMED_UNIT ( * ) SI_UNIT ( .MILLI., .METRE. ) );
#3872 = ORIENTED_EDGE ( 'NONE', *, *, #3376, .F. ) ;
#3873 = CARTESIAN_POINT ( 'NONE',  ( 2.175000000000000266, 1.150000000000000133, 1.749999999999999334 ) ) ;
#3874 = EDGE_CURVE ( 'NONE', #7794, #3678, #5689, .T. ) ;
#3875 = DIRECTION ( 'NONE',  ( 0.000000000000000000, 0.000000000000000000, -1.000000000000000000 ) ) ;
#3876 = FACE_OUTER_BOUND ( 'NONE', #4298, .T. ) ;
#3877 = LINE ( 'NONE', #5820, #1100 ) ;
#3878 = STYLED_ITEM ( 'NONE', ( #923 ), #4687 ) ;
#3879 = DIRECTION ( 'NONE',  ( -1.734723475976807094E-14, 6.862039066364035213E-17, 1.000000000000000000 ) ) ;
#3880 = ORIENTED_EDGE ( 'NONE', *, *, #2507, .T. ) ;
#3881 = LINE ( 'NONE', #4485, #7419 ) ;
#3882 = DIRECTION ( 'NONE',  ( 1.070816960479510993E-16, -1.000000000000000000, 0.000000000000000000 ) ) ;
#3883 = FILL_AREA_STYLE_COLOUR ( '', #4883 ) ;
#3884 = EDGE_CURVE ( 'NONE', #4874, #3815, #7200, .T. ) ;
#3885 = LINE ( 'NONE', #3207, #1469 ) ;
#3886 = DIRECTION ( 'NONE',  ( -0.000000000000000000, -0.000000000000000000, -1.000000000000000000 ) ) ;
#3887 = CARTESIAN_POINT ( 'NONE',  ( -2.274999999999994138, 1.149999999999999689, 1.650000000000001021 ) ) ;
#3888 = EDGE_LOOP ( 'NONE', ( #425, #3215, #5007, #695 ) ) ;
#3889 = LINE ( 'NONE', #6525, #974 ) ;
#3890 = FILL_AREA_STYLE ('',( #6572 ) ) ;
#3891 = ORIENTED_EDGE ( 'NONE', *, *, #3548, .T. ) ;
#3892 = CARTESIAN_POINT ( 'NONE',  ( 2.024999999999999467, 1.150000000000000133, 0.000000000000000000 ) ) ;
#3893 = COLOUR_RGB ( '',0.8509803921568627194, 0.8509803921568627194, 0.8509803921568627194 ) ;
#3894 = DIRECTION ( 'NONE',  ( -1.000000000000000000, 1.084202172485504040E-15, 0.000000000000000000 ) ) ;
#3895 = CARTESIAN_POINT ( 'NONE',  ( -1.574999999999999956, 0.9499999999999997335, 0.000000000000000000 ) ) ;
#3896 = CARTESIAN_POINT ( 'NONE',  ( -0.8500000000000005329, 2.349999999999999645, 0.4499999999999997335 ) ) ;
#3897 = FILL_AREA_STYLE ('',( #5183 ) ) ;
#3898 = VERTEX_POINT ( 'NONE', #613 ) ;
#3899 = ORIENTED_EDGE ( 'NONE', *, *, #450, .T. ) ;
#3900 = EDGE_LOOP ( 'NONE', ( #7145, #4986, #1147, #4528 ) ) ;
#3901 = EDGE_CURVE ( 'NONE', #7670, #3055, #7788, .T. ) ;
#3902 = PRESENTATION_STYLE_ASSIGNMENT (( #2055 ) ) ;
#3903 =( NAMED_UNIT ( * ) SI_UNIT ( $, .STERADIAN. ) SOLID_ANGLE_UNIT ( ) );
#3904 =( GEOMETRIC_REPRESENTATION_CONTEXT ( 3 ) GLOBAL_UNCERTAINTY_ASSIGNED_CONTEXT ( ( #1545 ) ) GLOBAL_UNIT_ASSIGNED_CONTEXT ( ( #8006, #7408, #1991 ) ) REPRESENTATION_CONTEXT ( 'NONE', 'WORKASPACE' ) );
#3905 = UNCERTAINTY_MEASURE_WITH_UNIT (LENGTH_MEASURE( 1.000000000000000082E-05 ), #5842, 'distance_accuracy_value', 'NONE');
#3906 = DIRECTION ( 'NONE',  ( 2.096124200138642642E-14, 0.000000000000000000, 1.000000000000000000 ) ) ;
#3907 = DIRECTION ( 'NONE',  ( 0.000000000000000000, 0.000000000000000000, -1.000000000000000000 ) ) ;
#3908 = SURFACE_STYLE_FILL_AREA ( #8033 ) ;
#3909 = EDGE_CURVE ( 'NONE', #8611, #6924, #1220, .T. ) ;
#3910 = EDGE_CURVE ( 'NONE', #8565, #6038, #3066, .T. ) ;
#3911 = CARTESIAN_POINT ( 'NONE',  ( 1.574999999999999289, 1.250000000000000000, 0.5999999999999994227 ) ) ;
#3912 = ORIENTED_EDGE ( 'NONE', *, *, #7980, .T. ) ;
#3913 = AXIS2_PLACEMENT_3D ( 'NONE', #1248, #6461, #2595 ) ;
#3914 = STYLED_ITEM ( 'NONE', ( #3299 ), #2763 ) ;
#3915 = ADVANCED_FACE ( 'NONE', ( #1825 ), #6569, .T. ) ;
#3916 = VERTEX_POINT ( 'NONE', #6689 ) ;
#3917 = DIRECTION ( 'NONE',  ( 1.000000000000000000, 8.340016711426956274E-16, -0.000000000000000000 ) ) ;
#3918 = SURFACE_SIDE_STYLE ('',( #6635 ) ) ;
#3919 = DIRECTION ( 'NONE',  ( 0.000000000000000000, 6.862039066364035213E-17, 1.000000000000000000 ) ) ;
#3920 = VECTOR ( 'NONE', #6364, 1000.000000000000000 ) ;
#3921 = VERTEX_POINT ( 'NONE', #5949 ) ;
#3922 = SURFACE_SIDE_STYLE ('',( #8522 ) ) ;
#3923 =( GEOMETRIC_REPRESENTATION_CONTEXT ( 3 ) GLOBAL_UNCERTAINTY_ASSIGNED_CONTEXT ( ( #368 ) ) GLOBAL_UNIT_ASSIGNED_CONTEXT ( ( #7995, #5942, #23 ) ) REPRESENTATION_CONTEXT ( 'NONE', 'WORKASPACE' ) );
#3924 = CARTESIAN_POINT ( 'NONE',  ( 1.474999999999999201, 0.3799999999999988387, 0.4999999999999994449 ) ) ;
#3925 = PRESENTATION_STYLE_ASSIGNMENT (( #80 ) ) ;
#3926 = CARTESIAN_POINT ( 'NONE',  ( -1.499999999999999778, -0.7750000000000003553, 0.2000000000000000111 ) ) ;
#3927 = PRESENTATION_LAYER_ASSIGNMENT (  '', '', ( #2698 ) ) ;
#3928 = STYLED_ITEM ( 'NONE', ( #4515 ), #3436 ) ;
#3929 =( NAMED_UNIT ( * ) PLANE_ANGLE_UNIT ( ) SI_UNIT ( $, .RADIAN. ) );
#3930 = FILL_AREA_STYLE ('',( #5741 ) ) ;
#3931 = CARTESIAN_POINT ( 'NONE',  ( 1.499999999999999778, -0.6249999999999951150, 0.2000000000000000111 ) ) ;
#3932 = AXIS2_PLACEMENT_3D ( 'NONE', #2711, #5973, #2637 ) ;
#3933 = SURFACE_SIDE_STYLE ('',( #622 ) ) ;
#3934 = FILL_AREA_STYLE ('',( #1314 ) ) ;
#3935 = DIRECTION ( 'NONE',  ( -0.000000000000000000, -1.000000000000000000, -0.000000000000000000 ) ) ;
#3936 = VECTOR ( 'NONE', #8303, 1000.000000000000000 ) ;
#3937 = CIRCLE ( 'NONE', #214, 0.1000000000000000472 ) ;
#3938 = ORIENTED_EDGE ( 'NONE', *, *, #8398, .F. ) ;
#3939 = SURFACE_STYLE_USAGE ( .BOTH. , #4596 ) ;
#3940 = PRESENTATION_LAYER_ASSIGNMENT (  '', '', ( #8008 ) ) ;
#3941 = STYLED_ITEM ( 'NONE', ( #950 ), #7651 ) ;
#3942 =( NAMED_UNIT ( * ) PLANE_ANGLE_UNIT ( ) SI_UNIT ( $, .RADIAN. ) );
#3943 = UNCERTAINTY_MEASURE_WITH_UNIT (LENGTH_MEASURE( 1.000000000000000082E-05 ), #4767, 'distance_accuracy_value', 'NONE');
#3944 = FILL_AREA_STYLE ('',( #5232 ) ) ;
#3945 =( GEOMETRIC_REPRESENTATION_CONTEXT ( 3 ) GLOBAL_UNCERTAINTY_ASSIGNED_CONTEXT ( ( #6046 ) ) GLOBAL_UNIT_ASSIGNED_CONTEXT ( ( #2715, #8040, #2062 ) ) REPRESENTATION_CONTEXT ( 'NONE', 'WORKASPACE' ) );
#3946 = SURFACE_STYLE_USAGE ( .BOTH. , #4601 ) ;
#3947 = MECHANICAL_DESIGN_GEOMETRIC_PRESENTATION_REPRESENTATION (  '', ( #6706 ), #8156 ) ;
#3948 = DIRECTION ( 'NONE',  ( 0.000000000000000000, 0.000000000000000000, 1.000000000000000000 ) ) ;
#3949 = CARTESIAN_POINT ( 'NONE',  ( 2.024999999999999467, 0.9500000000000001776, 1.749999999999999334 ) ) ;
#3950 = VERTEX_POINT ( 'NONE', #165 ) ;
#3951 =( GEOMETRIC_REPRESENTATION_CONTEXT ( 3 ) GLOBAL_UNCERTAINTY_ASSIGNED_CONTEXT ( ( #6411 ) ) GLOBAL_UNIT_ASSIGNED_CONTEXT ( ( #7383, #6664, #1446 ) ) REPRESENTATION_CONTEXT ( 'NONE', 'WORKASPACE' ) );
#3952 = CIRCLE ( 'NONE', #1067, 0.1000000000000001582 ) ;
#3953 = CARTESIAN_POINT ( 'NONE',  ( -1.499999999999999778, -1.325000000000000178, -1.040834085586084257E-14 ) ) ;
#3954 = ORIENTED_EDGE ( 'NONE', *, *, #1695, .F. ) ;
#3955 = FACE_OUTER_BOUND ( 'NONE', #2518, .T. ) ;
#3956 = DIRECTION ( 'NONE',  ( 1.000000000000000000, 0.000000000000000000, 0.000000000000000000 ) ) ;
#3957 = ADVANCED_FACE ( 'NONE', ( #2808 ), #4003, .T. ) ;
#3958 = VECTOR ( 'NONE', #7106, 1000.000000000000000 ) ;
#3959 = CARTESIAN_POINT ( 'NONE',  ( 2.024999999999998579, 0.9500000000000001776, 1.299999999999998712 ) ) ;
#3960 = VERTEX_POINT ( 'NONE', #5413 ) ;
#3961 = SURFACE_STYLE_USAGE ( .BOTH. , #696 ) ;
#3962 = UNCERTAINTY_MEASURE_WITH_UNIT (LENGTH_MEASURE( 1.000000000000000082E-05 ), #8567, 'distance_accuracy_value', 'NONE');
#3963 = CARTESIAN_POINT ( 'NONE',  ( 2.024999999999999467, 0.5799999999999948530, 0.000000000000000000 ) ) ;
#3964 = DIRECTION ( 'NONE',  ( -1.070816960479510870E-16, 1.000000000000000000, -0.000000000000000000 ) ) ;
#3965 = STYLED_ITEM ( 'NONE', ( #2083 ), #8304 ) ;
#3966 = DIRECTION ( 'NONE',  ( -1.000000000000000000, 0.000000000000000000, 0.000000000000000000 ) ) ;
#3967 = EDGE_CURVE ( 'NONE', #7656, #6239, #4456, .T. ) ;
#3968 = VECTOR ( 'NONE', #7109, 1000.000000000000000 ) ;
#3969 = PLANE ( 'NONE',  #3858 ) ;
#3970 = CARTESIAN_POINT ( 'NONE',  ( -1.375000000000024869, -0.6250000000000003331, -1.040834085586005371E-14 ) ) ;
#3971 = VERTEX_POINT ( 'NONE', #125 ) ;
#3972 = CYLINDRICAL_SURFACE ( 'NONE', #5443, 0.1000000000000000472 ) ;
#3973 = FACE_OUTER_BOUND ( 'NONE', #6687, .T. ) ;
#3974 = CARTESIAN_POINT ( 'NONE',  ( -1.874999999999999556, 1.349999999999999867, 1.199999999999999512 ) ) ;
#3975 = DIRECTION ( 'NONE',  ( 0.000000000000000000, 0.000000000000000000, 1.000000000000000000 ) ) ;
#3976 = AXIS2_PLACEMENT_3D ( 'NONE', #3009, #5022, #333 ) ;
#3977 = VECTOR ( 'NONE', #5902, 1000.000000000000000 ) ;
#3978 = CARTESIAN_POINT ( 'NONE',  ( 1.774999999999999467, 1.250000000000000000, 0.5999999999999994227 ) ) ;
#3979 = FILL_AREA_STYLE_COLOUR ( '', #4838 ) ;
#3980 = FACE_OUTER_BOUND ( 'NONE', #3187, .T. ) ;
#3981 = AXIS2_PLACEMENT_3D ( 'NONE', #6586, #144, #8115 ) ;
#3982 =( NAMED_UNIT ( * ) SI_UNIT ( $, .STERADIAN. ) SOLID_ANGLE_UNIT ( ) );
#3983 = UNCERTAINTY_MEASURE_WITH_UNIT (LENGTH_MEASURE( 1.000000000000000082E-05 ), #5807, 'distance_accuracy_value', 'NONE');
#3984 = LINE ( 'NONE', #1975, #5224 ) ;
#3985 = ORIENTED_EDGE ( 'NONE', *, *, #7826, .T. ) ;
#3986 = PLANE ( 'NONE',  #353 ) ;
#3987 = STYLED_ITEM ( 'NONE', ( #1452 ), #5374 ) ;
#3988 =( NAMED_UNIT ( * ) SI_UNIT ( $, .STERADIAN. ) SOLID_ANGLE_UNIT ( ) );
#3989 = DIRECTION ( 'NONE',  ( -0.000000000000000000, -0.000000000000000000, 1.000000000000000000 ) ) ;
#3990 = EDGE_LOOP ( 'NONE', ( #8213, #2801, #8325, #5382 ) ) ;
#3991 = LINE ( 'NONE', #3953, #929 ) ;
#3992 = MECHANICAL_DESIGN_GEOMETRIC_PRESENTATION_REPRESENTATION (  '', ( #6195 ), #2073 ) ;
#3993 = EDGE_LOOP ( 'NONE', ( #2233, #5072, #1619, #872 ) ) ;
#3994 = ORIENTED_EDGE ( 'NONE', *, *, #5366, .F. ) ;
#3995 = DIRECTION ( 'NONE',  ( -1.000000000000000000, -0.000000000000000000, -0.000000000000000000 ) ) ;
#3996 =( NAMED_UNIT ( * ) PLANE_ANGLE_UNIT ( ) SI_UNIT ( $, .RADIAN. ) );
#3997 = EDGE_LOOP ( 'NONE', ( #588, #1140, #1933 ) ) ;
#3998 = AXIS2_PLACEMENT_3D ( 'NONE', #2108, #8045, #4721 ) ;
#3999 =( NAMED_UNIT ( * ) PLANE_ANGLE_UNIT ( ) SI_UNIT ( $, .RADIAN. ) );
#4000 = PLANE ( 'NONE',  #3380 ) ;
#4001 = EDGE_CURVE ( 'NONE', #3731, #5665, #1352, .T. ) ;
#4002 = LINE ( 'NONE', #895, #8393 ) ;
#4003 = SPHERICAL_SURFACE ( 'NONE', #3625, 0.1000000000000000056 ) ;
#4004 = PRESENTATION_STYLE_ASSIGNMENT (( #1427 ) ) ;
#4005 = ORIENTED_EDGE ( 'NONE', *, *, #1489, .T. ) ;
#4006 = FILL_AREA_STYLE_COLOUR ( '', #2052 ) ;
#4007 = SURFACE_SIDE_STYLE ('',( #4818 ) ) ;
#4008 = EDGE_CURVE ( 'NONE', #7975, #978, #2685, .T. ) ;
#4009 = ADVANCED_FACE ( 'NONE', ( #4124 ), #7331, .F. ) ;
#4010 = SURFACE_STYLE_USAGE ( .BOTH. , #7254 ) ;
#4011 = COLOUR_RGB ( '',0.8509803921568627194, 0.8509803921568627194, 0.8509803921568627194 ) ;
#4012 = FILL_AREA_STYLE ('',( #8015 ) ) ;
#4013 = ADVANCED_FACE ( 'NONE', ( #4902 ), #6117, .T. ) ;
#4014 = CARTESIAN_POINT ( 'NONE',  ( -2.274999999999998135, -1.150000000000000355, 1.299999999999999156 ) ) ;
#4015 = EDGE_LOOP ( 'NONE', ( #8271, #3649, #1201, #135 ) ) ;
#4016 = VERTEX_POINT ( 'NONE', #3615 ) ;
#4017 = LINE ( 'NONE', #2787, #6695 ) ;
#4018 = FACE_OUTER_BOUND ( 'NONE', #8457, .T. ) ;
#4019 = DIRECTION ( 'NONE',  ( 0.000000000000000000, 0.000000000000000000, -1.000000000000000000 ) ) ;
#4020 = MECHANICAL_DESIGN_GEOMETRIC_PRESENTATION_REPRESENTATION (  '', ( #5254 ), #5518 ) ;
#4021 = DIRECTION ( 'NONE',  ( 0.000000000000000000, 0.000000000000000000, 1.000000000000000000 ) ) ;
#4022 = CARTESIAN_POINT ( 'NONE',  ( -1.000000000000000000, 1.149999999999999911, 1.299999999999999156 ) ) ;
#4023 =( NAMED_UNIT ( * ) SI_UNIT ( $, .STERADIAN. ) SOLID_ANGLE_UNIT ( ) );
#4024 = CARTESIAN_POINT ( 'NONE',  ( -1.574999999999999956, 1.149999999999999689, 0.05000000000000000278 ) ) ;
#4025 = DIRECTION ( 'NONE',  ( -1.000000000000000000, -1.141265444721583264E-16, -0.000000000000000000 ) ) ;
#4026 = CARTESIAN_POINT ( 'NONE',  ( -1.499999999999999778, -0.6250000000000004441, 0.5999999999999998668 ) ) ;
#4027 = EDGE_CURVE ( 'NONE', #4471, #5625, #5585, .T. ) ;
#4028 = VERTEX_POINT ( 'NONE', #995 ) ;
#4029 = DIRECTION ( 'NONE',  ( 4.818676322157799347E-16, 0.000000000000000000, 1.000000000000000000 ) ) ;
#4030 = LINE ( 'NONE', #6678, #8068 ) ;
#4032 = ORIENTED_EDGE ( 'NONE', *, *, #7549, .F. ) ;
#4031 =( NAMED_UNIT ( * ) SI_UNIT ( $, .STERADIAN. ) SOLID_ANGLE_UNIT ( ) );
#4033 = CARTESIAN_POINT ( 'NONE',  ( -1.874999999999987788, -0.6250000000000003331, 4.622231866529366047E-30 ) ) ;
#4034 = DIRECTION ( 'NONE',  ( 0.000000000000000000, -1.000000000000000000, 0.000000000000000000 ) ) ;
#4035 = VERTEX_POINT ( 'NONE', #1594 ) ;
#4036 = STYLED_ITEM ( 'NONE', ( #2974 ), #2510 ) ;
#4037 = ORIENTED_EDGE ( 'NONE', *, *, #8038, .F. ) ;
#4038 =( LENGTH_UNIT ( ) NAMED_UNIT ( * ) SI_UNIT ( .MILLI., .METRE. ) );
#4039 = EDGE_CURVE ( 'NONE', #4203, #168, #910, .T. ) ;
#4040 = DIRECTION ( 'NONE',  ( 0.000000000000000000, 1.000000000000000000, 0.000000000000000000 ) ) ;
#4041 = VECTOR ( 'NONE', #3497, 1000.000000000000000 ) ;
#4042 = CARTESIAN_POINT ( 'NONE',  ( 1.899999999999999689, -1.325000000000000178, -1.040834085586084257E-14 ) ) ;
#4043 =( GEOMETRIC_REPRESENTATION_CONTEXT ( 3 ) GLOBAL_UNCERTAINTY_ASSIGNED_CONTEXT ( ( #8550 ) ) GLOBAL_UNIT_ASSIGNED_CONTEXT ( ( #3693, #3140, #7076 ) ) REPRESENTATION_CONTEXT ( 'NONE', 'WORKASPACE' ) );
#4044 = VERTEX_POINT ( 'NONE', #3576 ) ;
#4045 =( NAMED_UNIT ( * ) PLANE_ANGLE_UNIT ( ) SI_UNIT ( $, .RADIAN. ) );
#4046 = AXIS2_PLACEMENT_3D ( 'NONE', #6647, #5339, #4905 ) ;
#4047 =( LENGTH_UNIT ( ) NAMED_UNIT ( * ) SI_UNIT ( .MILLI., .METRE. ) );
#4048 = DIRECTION ( 'NONE',  ( -1.000000000000000000, 0.000000000000000000, 0.000000000000000000 ) ) ;
#4049 =( LENGTH_UNIT ( ) NAMED_UNIT ( * ) SI_UNIT ( .MILLI., .METRE. ) );
#4050 =( NAMED_UNIT ( * ) SI_UNIT ( $, .STERADIAN. ) SOLID_ANGLE_UNIT ( ) );
#4051 = EDGE_LOOP ( 'NONE', ( #3480, #5673, #8173, #1895 ) ) ;
#4052 = VECTOR ( 'NONE', #3088, 1000.000000000000000 ) ;
#4053 = ORIENTED_EDGE ( 'NONE', *, *, #5470, .T. ) ;
#4054 =( NAMED_UNIT ( * ) PLANE_ANGLE_UNIT ( ) SI_UNIT ( $, .RADIAN. ) );
#4055 = EDGE_CURVE ( 'NONE', #5042, #6587, #2975, .T. ) ;
#4056 = DIRECTION ( 'NONE',  ( 3.614007241618347785E-16, 3.444672090321739649E-32, -1.000000000000000000 ) ) ;
#4057 = PRESENTATION_STYLE_ASSIGNMENT (( #5264 ) ) ;
#4058 = STYLED_ITEM ( 'NONE', ( #252 ), #1648 ) ;
#4059 = CARTESIAN_POINT ( 'NONE',  ( -1.574999999999999289, 1.349999999999999867, 0.4999999999999994449 ) ) ;
#4060 = PRESENTATION_LAYER_ASSIGNMENT (  '', '', ( #7553 ) ) ;
#4061 = UNCERTAINTY_MEASURE_WITH_UNIT (LENGTH_MEASURE( 1.000000000000000082E-05 ), #6970, 'distance_accuracy_value', 'NONE');
#4062 = SURFACE_STYLE_USAGE ( .BOTH. , #3467 ) ;
#4063 =( NAMED_UNIT ( * ) PLANE_ANGLE_UNIT ( ) SI_UNIT ( $, .RADIAN. ) );
#4064 = CARTESIAN_POINT ( 'NONE',  ( -2.074999999999998401, 0.9499999999999997335, 0.5999999999999999778 ) ) ;
#4065 = MECHANICAL_DESIGN_GEOMETRIC_PRESENTATION_REPRESENTATION (  '', ( #7289 ), #3263 ) ;
#4066 = SURFACE_SIDE_STYLE ('',( #1495 ) ) ;
#4067 = DIRECTION ( 'NONE',  ( 0.000000000000000000, 0.000000000000000000, -1.000000000000000000 ) ) ;
#4068 = STYLED_ITEM ( 'NONE', ( #6447 ), #1259 ) ;
#4069 = PRESENTATION_LAYER_ASSIGNMENT (  '', '', ( #5182 ) ) ;
#4070 = SURFACE_STYLE_USAGE ( .BOTH. , #1460 ) ;
#4071 = DIRECTION ( 'NONE',  ( 1.000000000000000000, -1.084202172485504040E-15, 8.673617379884013778E-16 ) ) ;
#4072 = EDGE_CURVE ( 'NONE', #4160, #2672, #6162, .T. ) ;
#4073 = SURFACE_STYLE_FILL_AREA ( #6071 ) ;
#4074 = CARTESIAN_POINT ( 'NONE',  ( -0.9500000000000005107, 2.349999999999999645, 0.5499999999999997113 ) ) ;
#4075 = EDGE_LOOP ( 'NONE', ( #5868, #3058, #4656, #8330 ) ) ;
#4076 = CARTESIAN_POINT ( 'NONE',  ( -1.574999999999999289, 1.249999999999999778, 0.5999999999999994227 ) ) ;
#4077 = VECTOR ( 'NONE', #5713, 1000.000000000000000 ) ;
#4078 = ORIENTED_EDGE ( 'NONE', *, *, #3129, .F. ) ;
#4079 =( NAMED_UNIT ( * ) PLANE_ANGLE_UNIT ( ) SI_UNIT ( $, .RADIAN. ) );
#4080 = FACE_OUTER_BOUND ( 'NONE', #4075, .T. ) ;
#4081 = ORIENTED_EDGE ( 'NONE', *, *, #7394, .T. ) ;
#4082 = FILL_AREA_STYLE_COLOUR ( '', #5829 ) ;
#4083 =( GEOMETRIC_REPRESENTATION_CONTEXT ( 3 ) GLOBAL_UNCERTAINTY_ASSIGNED_CONTEXT ( ( #3645 ) ) GLOBAL_UNIT_ASSIGNED_CONTEXT ( ( #1651, #302, #4916 ) ) REPRESENTATION_CONTEXT ( 'NONE', 'WORKASPACE' ) );
#4084 = ORIENTED_EDGE ( 'NONE', *, *, #1758, .T. ) ;
#4085 = CARTESIAN_POINT ( 'NONE',  ( -1.375000000000014655, -0.9578422717728224400, 0.4955507190333261480 ) ) ;
#4086 = CARTESIAN_POINT ( 'NONE',  ( -2.024999999999999911, 0.8999999999999996891, 1.800000000000000044 ) ) ;
#4087 = ORIENTED_EDGE ( 'NONE', *, *, #1242, .T. ) ;
#4088 =( NAMED_UNIT ( * ) SI_UNIT ( $, .STERADIAN. ) SOLID_ANGLE_UNIT ( ) );
#4089 = MECHANICAL_DESIGN_GEOMETRIC_PRESENTATION_REPRESENTATION (  '', ( #3965 ), #6727 ) ;
#4090 = CARTESIAN_POINT ( 'NONE',  ( -0.9500000000000003997, 0.9499999999999998446, 0.4499999999999997335 ) ) ;
#4091 =( NAMED_UNIT ( * ) PLANE_ANGLE_UNIT ( ) SI_UNIT ( $, .RADIAN. ) );
#4092 = FILL_AREA_STYLE ('',( #7450 ) ) ;
#4093 = CARTESIAN_POINT ( 'NONE',  ( -0.8499999999999999778, 0.2499999999999997780, 0.000000000000000000 ) ) ;
#4094 = ORIENTED_EDGE ( 'NONE', *, *, #6948, .T. ) ;
#4095 =( GEOMETRIC_REPRESENTATION_CONTEXT ( 3 ) GLOBAL_UNCERTAINTY_ASSIGNED_CONTEXT ( ( #7124 ) ) GLOBAL_UNIT_ASSIGNED_CONTEXT ( ( #8085, #3996, #5281 ) ) REPRESENTATION_CONTEXT ( 'NONE', 'WORKASPACE' ) );
#4096 = ORIENTED_EDGE ( 'NONE', *, *, #2076, .F. ) ;
#4097 = ORIENTED_EDGE ( 'NONE', *, *, #7909, .T. ) ;
#4098 = CARTESIAN_POINT ( 'NONE',  ( -1.574999999999999512, 1.249999999999999778, 1.199999999999999512 ) ) ;
#4099 = LINE ( 'NONE', #5350, #6844 ) ;
#4100 = EDGE_CURVE ( 'NONE', #4476, #3866, #6946, .T. ) ;
#4101 = DIRECTION ( 'NONE',  ( 1.000000000000000000, 0.000000000000000000, -0.000000000000000000 ) ) ;
#4102 = DIRECTION ( 'NONE',  ( -9.531447670202286736E-17, 1.000000000000000000, -1.984131124025319515E-30 ) ) ;
#4103 = FILL_AREA_STYLE_COLOUR ( '', #6299 ) ;
#4104 = EDGE_CURVE ( 'NONE', #862, #5500, #4812, .T. ) ;
#4105 = CIRCLE ( 'NONE', #5074, 0.2999999999999998224 ) ;
#4106 = FILL_AREA_STYLE_COLOUR ( '', #4198 ) ;
#4107 = LINE ( 'NONE', #6019, #4180 ) ;
#4108 = EDGE_CURVE ( 'NONE', #4476, #2906, #254, .T. ) ;
#4110 = AXIS2_PLACEMENT_3D ( 'NONE', #793, #1274, #1960 ) ;
#4109 = COLOUR_RGB ( '',0.8509803921568627194, 0.8509803921568627194, 0.8509803921568627194 ) ;
#4111 = CARTESIAN_POINT ( 'NONE',  ( 1.874999999999999334, 0.9500000000000001776, 1.800000000000000044 ) ) ;
#4112 = EDGE_CURVE ( 'NONE', #6587, #6370, #2242, .T. ) ;
#4113 = ADVANCED_FACE ( 'NONE', ( #292 ), #3661, .T. ) ;
#4114 = SURFACE_SIDE_STYLE ('',( #3564 ) ) ;
#4115 = CARTESIAN_POINT ( 'NONE',  ( 1.474999999999999201, 0.3799999999999988387, 0.4999999999999994449 ) ) ;
#4116 = VECTOR ( 'NONE', #5664, 1000.000000000000000 ) ;
#4117 = ORIENTED_EDGE ( 'NONE', *, *, #2641, .T. ) ;
#4118 = DIRECTION ( 'NONE',  ( 0.000000000000000000, 0.000000000000000000, -1.000000000000000000 ) ) ;
#4119 = ORIENTED_EDGE ( 'NONE', *, *, #2225, .F. ) ;
#4120 = PLANE ( 'NONE',  #184 ) ;
#4121 = ORIENTED_EDGE ( 'NONE', *, *, #3229, .T. ) ;
#4122 = EDGE_CURVE ( 'NONE', #3611, #6935, #511, .T. ) ;
#4123 = EDGE_LOOP ( 'NONE', ( #3828, #992, #6006, #1387 ) ) ;
#4124 = FACE_OUTER_BOUND ( 'NONE', #1881, .T. ) ;
#4125 = DIRECTION ( 'NONE',  ( 0.000000000000000000, -0.000000000000000000, 1.000000000000000000 ) ) ;
#4126 = CARTESIAN_POINT ( 'NONE',  ( -0.7999999999999964917, 0.9499999999999998446, 1.800000000000000044 ) ) ;
#4127 = CIRCLE ( 'NONE', #6489, 0.1000000000000000472 ) ;
#4128 = CARTESIAN_POINT ( 'NONE',  ( -2.274999999999998579, 0.9499999999999997335, 1.400000000000000577 ) ) ;
#4129 = ORIENTED_EDGE ( 'NONE', *, *, #733, .F. ) ;
#4130 = FILL_AREA_STYLE_COLOUR ( '', #1741 ) ;
#4131 = CLOSED_SHELL ( 'NONE', ( #3640, #540, #2610, #6698, #813, #8308, #7269, #3862, #1591, #5809, #8194, #8266, #7365, #6443, #3638, #266, #7503, #1169, #2393, #3604, #2917, #8064, #7768, #5290, #1396, #542, #6501, #4791, #3742, #2126, #2352, #3473, #4441, #6069, #2113, #8172, #815, #1648, #6652, #6659, #717, #4273, #2865, #4739, #6393, #2339, #4738, #1227, #8432, #7585, #2809, #3, #4790, #427, #2517, #6214, #177, #6407, #5861, #5003, #8305, #6914, #6441, #3587, #700, #2763 ) ) ;
#4132 = PRESENTATION_STYLE_ASSIGNMENT (( #2938 ) ) ;
#4133 = ADVANCED_FACE ( 'NONE', ( #7915 ), #1770, .T. ) ;
#4134 = DIRECTION ( 'NONE',  ( 1.000000000000000000, 1.070816960479510870E-16, 0.000000000000000000 ) ) ;
#4135 = PRESENTATION_STYLE_ASSIGNMENT (( #1003 ) ) ;
#4136 = VECTOR ( 'NONE', #2923, 1000.000000000000000 ) ;
#4137 = DIRECTION ( 'NONE',  ( 1.000000000000000000, 0.000000000000000000, -1.084202172485504040E-15 ) ) ;
#4138 = VERTEX_POINT ( 'NONE', #4480 ) ;
#4139 = ORIENTED_EDGE ( 'NONE', *, *, #8466, .F. ) ;
#4140 =( GEOMETRIC_REPRESENTATION_CONTEXT ( 3 ) GLOBAL_UNCERTAINTY_ASSIGNED_CONTEXT ( ( #8426 ) ) GLOBAL_UNIT_ASSIGNED_CONTEXT ( ( #5415, #7367, #3446 ) ) REPRESENTATION_CONTEXT ( 'NONE', 'WORKASPACE' ) );
#4141 = CARTESIAN_POINT ( 'NONE',  ( -2.075000000000000178, 0.8999999999999994671, 0.4999999999999989453 ) ) ;
#4142 = SURFACE_SIDE_STYLE ('',( #1527 ) ) ;
#4143 =( NAMED_UNIT ( * ) SI_UNIT ( $, .STERADIAN. ) SOLID_ANGLE_UNIT ( ) );
#4144 =( NAMED_UNIT ( * ) SI_UNIT ( $, .STERADIAN. ) SOLID_ANGLE_UNIT ( ) );
#4145 = ORIENTED_EDGE ( 'NONE', *, *, #8289, .T. ) ;
#4146 = EDGE_CURVE ( 'NONE', #1628, #7763, #1158, .T. ) ;
#4147 = FILL_AREA_STYLE ('',( #3512 ) ) ;
#4148 = ORIENTED_EDGE ( 'NONE', *, *, #5639, .T. ) ;
#4149 = LINE ( 'NONE', #6097, #79 ) ;
#4150 = DIRECTION ( 'NONE',  ( -0.000000000000000000, -0.000000000000000000, -1.000000000000000000 ) ) ;
#4151 =( GEOMETRIC_REPRESENTATION_CONTEXT ( 3 ) GLOBAL_UNCERTAINTY_ASSIGNED_CONTEXT ( ( #2096 ) ) GLOBAL_UNIT_ASSIGNED_CONTEXT ( ( #3466, #4756, #141 ) ) REPRESENTATION_CONTEXT ( 'NONE', 'WORKASPACE' ) );
#4152 = PRESENTATION_STYLE_ASSIGNMENT (( #5481 ) ) ;
#4153 =( LENGTH_UNIT ( ) NAMED_UNIT ( * ) SI_UNIT ( .MILLI., .METRE. ) );
#4154 = EDGE_CURVE ( 'NONE', #5932, #128, #7868, .T. ) ;
#4155 = DIRECTION ( 'NONE',  ( 0.000000000000000000, -6.862039066364035213E-17, -1.000000000000000000 ) ) ;
#4156 =( NAMED_UNIT ( * ) SI_UNIT ( $, .STERADIAN. ) SOLID_ANGLE_UNIT ( ) );
#4157 = ORIENTED_EDGE ( 'NONE', *, *, #5808, .T. ) ;
#4158 = SURFACE_SIDE_STYLE ('',( #247 ) ) ;
#4159 = CARTESIAN_POINT ( 'NONE',  ( -2.274999999999999911, 0.8999999999999996891, 0.000000000000000000 ) ) ;
#4160 = VERTEX_POINT ( 'NONE', #5773 ) ;
#4161 = EDGE_CURVE ( 'NONE', #3171, #2013, #5680, .T. ) ;
#4162 = DIRECTION ( 'NONE',  ( 1.000000000000000000, 8.340016711426956274E-16, -0.000000000000000000 ) ) ;
#4163 = VECTOR ( 'NONE', #6250, 1000.000000000000000 ) ;
#4164 = DIRECTION ( 'NONE',  ( 1.000000000000000000, 0.000000000000000000, -1.084202172485504040E-15 ) ) ;
#4165 = ORIENTED_EDGE ( 'NONE', *, *, #7216, .T. ) ;
#4166 = SURFACE_STYLE_USAGE ( .BOTH. , #994 ) ;
#4167 = FILL_AREA_STYLE ('',( #1550 ) ) ;
#4168 = PRESENTATION_STYLE_ASSIGNMENT (( #255 ) ) ;
#4169 =( NAMED_UNIT ( * ) PLANE_ANGLE_UNIT ( ) SI_UNIT ( $, .RADIAN. ) );
#4170 = DIRECTION ( 'NONE',  ( 1.000000000000000000, 0.000000000000000000, 0.000000000000000000 ) ) ;
#4171 = VECTOR ( 'NONE', #3720, 1000.000000000000000 ) ;
#4172 = ORIENTED_EDGE ( 'NONE', *, *, #450, .F. ) ;
#4173 = PRESENTATION_STYLE_ASSIGNMENT (( #1002 ) ) ;
#4174 = DIRECTION ( 'NONE',  ( -1.000000000000000000, 0.000000000000000000, 0.000000000000000000 ) ) ;
#4175 = COLOUR_RGB ( '',0.2235294117647058654, 0.2235294117647058654, 0.2235294117647058654 ) ;
#4176 = MECHANICAL_DESIGN_GEOMETRIC_PRESENTATION_REPRESENTATION (  '', ( #7977 ), #756 ) ;
#4177 =( LENGTH_UNIT ( ) NAMED_UNIT ( * ) SI_UNIT ( .MILLI., .METRE. ) );
#4178 = ORIENTED_EDGE ( 'NONE', *, *, #710, .F. ) ;
#4179 = ORIENTED_EDGE ( 'NONE', *, *, #6385, .F. ) ;
#4180 = VECTOR ( 'NONE', #2753, 1000.000000000000000 ) ;
#4181 = COLOUR_RGB ( '',0.8431372549019607865, 0.8156862745098039102, 0.7529411764705882248 ) ;
#4182 = FACE_OUTER_BOUND ( 'NONE', #311, .T. ) ;
#4183 = DIRECTION ( 'NONE',  ( 1.000000000000000000, 0.000000000000000000, 0.000000000000000000 ) ) ;
#4184 =( LENGTH_UNIT ( ) NAMED_UNIT ( * ) SI_UNIT ( .MILLI., .METRE. ) );
#4185 = SURFACE_STYLE_USAGE ( .BOTH. , #2305 ) ;
#4186 = CARTESIAN_POINT ( 'NONE',  ( 0.8000000000000038192, 0.9500000000000000666, 1.800000000000000044 ) ) ;
#4187 = ORIENTED_EDGE ( 'NONE', *, *, #3647, .F. ) ;
#4188 =( GEOMETRIC_REPRESENTATION_CONTEXT ( 3 ) GLOBAL_UNCERTAINTY_ASSIGNED_CONTEXT ( ( #6363 ) ) GLOBAL_UNIT_ASSIGNED_CONTEXT ( ( #515, #4399, #1124 ) ) REPRESENTATION_CONTEXT ( 'NONE', 'WORKASPACE' ) );
#4189 =( NAMED_UNIT ( * ) PLANE_ANGLE_UNIT ( ) SI_UNIT ( $, .RADIAN. ) );
#4190 = SURFACE_STYLE_USAGE ( .BOTH. , #1571 ) ;
#4191 = VECTOR ( 'NONE', #6346, 1000.000000000000000 ) ;
#4192 = AXIS2_PLACEMENT_3D ( 'NONE', #4973, #1710, #4155 ) ;
#4193 = FACE_OUTER_BOUND ( 'NONE', #1684, .T. ) ;
#4194 = DIRECTION ( 'NONE',  ( -0.000000000000000000, -0.000000000000000000, -1.000000000000000000 ) ) ;
#4195 =( LENGTH_UNIT ( ) NAMED_UNIT ( * ) SI_UNIT ( .MILLI., .METRE. ) );
#4196 = SURFACE_STYLE_FILL_AREA ( #6931 ) ;
#4197 = STYLED_ITEM ( 'NONE', ( #8067 ), #7330 ) ;
#4198 = COLOUR_RGB ( '',0.8431372549019607865, 0.8156862745098039102, 0.7529411764705882248 ) ;
#4199 = FILL_AREA_STYLE_COLOUR ( '', #5923 ) ;
#4200 = PLANE ( 'NONE',  #3366 ) ;
#4201 = ORIENTED_EDGE ( 'NONE', *, *, #4995, .T. ) ;
#4202 =( LENGTH_UNIT ( ) NAMED_UNIT ( * ) SI_UNIT ( .MILLI., .METRE. ) );
#4203 = VERTEX_POINT ( 'NONE', #7730 ) ;
#4204 = VECTOR ( 'NONE', #6510, 1000.000000000000000 ) ;
#4205 = VECTOR ( 'NONE', #2888, 1000.000000000000000 ) ;
#4206 = SURFACE_STYLE_USAGE ( .BOTH. , #6735 ) ;
#4207 = PRESENTATION_LAYER_ASSIGNMENT (  '', '', ( #4895 ) ) ;
#4208 = SURFACE_STYLE_USAGE ( .BOTH. , #5583 ) ;
#4209 = ORIENTED_EDGE ( 'NONE', *, *, #7458, .F. ) ;
#4210 = CARTESIAN_POINT ( 'NONE',  ( -0.8999999999999990230, 0.3799999999999990608, 0.3999999999999995226 ) ) ;
#4211 = EDGE_CURVE ( 'NONE', #7274, #4235, #8476, .T. ) ;
#4212 = DIRECTION ( 'NONE',  ( -1.070816960479510870E-16, 1.000000000000000000, -0.000000000000000000 ) ) ;
#4213 = MECHANICAL_DESIGN_GEOMETRIC_PRESENTATION_REPRESENTATION (  '', ( #6149 ), #3405 ) ;
#4214 = AXIS2_PLACEMENT_3D ( 'NONE', #6805, #241, #7565 ) ;
#4215 = VERTEX_POINT ( 'NONE', #7004 ) ;
#4216 = DIRECTION ( 'NONE',  ( -1.070816960479510870E-16, 1.000000000000000000, -0.000000000000000000 ) ) ;
#4217 =( LENGTH_UNIT ( ) NAMED_UNIT ( * ) SI_UNIT ( .MILLI., .METRE. ) );
#4218 = ADVANCED_FACE ( 'NONE', ( #3704 ), #6513, .T. ) ;
#4219 = PRESENTATION_LAYER_ASSIGNMENT (  '', '', ( #1066 ) ) ;
#4220 =( NAMED_UNIT ( * ) PLANE_ANGLE_UNIT ( ) SI_UNIT ( $, .RADIAN. ) );
#4221 =( GEOMETRIC_REPRESENTATION_CONTEXT ( 3 ) GLOBAL_UNCERTAINTY_ASSIGNED_CONTEXT ( ( #7020 ) ) GLOBAL_UNIT_ASSIGNED_CONTEXT ( ( #6, #3942, #5263 ) ) REPRESENTATION_CONTEXT ( 'NONE', 'WORKASPACE' ) );
#4222 = VECTOR ( 'NONE', #982, 1000.000000000000000 ) ;
#4223 = DIRECTION ( 'NONE',  ( -1.070816960479511117E-16, 1.000000000000000000, -0.000000000000000000 ) ) ;
#4224 =( LENGTH_UNIT ( ) NAMED_UNIT ( * ) SI_UNIT ( .MILLI., .METRE. ) );
#4225 = SURFACE_STYLE_FILL_AREA ( #6263 ) ;
#4226 = PRESENTATION_LAYER_ASSIGNMENT (  '', '', ( #2995 ) ) ;
#4227 = DIRECTION ( 'NONE',  ( -1.000000000000000000, 0.000000000000000000, 0.000000000000000000 ) ) ;
#4228 = LINE ( 'NONE', #7456, #2480 ) ;
#4229 = FILL_AREA_STYLE_COLOUR ( '', #7146 ) ;
#4230 = PRESENTATION_STYLE_ASSIGNMENT (( #7555 ) ) ;
#4231 = EDGE_CURVE ( 'NONE', #468, #6944, #4648, .T. ) ;
#4232 = LINE ( 'NONE', #1743, #7239 ) ;
#4233 = CARTESIAN_POINT ( 'NONE',  ( -1.474999999999999423, 0.9499999999999998446, 1.199999999999999512 ) ) ;
#4234 = AXIS2_PLACEMENT_3D ( 'NONE', #388, #2935, #4170 ) ;
#4235 = VERTEX_POINT ( 'NONE', #7957 ) ;
#4236 = EDGE_LOOP ( 'NONE', ( #3854, #2317 ) ) ;
#4237 = AXIS2_PLACEMENT_3D ( 'NONE', #2431, #4442, #1040 ) ;
#4238 = CYLINDRICAL_SURFACE ( 'NONE', #329, 0.1000000000000000472 ) ;
#4239 = FILL_AREA_STYLE_COLOUR ( '', #1348 ) ;
#4240 = VECTOR ( 'NONE', #2682, 1000.000000000000000 ) ;
#4241 = EDGE_CURVE ( 'NONE', #4028, #6271, #4611, .T. ) ;
#4242 = CARTESIAN_POINT ( 'NONE',  ( 1.450000000000003508, 0.9500000000000000666, 1.749999999999999334 ) ) ;
#4243 = CYLINDRICAL_SURFACE ( 'NONE', #6293, 0.1000000000000000472 ) ;
#4244 = CARTESIAN_POINT ( 'NONE',  ( 1.045004439896472784E-14, -1.150000000000000355, 0.4955507190332969492 ) ) ;
#4245 = DIRECTION ( 'NONE',  ( 0.000000000000000000, 0.000000000000000000, -1.000000000000000000 ) ) ;
#4246 = EDGE_LOOP ( 'NONE', ( #6792, #1431, #1621, #2451 ) ) ;
#4247 = EDGE_LOOP ( 'NONE', ( #1223, #5771, #6726, #2490, #65 ) ) ;
#4248 = CIRCLE ( 'NONE', #5734, 0.09999999999999999167 ) ;
#4249 = SPHERICAL_SURFACE ( 'NONE', #8405, 0.1000000000000000056 ) ;
#4250 = LINE ( 'NONE', #373, #190 ) ;
#4251 = PRESENTATION_STYLE_ASSIGNMENT (( #4890 ) ) ;
#4252 = DIRECTION ( 'NONE',  ( -1.000000000000000000, -0.000000000000000000, -0.000000000000000000 ) ) ;
#4253 = ORIENTED_EDGE ( 'NONE', *, *, #555, .F. ) ;
#4254 = CARTESIAN_POINT ( 'NONE',  ( 0.6989513836793942447, -1.150000000000000355, 1.299999999999998934 ) ) ;
#4255 =( NAMED_UNIT ( * ) SI_UNIT ( $, .STERADIAN. ) SOLID_ANGLE_UNIT ( ) );
#4256 = ORIENTED_EDGE ( 'NONE', *, *, #3037, .F. ) ;
#4257 = CARTESIAN_POINT ( 'NONE',  ( -1.574999999999999956, 0.3799999999999988387, -0.04999999999999999584 ) ) ;
#4258 = PRESENTATION_STYLE_ASSIGNMENT (( #2331 ) ) ;
#4259 = LINE ( 'NONE', #2244, #5810 ) ;
#4260 = FILL_AREA_STYLE_COLOUR ( '', #3242 ) ;
#4261 =( LENGTH_UNIT ( ) NAMED_UNIT ( * ) SI_UNIT ( .MILLI., .METRE. ) );
#4262 = EDGE_CURVE ( 'NONE', #7699, #5822, #7398, .T. ) ;
#4263 = VECTOR ( 'NONE', #1872, 1000.000000000000000 ) ;
#4264 = ORIENTED_EDGE ( 'NONE', *, *, #6820, .T. ) ;
#4265 = DIRECTION ( 'NONE',  ( 1.070816960479510870E-16, -1.000000000000000000, 0.000000000000000000 ) ) ;
#4266 = DIRECTION ( 'NONE',  ( -1.734723475976807094E-14, -4.102136664597944285E-30, 1.000000000000000000 ) ) ;
#4267 = CYLINDRICAL_SURFACE ( 'NONE', #7827, 0.1000000000000000472 ) ;
#4268 =( LENGTH_UNIT ( ) NAMED_UNIT ( * ) SI_UNIT ( .MILLI., .METRE. ) );
#4269 = ORIENTED_EDGE ( 'NONE', *, *, #4278, .T. ) ;
#4270 = EDGE_CURVE ( 'NONE', #4484, #136, #4030, .T. ) ;
#4271 = CARTESIAN_POINT ( 'NONE',  ( 1.774999999999999245, 0.9500000000000001776, 1.299999999999999600 ) ) ;
#4272 = ADVANCED_FACE ( 'NONE', ( #3955 ), #5900, .F. ) ;
#4273 = ADVANCED_FACE ( 'NONE', ( #691 ), #2066, .F. ) ;
#4274 =( GEOMETRIC_REPRESENTATION_CONTEXT ( 3 ) GLOBAL_UNCERTAINTY_ASSIGNED_CONTEXT ( ( #8363 ) ) GLOBAL_UNIT_ASSIGNED_CONTEXT ( ( #6379, #8430, #185 ) ) REPRESENTATION_CONTEXT ( 'NONE', 'WORKASPACE' ) );
#4275 = STYLED_ITEM ( 'NONE', ( #842 ), #4560 ) ;
#4276 = FILL_AREA_STYLE ('',( #8155 ) ) ;
#4277 =( NAMED_UNIT ( * ) PLANE_ANGLE_UNIT ( ) SI_UNIT ( $, .RADIAN. ) );
#4278 = EDGE_CURVE ( 'NONE', #3164, #1102, #4127, .T. ) ;
#4279 =( LENGTH_UNIT ( ) NAMED_UNIT ( * ) SI_UNIT ( .MILLI., .METRE. ) );
#4280 = DIRECTION ( 'NONE',  ( 1.070816960479510993E-16, -1.000000000000000000, 0.000000000000000000 ) ) ;
#4281 = ORIENTED_EDGE ( 'NONE', *, *, #1341, .F. ) ;
#4282 = AXIS2_PLACEMENT_3D ( 'NONE', #8355, #5041, #3291 ) ;
#4283 = FILL_AREA_STYLE_COLOUR ( '', #490 ) ;
#4284 = CARTESIAN_POINT ( 'NONE',  ( 0.6989513836793942447, -0.9180000000000003713, 1.800000000000000044 ) ) ;
#4285 = STYLED_ITEM ( 'NONE', ( #2850 ), #4791 ) ;
#4286 = DIRECTION ( 'NONE',  ( 0.000000000000000000, 0.000000000000000000, 1.000000000000000000 ) ) ;
#4287 = PLANE ( 'NONE',  #983 ) ;
#4288 = VERTEX_POINT ( 'NONE', #3472 ) ;
#4289 = SURFACE_STYLE_USAGE ( .BOTH. , #8295 ) ;
#4290 = CARTESIAN_POINT ( 'NONE',  ( -1.375000000000024869, -1.150000000000000355, -1.040834085586005371E-14 ) ) ;
#4291 = EDGE_CURVE ( 'NONE', #1346, #2420, #2774, .T. ) ;
#4292 = COLOUR_RGB ( '',0.8509803921568627194, 0.8509803921568627194, 0.8509803921568627194 ) ;
#4293 = CARTESIAN_POINT ( 'NONE',  ( 1.499999999999999778, -0.7750000000000003553, 0.2000000000000000111 ) ) ;
#4294 = CARTESIAN_POINT ( 'NONE',  ( 1.375000000000024869, -0.6250000000000003331, -1.040834085586005371E-14 ) ) ;
#4295 = ORIENTED_EDGE ( 'NONE', *, *, #3407, .T. ) ;
#4296 = CARTESIAN_POINT ( 'NONE',  ( 1.499999999999999778, -0.8250000000000002887, 0.2000000000000000111 ) ) ;
#4297 = DIRECTION ( 'NONE',  ( 0.000000000000000000, 0.000000000000000000, -1.000000000000000000 ) ) ;
#4298 = EDGE_LOOP ( 'NONE', ( #902, #6449, #6640, #8491 ) ) ;
#4299 = VECTOR ( 'NONE', #5880, 1000.000000000000000 ) ;
#4300 = DIRECTION ( 'NONE',  ( 0.000000000000000000, 1.000000000000000000, 0.000000000000000000 ) ) ;
#4301 = SURFACE_SIDE_STYLE ('',( #6296 ) ) ;
#4302 = LINE ( 'NONE', #3706, #5383 ) ;
#4303 = SURFACE_SIDE_STYLE ('',( #6253 ) ) ;
#4304 = VERTEX_POINT ( 'NONE', #6102 ) ;
#4305 = AXIS2_PLACEMENT_3D ( 'NONE', #7055, #3886, #7880 ) ;
#4306 = DIRECTION ( 'NONE',  ( 1.070816960479510993E-16, -1.000000000000000000, -0.000000000000000000 ) ) ;
#4307 = AXIS2_PLACEMENT_3D ( 'NONE', #4562, #3042, #1797 ) ;
#4308 = ORIENTED_EDGE ( 'NONE', *, *, #3861, .T. ) ;
#4309 = CARTESIAN_POINT ( 'NONE',  ( 1.574999999999999734, 0.3799999999999992828, 0.05000000000000000278 ) ) ;
#4310 = LINE ( 'NONE', #7748, #2616 ) ;
#4311 = MECHANICAL_DESIGN_GEOMETRIC_PRESENTATION_REPRESENTATION (  '', ( #3629 ), #2130 ) ;
#4312 = MECHANICAL_DESIGN_GEOMETRIC_PRESENTATION_REPRESENTATION (  '', ( #4733 ), #5407 ) ;
#4313 = SURFACE_STYLE_FILL_AREA ( #3631 ) ;
#4314 = UNCERTAINTY_MEASURE_WITH_UNIT (LENGTH_MEASURE( 1.000000000000000082E-05 ), #8157, 'distance_accuracy_value', 'NONE');
#4315 =( NAMED_UNIT ( * ) SI_UNIT ( $, .STERADIAN. ) SOLID_ANGLE_UNIT ( ) );
#4316 = ORIENTED_EDGE ( 'NONE', *, *, #3744, .T. ) ;
#4317 = EDGE_CURVE ( 'NONE', #2597, #4817, #7568, .T. ) ;
#4318 = CIRCLE ( 'NONE', #5705, 0.1000000000000000472 ) ;
#4319 = ORIENTED_EDGE ( 'NONE', *, *, #7549, .T. ) ;
#4320 = EDGE_CURVE ( 'NONE', #8507, #3921, #283, .T. ) ;
#4321 = PRESENTATION_LAYER_ASSIGNMENT (  '', '', ( #6961 ) ) ;
#4322 = CARTESIAN_POINT ( 'NONE',  ( -2.274999999999987921, 0.9499999999999997335, 1.799999999999999822 ) ) ;
#4323 = VECTOR ( 'NONE', #4535, 1000.000000000000000 ) ;
#4324 = UNCERTAINTY_MEASURE_WITH_UNIT (LENGTH_MEASURE( 1.000000000000000082E-05 ), #182, 'distance_accuracy_value', 'NONE');
#4325 = SURFACE_STYLE_FILL_AREA ( #1702 ) ;
#4326 = FACE_OUTER_BOUND ( 'NONE', #2335, .T. ) ;
#4327 = FILL_AREA_STYLE_COLOUR ( '', #3724 ) ;
#4328 = PRESENTATION_STYLE_ASSIGNMENT (( #2881 ) ) ;
#4329 = VERTEX_POINT ( 'NONE', #4931 ) ;
#4330 = LINE ( 'NONE', #1071, #8132 ) ;
#4331 = FILL_AREA_STYLE_COLOUR ( '', #627 ) ;
#4332 = AXIS2_PLACEMENT_3D ( 'NONE', #2028, #7960, #1984 ) ;
#4333 = EDGE_LOOP ( 'NONE', ( #977, #2625, #7292, #5883, #6492, #2300, #8065, #3203, #5420, #2265, #379, #374, #7444, #3994, #6290, #243, #7202, #5894, #7068, #4119, #5630, #8147, #797, #1976, #1927, #6491, #2757, #6372 ) ) ;
#4334 =( NAMED_UNIT ( * ) PLANE_ANGLE_UNIT ( ) SI_UNIT ( $, .RADIAN. ) );
#4335 = CARTESIAN_POINT ( 'NONE',  ( -0.7999999999999964917, 1.149999999999999911, 1.800000000000000044 ) ) ;
#4336 = ORIENTED_EDGE ( 'NONE', *, *, #4100, .T. ) ;
#4337 = EDGE_LOOP ( 'NONE', ( #7844, #4081, #6796, #4576, #6524, #7753, #1728, #3127 ) ) ;
#4338 = LINE ( 'NONE', #6374, #7758 ) ;
#4339 = AXIS2_PLACEMENT_3D ( 'NONE', #8525, #2566, #6955 ) ;
#4340 = DIRECTION ( 'NONE',  ( -1.070816960479510993E-16, 1.000000000000000000, 0.000000000000000000 ) ) ;
#4341 =( GEOMETRIC_REPRESENTATION_CONTEXT ( 3 ) GLOBAL_UNCERTAINTY_ASSIGNED_CONTEXT ( ( #1910 ) ) GLOBAL_UNIT_ASSIGNED_CONTEXT ( ( #1406, #6663, #971 ) ) REPRESENTATION_CONTEXT ( 'NONE', 'WORKASPACE' ) );
#4342 = COLOUR_RGB ( '',0.8509803921568627194, 0.8509803921568627194, 0.8509803921568627194 ) ;
#4343 = EDGE_LOOP ( 'NONE', ( #2187, #3258, #2152, #1716, #1994, #455 ) ) ;
#4344 =( NAMED_UNIT ( * ) PLANE_ANGLE_UNIT ( ) SI_UNIT ( $, .RADIAN. ) );
#4345 = PRESENTATION_STYLE_ASSIGNMENT (( #1083 ) ) ;
#4346 = PRESENTATION_STYLE_ASSIGNMENT (( #423 ) ) ;
#4347 = LINE ( 'NONE', #5535, #1866 ) ;
#4348 = EDGE_LOOP ( 'NONE', ( #5860, #6418, #6512, #753 ) ) ;
#4349 = DIRECTION ( 'NONE',  ( 9.531447670202286736E-17, -1.000000000000000000, 0.000000000000000000 ) ) ;
#4350 = STYLED_ITEM ( 'NONE', ( #8278 ), #1169 ) ;
#4351 = VECTOR ( 'NONE', #1399, 1000.000000000000000 ) ;
#4352 = VECTOR ( 'NONE', #4541, 1000.000000000000000 ) ;
#4353 = ORIENTED_EDGE ( 'NONE', *, *, #863, .F. ) ;
#4354 =( NAMED_UNIT ( * ) SI_UNIT ( $, .STERADIAN. ) SOLID_ANGLE_UNIT ( ) );
#4355 = CARTESIAN_POINT ( 'NONE',  ( -1.874999999999999556, 1.349999999999999867, 1.199999999999999512 ) ) ;
#4356 = FILL_AREA_STYLE ('',( #8487 ) ) ;
#4357 = CARTESIAN_POINT ( 'NONE',  ( 1.774999999999999245, 1.150000000000000133, 0.4999999999999994449 ) ) ;
#4358 = PRESENTATION_LAYER_ASSIGNMENT (  '', '', ( #2851 ) ) ;
#4359 = CARTESIAN_POINT ( 'NONE',  ( 0.8499999999999995337, 2.250000000000000444, 0.5499999999999998224 ) ) ;
#4360 = EDGE_LOOP ( 'NONE', ( #5201, #4201, #6228, #6430, #6592, #4544 ) ) ;
#4361 = SURFACE_SIDE_STYLE ('',( #8357 ) ) ;
#4362 = CARTESIAN_POINT ( 'NONE',  ( -0.8499999999999999778, 0.2499999999999997780, -0.4000000000000000222 ) ) ;
#4363 = STYLED_ITEM ( 'NONE', ( #50 ), #8092 ) ;
#4364 = CARTESIAN_POINT ( 'NONE',  ( 1.574999999999999734, 0.9500000000000000666, 0.000000000000000000 ) ) ;
#4365 = DIRECTION ( 'NONE',  ( 1.000000000000000000, 1.084202172485504040E-15, 0.000000000000000000 ) ) ;
#4366 =( LENGTH_UNIT ( ) NAMED_UNIT ( * ) SI_UNIT ( .MILLI., .METRE. ) );
#4367 = VERTEX_POINT ( 'NONE', #6194 ) ;
#4368 = PRESENTATION_LAYER_ASSIGNMENT (  '', '', ( #7586 ) ) ;
#4369 = ORIENTED_EDGE ( 'NONE', *, *, #4997, .F. ) ;
#4370 = EDGE_CURVE ( 'NONE', #179, #4690, #7617, .T. ) ;
#4371 = DIRECTION ( 'NONE',  ( -1.000000000000000000, 0.000000000000000000, 0.000000000000000000 ) ) ;
#4372 =( NAMED_UNIT ( * ) SI_UNIT ( $, .STERADIAN. ) SOLID_ANGLE_UNIT ( ) );
#4373 = EDGE_CURVE ( 'NONE', #6332, #4736, #6891, .T. ) ;
#4374 = COLOUR_RGB ( '',0.2235294117647058654, 0.2235294117647058654, 0.2235294117647058654 ) ;
#4375 =( GEOMETRIC_REPRESENTATION_CONTEXT ( 3 ) GLOBAL_UNCERTAINTY_ASSIGNED_CONTEXT ( ( #4506 ) ) GLOBAL_UNIT_ASSIGNED_CONTEXT ( ( #1966, #4751, #7301 ) ) REPRESENTATION_CONTEXT ( 'NONE', 'WORKASPACE' ) );
#4376 = PRESENTATION_STYLE_ASSIGNMENT (( #3767 ) ) ;
#4377 = LINE ( 'NONE', #8334, #7008 ) ;
#4378 = STYLED_ITEM ( 'NONE', ( #1831 ), #427 ) ;
#4379 = LINE ( 'NONE', #5715, #4411 ) ;
#4380 = EDGE_LOOP ( 'NONE', ( #7623, #7983, #3482 ) ) ;
#4381 = PRESENTATION_LAYER_ASSIGNMENT (  '', '', ( #1496 ) ) ;
#4382 = DIRECTION ( 'NONE',  ( -4.818676322157799347E-16, -0.000000000000000000, -1.000000000000000000 ) ) ;
#4383 = EDGE_CURVE ( 'NONE', #6104, #7665, #3602, .T. ) ;
#4384 = CARTESIAN_POINT ( 'NONE',  ( -1.450000000000003952, 0.9499999999999998446, 1.749999999999999334 ) ) ;
#4385 = EDGE_CURVE ( 'NONE', #3921, #5405, #6236, .T. ) ;
#4386 = ORIENTED_EDGE ( 'NONE', *, *, #580, .T. ) ;
#4387 = EDGE_CURVE ( 'NONE', #7250, #4713, #2273, .T. ) ;
#4388 = SURFACE_STYLE_FILL_AREA ( #6371 ) ;
#4389 = AXIS2_PLACEMENT_3D ( 'NONE', #7255, #2737, #1311 ) ;
#4390 = CARTESIAN_POINT ( 'NONE',  ( -1.899999999999999689, -1.325000000000000178, 0.1499999999999895861 ) ) ;
#4391 = ORIENTED_EDGE ( 'NONE', *, *, #6710, .F. ) ;
#4392 = EDGE_LOOP ( 'NONE', ( #1000, #904, #6686, #4281 ) ) ;
#4393 = UNCERTAINTY_MEASURE_WITH_UNIT (LENGTH_MEASURE( 1.000000000000000082E-05 ), #2109, 'distance_accuracy_value', 'NONE');
#4394 = CARTESIAN_POINT ( 'NONE',  ( 0.6989513836793942447, -0.9578422717728222180, 1.299999999999983835 ) ) ;
#4395 = FACE_OUTER_BOUND ( 'NONE', #7083, .T. ) ;
#4396 = VERTEX_POINT ( 'NONE', #5565 ) ;
#4397 = FILL_AREA_STYLE ('',( #5819 ) ) ;
#4398 = AXIS2_PLACEMENT_3D ( 'NONE', #661, #3882, #2651 ) ;
#4399 =( NAMED_UNIT ( * ) PLANE_ANGLE_UNIT ( ) SI_UNIT ( $, .RADIAN. ) );
#4400 = ORIENTED_EDGE ( 'NONE', *, *, #2283, .T. ) ;
#4401 = CARTESIAN_POINT ( 'NONE',  ( -1.899999999999999689, -0.6249999999999951150, 0.2000000000000000111 ) ) ;
#4402 = UNCERTAINTY_MEASURE_WITH_UNIT (LENGTH_MEASURE( 1.000000000000000082E-05 ), #7889, 'distance_accuracy_value', 'NONE');
#4403 = CARTESIAN_POINT ( 'NONE',  ( -1.574999999999999956, 0.3799999999999988387, 0.05000000000000000278 ) ) ;
#4404 = DIRECTION ( 'NONE',  ( -1.000000000000000000, 0.000000000000000000, 0.000000000000000000 ) ) ;
#4405 = UNCERTAINTY_MEASURE_WITH_UNIT (LENGTH_MEASURE( 1.000000000000000082E-05 ), #1131, 'distance_accuracy_value', 'NONE');
#4406 = CARTESIAN_POINT ( 'NONE',  ( -1.774999999999999467, 0.9499999999999997335, 0.5999999999999994227 ) ) ;
#4407 = CYLINDRICAL_SURFACE ( 'NONE', #4305, 0.2500000000000002220 ) ;
#4408 = DIRECTION ( 'NONE',  ( -1.000000000000000000, 0.000000000000000000, 2.081668171172165989E-14 ) ) ;
#4409 = ORIENTED_EDGE ( 'NONE', *, *, #1242, .F. ) ;
#4410 = SURFACE_SIDE_STYLE ('',( #3801 ) ) ;
#4411 = VECTOR ( 'NONE', #4469, 1000.000000000000000 ) ;
#4412 = ADVANCED_FACE ( 'NONE', ( #1667 ), #4287, .F. ) ;
#4413 = CARTESIAN_POINT ( 'NONE',  ( 2.074999999999998845, -0.6250000000000004441, 1.299999999999998934 ) ) ;
#4414 = SURFACE_SIDE_STYLE ('',( #5697 ) ) ;
#4415 = LINE ( 'NONE', #1876, #5179 ) ;
#4416 = VECTOR ( 'NONE', #2618, 1000.000000000000000 ) ;
#4417 = UNCERTAINTY_MEASURE_WITH_UNIT (LENGTH_MEASURE( 1.000000000000000082E-05 ), #1393, 'distance_accuracy_value', 'NONE');
#4418 = ORIENTED_EDGE ( 'NONE', *, *, #7378, .F. ) ;
#4419 = EDGE_LOOP ( 'NONE', ( #843, #4527, #509, #787 ) ) ;
#4420 = ORIENTED_EDGE ( 'NONE', *, *, #2500, .T. ) ;
#4421 = MECHANICAL_DESIGN_GEOMETRIC_PRESENTATION_REPRESENTATION (  '', ( #1810 ), #7347 ) ;
#4422 = SURFACE_STYLE_FILL_AREA ( #447 ) ;
#4423 = COLOUR_RGB ( '',0.8431372549019607865, 0.8156862745098039102, 0.7529411764705882248 ) ;
#4424 = CARTESIAN_POINT ( 'NONE',  ( -1.499999999999999778, -1.150000000000000355, 0.5999999999999999778 ) ) ;
#4425 = FACE_OUTER_BOUND ( 'NONE', #332, .T. ) ;
#4426 = LINE ( 'NONE', #6409, #765 ) ;
#4427 = DIRECTION ( 'NONE',  ( -0.000000000000000000, -0.000000000000000000, -1.000000000000000000 ) ) ;
#4428 = MECHANICAL_DESIGN_GEOMETRIC_PRESENTATION_REPRESENTATION (  '', ( #6355 ), #2086 ) ;
#4429 = ORIENTED_EDGE ( 'NONE', *, *, #2981, .T. ) ;
#4430 = SURFACE_STYLE_FILL_AREA ( #7764 ) ;
#4431 = VERTEX_POINT ( 'NONE', #3725 ) ;
#4432 = CYLINDRICAL_SURFACE ( 'NONE', #1312, 0.1000000000000000472 ) ;
#4433 = EDGE_LOOP ( 'NONE', ( #3685, #1554, #4692, #4336 ) ) ;
#4434 = PLANE ( 'NONE',  #1747 ) ;
#4435 = ORIENTED_EDGE ( 'NONE', *, *, #4055, .F. ) ;
#4436 =( LENGTH_UNIT ( ) NAMED_UNIT ( * ) SI_UNIT ( .MILLI., .METRE. ) );
#4437 = CARTESIAN_POINT ( 'NONE',  ( -0.8500000000000005329, 2.250000000000000444, 0.4499999999999997335 ) ) ;
#4438 =( NAMED_UNIT ( * ) SI_UNIT ( $, .STERADIAN. ) SOLID_ANGLE_UNIT ( ) );
#4439 = DIRECTION ( 'NONE',  ( 0.000000000000000000, 0.000000000000000000, 1.000000000000000000 ) ) ;
#4440 = FACE_OUTER_BOUND ( 'NONE', #2791, .T. ) ;
#4441 = ADVANCED_FACE ( 'NONE', ( #5663 ), #577, .F. ) ;
#4442 = DIRECTION ( 'NONE',  ( 0.000000000000000000, 0.000000000000000000, -1.000000000000000000 ) ) ;
#4443 = CIRCLE ( 'NONE', #6226, 0.1000000000000000472 ) ;
#4444 = CARTESIAN_POINT ( 'NONE',  ( 1.574999999999999289, 1.150000000000000133, 1.199999999999999512 ) ) ;
#4445 =( NAMED_UNIT ( * ) PLANE_ANGLE_UNIT ( ) SI_UNIT ( $, .RADIAN. ) );
#4446 = PLANE ( 'NONE',  #2354 ) ;
#4447 = CYLINDRICAL_SURFACE ( 'NONE', #5941, 0.09999999999999999167 ) ;
#4448 = ORIENTED_EDGE ( 'NONE', *, *, #8246, .F. ) ;
#4449 = DIRECTION ( 'NONE',  ( -8.340016711426956274E-16, -1.000000000000000000, 0.000000000000000000 ) ) ;
#4450 = ORIENTED_EDGE ( 'NONE', *, *, #4146, .T. ) ;
#4451 = PRESENTATION_LAYER_ASSIGNMENT (  '', '', ( #5390 ) ) ;
#4452 = SURFACE_SIDE_STYLE ('',( #5218 ) ) ;
#4453 =( NAMED_UNIT ( * ) PLANE_ANGLE_UNIT ( ) SI_UNIT ( $, .RADIAN. ) );
#4454 =( LENGTH_UNIT ( ) NAMED_UNIT ( * ) SI_UNIT ( .MILLI., .METRE. ) );
#4455 = SURFACE_STYLE_USAGE ( .BOTH. , #7693 ) ;
#4456 = CIRCLE ( 'NONE', #5967, 0.2999999999999998224 ) ;
#4457 = FILL_AREA_STYLE ('',( #7799 ) ) ;
#4458 = EDGE_LOOP ( 'NONE', ( #4420, #1853, #3542 ) ) ;
#4459 = EDGE_CURVE ( 'NONE', #7185, #6674, #3216, .T. ) ;
#4460 = ORIENTED_EDGE ( 'NONE', *, *, #2856, .F. ) ;
#4461 = MECHANICAL_DESIGN_GEOMETRIC_PRESENTATION_REPRESENTATION (  '', ( #2679 ), #6951 ) ;
#4462 = CIRCLE ( 'NONE', #5270, 0.1000000000000000472 ) ;
#4463 = DIRECTION ( 'NONE',  ( 0.000000000000000000, 0.000000000000000000, 1.000000000000000000 ) ) ;
#4464 = DIRECTION ( 'NONE',  ( -1.070816960479510870E-16, 1.000000000000000000, -0.000000000000000000 ) ) ;
#4465 = CARTESIAN_POINT ( 'NONE',  ( -1.450000000000003952, 1.149999999999999689, 1.799999999999999822 ) ) ;
#4466 = CARTESIAN_POINT ( 'NONE',  ( -1.375000000000024869, -1.150000000000000355, -1.040834085586005371E-14 ) ) ;
#4467 =( LENGTH_UNIT ( ) NAMED_UNIT ( * ) SI_UNIT ( .MILLI., .METRE. ) );
#4468 = VECTOR ( 'NONE', #6886, 1000.000000000000000 ) ;
#4469 = DIRECTION ( 'NONE',  ( -1.070816960479510870E-16, 1.000000000000000000, -0.000000000000000000 ) ) ;
#4470 =( GEOMETRIC_REPRESENTATION_CONTEXT ( 3 ) GLOBAL_UNCERTAINTY_ASSIGNED_CONTEXT ( ( #7305 ) ) GLOBAL_UNIT_ASSIGNED_CONTEXT ( ( #7572, #3607, #3525 ) ) REPRESENTATION_CONTEXT ( 'NONE', 'WORKASPACE' ) );
#4471 = VERTEX_POINT ( 'NONE', #407 ) ;
#4472 =( NAMED_UNIT ( * ) PLANE_ANGLE_UNIT ( ) SI_UNIT ( $, .RADIAN. ) );
#4473 = STYLED_ITEM ( 'NONE', ( #2648 ), #5809 ) ;
#4474 = VECTOR ( 'NONE', #7072, 1000.000000000000000 ) ;
#4475 = ORIENTED_EDGE ( 'NONE', *, *, #7105, .F. ) ;
#4476 = VERTEX_POINT ( 'NONE', #5835 ) ;
#4477 = CARTESIAN_POINT ( 'NONE',  ( 2.075000000000000622, 0.4799999999999999267, 0.3999999999999999667 ) ) ;
#4478 = CARTESIAN_POINT ( 'NONE',  ( 1.899999999999999689, -0.8250000000000002887, 0.2000000000000000111 ) ) ;
#4479 = VERTEX_POINT ( 'NONE', #718 ) ;
#4480 = CARTESIAN_POINT ( 'NONE',  ( 1.000000000000000000, 0.9500000000000000666, 0.4999999999999995559 ) ) ;
#4481 = VECTOR ( 'NONE', #1359, 1000.000000000000000 ) ;
#4482 = SURFACE_STYLE_USAGE ( .BOTH. , #2426 ) ;
#4483 = CYLINDRICAL_SURFACE ( 'NONE', #6737, 0.1999999999999999833 ) ;
#4484 = VERTEX_POINT ( 'NONE', #2365 ) ;
#4485 = CARTESIAN_POINT ( 'NONE',  ( 1.474999999999999423, 1.250000000000000000, 0.5999999999999994227 ) ) ;
#4486 = AXIS2_PLACEMENT_3D ( 'NONE', #6865, #2239, #6078 ) ;
#4487 = FILL_AREA_STYLE ('',( #1862 ) ) ;
#4488 = EDGE_CURVE ( 'NONE', #688, #5989, #1, .T. ) ;
#4489 = DIRECTION ( 'NONE',  ( 1.000000000000000000, 1.070816960479510870E-16, 0.000000000000000000 ) ) ;
#4490 = SURFACE_STYLE_USAGE ( .BOTH. , #3161 ) ;
#4491 = CARTESIAN_POINT ( 'NONE',  ( 2.175000000000000266, 0.9500000000000001776, 1.399999999999998357 ) ) ;
#4492 = COLOUR_RGB ( '',0.8431372549019607865, 0.8156862745098039102, 0.7529411764705882248 ) ;
#4493 = CIRCLE ( 'NONE', #5033, 0.1000000000000000472 ) ;
#4494 =( NAMED_UNIT ( * ) SI_UNIT ( $, .STERADIAN. ) SOLID_ANGLE_UNIT ( ) );
#4495 = VECTOR ( 'NONE', #8314, 1000.000000000000000 ) ;
#4496 =( GEOMETRIC_REPRESENTATION_CONTEXT ( 3 ) GLOBAL_UNCERTAINTY_ASSIGNED_CONTEXT ( ( #3109 ) ) GLOBAL_UNIT_ASSIGNED_CONTEXT ( ( #784, #1351, #6741 ) ) REPRESENTATION_CONTEXT ( 'NONE', 'WORKASPACE' ) );
#4497 = DIRECTION ( 'NONE',  ( -1.000000000000000000, -1.070816960479510870E-16, -5.421010862427523156E-16 ) ) ;
#4498 = ADVANCED_FACE ( 'NONE', ( #7974 ), #5260, .F. ) ;
#4499 = EDGE_CURVE ( 'NONE', #7954, #4773, #8594, .T. ) ;
#4500 = DIRECTION ( 'NONE',  ( -1.000000000000000000, 0.000000000000000000, 0.000000000000000000 ) ) ;
#4501 = EDGE_CURVE ( 'NONE', #8341, #3098, #1962, .T. ) ;
#4502 = CARTESIAN_POINT ( 'NONE',  ( -0.8499999999999999778, 0.2499999999999997780, -0.3000000000000000444 ) ) ;
#4503 = STYLED_ITEM ( 'NONE', ( #4962 ), #1119 ) ;
#4504 = MECHANICAL_DESIGN_GEOMETRIC_PRESENTATION_REPRESENTATION (  '', ( #7566 ), #2984 ) ;
#4505 = MECHANICAL_DESIGN_GEOMETRIC_PRESENTATION_REPRESENTATION (  '', ( #8564 ), #5581 ) ;
#4506 = UNCERTAINTY_MEASURE_WITH_UNIT (LENGTH_MEASURE( 1.000000000000000082E-05 ), #1966, 'distance_accuracy_value', 'NONE');
#4507 =( GEOMETRIC_REPRESENTATION_CONTEXT ( 3 ) GLOBAL_UNCERTAINTY_ASSIGNED_CONTEXT ( ( #8193 ) ) GLOBAL_UNIT_ASSIGNED_CONTEXT ( ( #3352, #4575, #1902 ) ) REPRESENTATION_CONTEXT ( 'NONE', 'WORKASPACE' ) );
#4508 = DIRECTION ( 'NONE',  ( 1.070816960479510993E-16, -1.000000000000000000, -0.000000000000000000 ) ) ;
#4509 = EDGE_LOOP ( 'NONE', ( #6893, #1812, #5185, #8041, #2563, #1805, #3337, #67, #6821, #2168 ) ) ;
#4510 = ORIENTED_EDGE ( 'NONE', *, *, #6230, .T. ) ;
#4511 =( GEOMETRIC_REPRESENTATION_CONTEXT ( 3 ) GLOBAL_UNCERTAINTY_ASSIGNED_CONTEXT ( ( #433 ) ) GLOBAL_UNIT_ASSIGNED_CONTEXT ( ( #1197, #8506, #6500 ) ) REPRESENTATION_CONTEXT ( 'NONE', 'WORKASPACE' ) );
#4512 = DIRECTION ( 'NONE',  ( -9.531447670202286736E-17, 1.000000000000000000, -0.000000000000000000 ) ) ;
#4513 = SURFACE_SIDE_STYLE ('',( #7172 ) ) ;
#4514 = ADVANCED_FACE ( 'NONE', ( #3374 ), #6051, .F. ) ;
#4515 = PRESENTATION_STYLE_ASSIGNMENT (( #7850 ) ) ;
#4516 = UNCERTAINTY_MEASURE_WITH_UNIT (LENGTH_MEASURE( 1.000000000000000082E-05 ), #560, 'distance_accuracy_value', 'NONE');
#4517 = VECTOR ( 'NONE', #7689, 1000.000000000000000 ) ;
#4518 =( GEOMETRIC_REPRESENTATION_CONTEXT ( 3 ) GLOBAL_UNCERTAINTY_ASSIGNED_CONTEXT ( ( #7740 ) ) GLOBAL_UNIT_ASSIGNED_CONTEXT ( ( #887, #232, #4023 ) ) REPRESENTATION_CONTEXT ( 'NONE', 'WORKASPACE' ) );
#4519 = DIRECTION ( 'NONE',  ( 0.000000000000000000, 6.862039066364035213E-17, 1.000000000000000000 ) ) ;
#4520 = EDGE_LOOP ( 'NONE', ( #888, #6286, #5529, #2854, #1827, #8571, #908, #2874, #993, #1659, #3068, #5371 ) ) ;
#4521 = CARTESIAN_POINT ( 'NONE',  ( -2.275000000000000355, 0.3799999999999995604, 0.3999999999999986899 ) ) ;
#4522 = CARTESIAN_POINT ( 'NONE',  ( 1.574999999999999512, 1.350000000000000089, 1.299999999999999600 ) ) ;
#4523 = DIRECTION ( 'NONE',  ( -1.084202172485504237E-15, -1.160982074886210068E-31, 1.000000000000000000 ) ) ;
#4524 = CIRCLE ( 'NONE', #799, 0.1000000000000000472 ) ;
#4525 = CARTESIAN_POINT ( 'NONE',  ( 1.874999999999999556, 1.250000000000000000, 1.199999999999999512 ) ) ;
#4526 = EDGE_CURVE ( 'NONE', #945, #8559, #4670, .T. ) ;
#4527 = ORIENTED_EDGE ( 'NONE', *, *, #7593, .F. ) ;
#4528 = ORIENTED_EDGE ( 'NONE', *, *, #2219, .F. ) ;
#4529 = PLANE ( 'NONE',  #8282 ) ;
#4530 = VERTEX_POINT ( 'NONE', #2741 ) ;
#4531 =( NAMED_UNIT ( * ) SI_UNIT ( $, .STERADIAN. ) SOLID_ANGLE_UNIT ( ) );
#4532 = COLOUR_RGB ( '',0.8509803921568627194, 0.8509803921568627194, 0.8509803921568627194 ) ;
#4533 =( NAMED_UNIT ( * ) PLANE_ANGLE_UNIT ( ) SI_UNIT ( $, .RADIAN. ) );
#4534 =( GEOMETRIC_REPRESENTATION_CONTEXT ( 3 ) GLOBAL_UNCERTAINTY_ASSIGNED_CONTEXT ( ( #181 ) ) GLOBAL_UNIT_ASSIGNED_CONTEXT ( ( #1434, #4045, #2779 ) ) REPRESENTATION_CONTEXT ( 'NONE', 'WORKASPACE' ) );
#4535 = DIRECTION ( 'NONE',  ( 1.070816960479510993E-16, -1.000000000000000000, 2.189528850507527159E-47 ) ) ;
#4536 = EDGE_LOOP ( 'NONE', ( #4972, #6787, #1186, #8108 ) ) ;
#4537 = DIRECTION ( 'NONE',  ( -1.000000000000000000, 0.000000000000000000, -1.734723475976796445E-15 ) ) ;
#4538 = FILL_AREA_STYLE ('',( #5333 ) ) ;
#4539 = FILL_AREA_STYLE ('',( #6644 ) ) ;
#4540 = DIRECTION ( 'NONE',  ( 1.070816960479511117E-16, -1.000000000000000000, -0.000000000000000000 ) ) ;
#4541 = DIRECTION ( 'NONE',  ( -1.070816960479510993E-16, 1.000000000000000000, 0.000000000000000000 ) ) ;
#4542 = EDGE_CURVE ( 'NONE', #6674, #6944, #850, .T. ) ;
#4543 = FILL_AREA_STYLE_COLOUR ( '', #4011 ) ;
#4544 = ORIENTED_EDGE ( 'NONE', *, *, #2226, .T. ) ;
#4545 = SURFACE_STYLE_USAGE ( .BOTH. , #7931 ) ;
#4546 = EDGE_LOOP ( 'NONE', ( #3125, #4510, #7721, #413 ) ) ;
#4547 = PRESENTATION_STYLE_ASSIGNMENT (( #1957 ) ) ;
#4548 =( GEOMETRIC_REPRESENTATION_CONTEXT ( 3 ) GLOBAL_UNCERTAINTY_ASSIGNED_CONTEXT ( ( #3034 ) ) GLOBAL_UNIT_ASSIGNED_CONTEXT ( ( #4919, #1135, #8535 ) ) REPRESENTATION_CONTEXT ( 'NONE', 'WORKASPACE' ) );
#4549 = CARTESIAN_POINT ( 'NONE',  ( -1.874999999999998002, -1.150000000000000355, 0.5999999999999999778 ) ) ;
#4550 = SURFACE_STYLE_FILL_AREA ( #2690 ) ;
#4551 = CARTESIAN_POINT ( 'NONE',  ( 1.574999999999999734, 0.3799999999999992828, -0.04999999999999999584 ) ) ;
#4552 =( NAMED_UNIT ( * ) PLANE_ANGLE_UNIT ( ) SI_UNIT ( $, .RADIAN. ) );
#4553 = EDGE_CURVE ( 'NONE', #4907, #937, #4786, .T. ) ;
#4554 = EDGE_CURVE ( 'NONE', #1126, #7345, #8188, .T. ) ;
#4555 = DIRECTION ( 'NONE',  ( 1.000000000000000000, 1.070816960479510993E-16, 0.000000000000000000 ) ) ;
#4556 = ORIENTED_EDGE ( 'NONE', *, *, #1708, .T. ) ;
#4557 = ORIENTED_EDGE ( 'NONE', *, *, #8164, .F. ) ;
#4558 = ORIENTED_EDGE ( 'NONE', *, *, #8452, .F. ) ;
#4559 = CYLINDRICAL_SURFACE ( 'NONE', #5726, 0.09999999999999982514 ) ;
#4560 = ADVANCED_FACE ( 'NONE', ( #8020 ), #8105, .T. ) ;
#4561 = AXIS2_PLACEMENT_3D ( 'NONE', #831, #8134, #85 ) ;
#4562 = CARTESIAN_POINT ( 'NONE',  ( 0.8499999999999999778, 0.2499999999999997780, -0.4000000000000000222 ) ) ;
#4564 = UNCERTAINTY_MEASURE_WITH_UNIT (LENGTH_MEASURE( 1.000000000000000082E-05 ), #7588, 'distance_accuracy_value', 'NONE');
#4563 = DIRECTION ( 'NONE',  ( 0.000000000000000000, 0.000000000000000000, -1.000000000000000000 ) ) ;
#4565 = CARTESIAN_POINT ( 'NONE',  ( 1.474999999999999423, 1.350000000000000089, 0.5999999999999994227 ) ) ;
#4566 = FILL_AREA_STYLE ('',( #4637 ) ) ;
#4567 =( GEOMETRIC_REPRESENTATION_CONTEXT ( 3 ) GLOBAL_UNCERTAINTY_ASSIGNED_CONTEXT ( ( #251 ) ) GLOBAL_UNIT_ASSIGNED_CONTEXT ( ( #6724, #2797, #5981 ) ) REPRESENTATION_CONTEXT ( 'NONE', 'WORKASPACE' ) );
#4568 = CARTESIAN_POINT ( 'NONE',  ( -2.024999999999999467, 1.149999999999999689, 1.800000000000000044 ) ) ;
#4569 = ORIENTED_EDGE ( 'NONE', *, *, #1075, .F. ) ;
#4570 =( NAMED_UNIT ( * ) SI_UNIT ( $, .STERADIAN. ) SOLID_ANGLE_UNIT ( ) );
#4571 = SURFACE_STYLE_FILL_AREA ( #8509 ) ;
#4572 = SURFACE_STYLE_FILL_AREA ( #2640 ) ;
#4573 = EDGE_LOOP ( 'NONE', ( #7755, #3008, #4933, #3356, #3804, #211, #5361, #4005 ) ) ;
#4574 = COLOUR_RGB ( '',0.8509803921568627194, 0.8509803921568627194, 0.8509803921568627194 ) ;
#4575 =( NAMED_UNIT ( * ) PLANE_ANGLE_UNIT ( ) SI_UNIT ( $, .RADIAN. ) );
#4576 = ORIENTED_EDGE ( 'NONE', *, *, #2716, .T. ) ;
#4577 =( NAMED_UNIT ( * ) PLANE_ANGLE_UNIT ( ) SI_UNIT ( $, .RADIAN. ) );
#4578 = DIRECTION ( 'NONE',  ( -1.000000000000000000, -0.000000000000000000, -0.000000000000000000 ) ) ;
#4579 = PRESENTATION_STYLE_ASSIGNMENT (( #4482 ) ) ;
#4580 = FACE_OUTER_BOUND ( 'NONE', #6548, .T. ) ;
#4581 = LINE ( 'NONE', #6341, #244 ) ;
#4582 = ORIENTED_EDGE ( 'NONE', *, *, #5798, .F. ) ;
#4583 = CARTESIAN_POINT ( 'NONE',  ( -0.7058717852661396952, -1.149999999999999911, 0.4955507190333116041 ) ) ;
#4584 = AXIS2_PLACEMENT_3D ( 'NONE', #4947, #957, #1641 ) ;
#4585 = DIRECTION ( 'NONE',  ( -9.531447670202286736E-17, 1.000000000000000000, -1.984131124025319515E-30 ) ) ;
#4586 = DIRECTION ( 'NONE',  ( 0.000000000000000000, 0.000000000000000000, 1.000000000000000000 ) ) ;
#4587 = DIRECTION ( 'NONE',  ( 1.070816960479510993E-16, -1.000000000000000000, -0.000000000000000000 ) ) ;
#4588 = EDGE_LOOP ( 'NONE', ( #6561, #4145, #1947, #2063 ) ) ;
#4589 = CARTESIAN_POINT ( 'NONE',  ( -2.275000000000000355, 0.5799999999999995159, 0.000000000000000000 ) ) ;
#4590 = DIRECTION ( 'NONE',  ( 9.531447670202286736E-17, -1.000000000000000000, -0.000000000000000000 ) ) ;
#4591 = ORIENTED_EDGE ( 'NONE', *, *, #8035, .T. ) ;
#4592 = VECTOR ( 'NONE', #5969, 1000.000000000000000 ) ;
#4593 = CARTESIAN_POINT ( 'NONE',  ( -0.9500000000000005107, 2.349999999999999645, 1.249999999999999556 ) ) ;
#4594 = SURFACE_STYLE_FILL_AREA ( #4457 ) ;
#4595 = SURFACE_STYLE_FILL_AREA ( #5614 ) ;
#4596 = SURFACE_SIDE_STYLE ('',( #7346 ) ) ;
#4597 = SURFACE_STYLE_USAGE ( .BOTH. , #5389 ) ;
#4598 = MECHANICAL_DESIGN_GEOMETRIC_PRESENTATION_REPRESENTATION (  '', ( #7664 ), #315 ) ;
#4599 = EDGE_CURVE ( 'NONE', #6240, #6505, #2782, .T. ) ;
#4600 = EDGE_CURVE ( 'NONE', #5102, #6594, #4960, .T. ) ;
#4601 = SURFACE_SIDE_STYLE ('',( #3908 ) ) ;
#4602 =( GEOMETRIC_REPRESENTATION_CONTEXT ( 3 ) GLOBAL_UNCERTAINTY_ASSIGNED_CONTEXT ( ( #3305 ) ) GLOBAL_UNIT_ASSIGNED_CONTEXT ( ( #5242, #1750, #5054 ) ) REPRESENTATION_CONTEXT ( 'NONE', 'WORKASPACE' ) );
#4603 = ORIENTED_EDGE ( 'NONE', *, *, #2100, .F. ) ;
#4604 = LINE ( 'NONE', #2014, #6555 ) ;
#4605 = CARTESIAN_POINT ( 'NONE',  ( -2.174999999999994049, 0.9499999999999997335, 1.749999999999999334 ) ) ;
#4606 =( NAMED_UNIT ( * ) PLANE_ANGLE_UNIT ( ) SI_UNIT ( $, .RADIAN. ) );
#4607 = ORIENTED_EDGE ( 'NONE', *, *, #4642, .F. ) ;
#4608 =( GEOMETRIC_REPRESENTATION_CONTEXT ( 3 ) GLOBAL_UNCERTAINTY_ASSIGNED_CONTEXT ( ( #3765 ) ) GLOBAL_UNIT_ASSIGNED_CONTEXT ( ( #3571, #2371, #414 ) ) REPRESENTATION_CONTEXT ( 'NONE', 'WORKASPACE' ) );
#4609 =( GEOMETRIC_REPRESENTATION_CONTEXT ( 3 ) GLOBAL_UNCERTAINTY_ASSIGNED_CONTEXT ( ( #3044 ) ) GLOBAL_UNIT_ASSIGNED_CONTEXT ( ( #2780, #8103, #2129 ) ) REPRESENTATION_CONTEXT ( 'NONE', 'WORKASPACE' ) );
#4610 = ORIENTED_EDGE ( 'NONE', *, *, #1873, .T. ) ;
#4611 = LINE ( 'NONE', #7277, #6350 ) ;
#4612 = CARTESIAN_POINT ( 'NONE',  ( 1.774999999999999245, 1.150000000000000133, 0.5999999999999994227 ) ) ;
#4613 = DIRECTION ( 'NONE',  ( 1.734723475976807094E-14, 6.862039066364035213E-17, 1.000000000000000000 ) ) ;
#4614 = VECTOR ( 'NONE', #5274, 1000.000000000000000 ) ;
#4615 = AXIS2_PLACEMENT_3D ( 'NONE', #5712, #2406, #6234 ) ;
#4616 = ORIENTED_EDGE ( 'NONE', *, *, #4884, .F. ) ;
#4617 = CARTESIAN_POINT ( 'NONE',  ( 1.375000000000014433, -1.150000000000000355, 0.4955507190332683609 ) ) ;
#4618 = MECHANICAL_DESIGN_GEOMETRIC_PRESENTATION_REPRESENTATION (  '', ( #3510 ), #6964 ) ;
#4619 = VECTOR ( 'NONE', #2501, 1000.000000000000000 ) ;
#4620 = FACE_OUTER_BOUND ( 'NONE', #4333, .T. ) ;
#4621 = SURFACE_STYLE_FILL_AREA ( #8623 ) ;
#4622 = DIRECTION ( 'NONE',  ( 1.070816960479510993E-16, -1.000000000000000000, -0.000000000000000000 ) ) ;
#4623 = ORIENTED_EDGE ( 'NONE', *, *, #6170, .T. ) ;
#4624 = SURFACE_SIDE_STYLE ('',( #8533 ) ) ;
#4625 = CIRCLE ( 'NONE', #1178, 0.1000000000000000472 ) ;
#4626 = DIRECTION ( 'NONE',  ( 1.000000000000000000, 0.000000000000000000, 0.000000000000000000 ) ) ;
#4627 = CYLINDRICAL_SURFACE ( 'NONE', #4389, 0.1000000000000000472 ) ;
#4628 = PLANE ( 'NONE',  #2832 ) ;
#4629 = DIRECTION ( 'NONE',  ( -1.000000000000000000, 0.000000000000000000, 2.602085213965195259E-15 ) ) ;
#4630 = COLOUR_RGB ( '',0.8509803921568627194, 0.8509803921568627194, 0.8509803921568627194 ) ;
#4631 = AXIS2_PLACEMENT_3D ( 'NONE', #13, #766, #6671 ) ;
#4632 = FACE_OUTER_BOUND ( 'NONE', #313, .T. ) ;
#4633 = PRESENTATION_LAYER_ASSIGNMENT (  '', '', ( #780 ) ) ;
#4634 = COLOUR_RGB ( '',0.8509803921568627194, 0.8509803921568627194, 0.8509803921568627194 ) ;
#4635 = DIRECTION ( 'NONE',  ( -1.000000000000000000, 0.000000000000000000, 0.000000000000000000 ) ) ;
#4636 =( LENGTH_UNIT ( ) NAMED_UNIT ( * ) SI_UNIT ( .MILLI., .METRE. ) );
#4637 = FILL_AREA_STYLE_COLOUR ( '', #1209 ) ;
#4638 = DIRECTION ( 'NONE',  ( 0.000000000000000000, -1.000000000000000000, -0.000000000000000000 ) ) ;
#4639 = STYLED_ITEM ( 'NONE', ( #2149 ), #1937 ) ;
#4640 = ORIENTED_EDGE ( 'NONE', *, *, #4798, .F. ) ;
#4641 = FACE_OUTER_BOUND ( 'NONE', #1784, .T. ) ;
#4642 = EDGE_CURVE ( 'NONE', #2539, #6505, #6074, .T. ) ;
#4643 = FILL_AREA_STYLE_COLOUR ( '', #3092 ) ;
#4644 = SURFACE_STYLE_FILL_AREA ( #1459 ) ;
#4645 = EDGE_LOOP ( 'NONE', ( #5512, #301, #3816, #562, #1709, #2913, #8614, #7895 ) ) ;
#4646 = STYLED_ITEM ( 'NONE', ( #2407 ), #1970 ) ;
#4647 = ORIENTED_EDGE ( 'NONE', *, *, #3063, .F. ) ;
#4648 = LINE ( 'NONE', #1418, #6065 ) ;
#4649 = EDGE_CURVE ( 'NONE', #6924, #5317, #5803, .T. ) ;
#4650 = EDGE_CURVE ( 'NONE', #1674, #8097, #1092, .T. ) ;
#4651 = EDGE_CURVE ( 'NONE', #937, #4235, #7599, .T. ) ;
#4653 = VERTEX_POINT ( 'NONE', #393 ) ;
#4652 = VECTOR ( 'NONE', #1398, 1000.000000000000000 ) ;
#4654 = DIRECTION ( 'NONE',  ( 1.070816960479510870E-16, -1.000000000000000000, -0.000000000000000000 ) ) ;
#4655 = FACE_OUTER_BOUND ( 'NONE', #6756, .T. ) ;
#4656 = ORIENTED_EDGE ( 'NONE', *, *, #5268, .T. ) ;
#4657 = PRODUCT ( 'Áã¼þ1', 'Áã¼þ1', '', ( #2752 ) ) ;
#4658 = UNCERTAINTY_MEASURE_WITH_UNIT (LENGTH_MEASURE( 1.000000000000000082E-05 ), #665, 'distance_accuracy_value', 'NONE');
#4659 = ADVANCED_FACE ( 'NONE', ( #4957 ), #3028, .F. ) ;
#4660 = FILL_AREA_STYLE ('',( #2035 ) ) ;
#4661 = DIRECTION ( 'NONE',  ( -1.000000000000000000, -5.421010862427520198E-16, 0.000000000000000000 ) ) ;
#4662 = DIRECTION ( 'NONE',  ( 1.734723475976807094E-14, -4.102136664597944285E-30, 1.000000000000000000 ) ) ;
#4663 = PRESENTATION_STYLE_ASSIGNMENT (( #6081 ) ) ;
#4664 = CIRCLE ( 'NONE', #949, 0.05000000000000514450 ) ;
#4665 =( LENGTH_UNIT ( ) NAMED_UNIT ( * ) SI_UNIT ( .MILLI., .METRE. ) );
#4666 = CARTESIAN_POINT ( 'NONE',  ( -2.174999999999994049, 0.9499999999999997335, 1.749999999999999334 ) ) ;
#4667 =( NAMED_UNIT ( * ) PLANE_ANGLE_UNIT ( ) SI_UNIT ( $, .RADIAN. ) );
#4668 =( LENGTH_UNIT ( ) NAMED_UNIT ( * ) SI_UNIT ( .MILLI., .METRE. ) );
#4669 = SURFACE_STYLE_USAGE ( .BOTH. , #2049 ) ;
#4670 = LINE ( 'NONE', #4014, #6495 ) ;
#4671 = ORIENTED_EDGE ( 'NONE', *, *, #4241, .T. ) ;
#4672 =( GEOMETRIC_REPRESENTATION_CONTEXT ( 3 ) GLOBAL_UNCERTAINTY_ASSIGNED_CONTEXT ( ( #6761 ) ) GLOBAL_UNIT_ASSIGNED_CONTEXT ( ( #2199, #4079, #3445 ) ) REPRESENTATION_CONTEXT ( 'NONE', 'WORKASPACE' ) );
#4673 = ORIENTED_EDGE ( 'NONE', *, *, #7877, .F. ) ;
#4674 = EDGE_CURVE ( 'NONE', #862, #5020, #3067, .T. ) ;
#4675 = FILL_AREA_STYLE_COLOUR ( '', #7283 ) ;
#4676 = DIRECTION ( 'NONE',  ( -1.000000000000000000, 0.000000000000000000, 0.000000000000000000 ) ) ;
#4677 = CARTESIAN_POINT ( 'NONE',  ( -1.375000000000024869, 9.637352644315598941E-17, 2.895181201260515261E-14 ) ) ;
#4678 = VECTOR ( 'NONE', #3648, 1000.000000000000000 ) ;
#4679 = FILL_AREA_STYLE ('',( #8029 ) ) ;
#4680 = CARTESIAN_POINT ( 'NONE',  ( -1.574999999999999512, 1.249999999999999778, 1.199999999999999512 ) ) ;
#4681 =( LENGTH_UNIT ( ) NAMED_UNIT ( * ) SI_UNIT ( .MILLI., .METRE. ) );
#4682 = FILL_AREA_STYLE ('',( #59 ) ) ;
#4683 = SURFACE_STYLE_USAGE ( .BOTH. , #3346 ) ;
#4684 = PRESENTATION_LAYER_ASSIGNMENT (  '', '', ( #6195 ) ) ;
#4685 = DIRECTION ( 'NONE',  ( -1.000000000000000000, -1.070816960479510993E-16, 0.000000000000000000 ) ) ;
#4686 = ORIENTED_EDGE ( 'NONE', *, *, #6718, .F. ) ;
#4687 = ADVANCED_FACE ( 'NONE', ( #2436 ), #1686, .F. ) ;
#4688 = ORIENTED_EDGE ( 'NONE', *, *, #7472, .T. ) ;
#4689 =( LENGTH_UNIT ( ) NAMED_UNIT ( * ) SI_UNIT ( .MILLI., .METRE. ) );
#4690 = VERTEX_POINT ( 'NONE', #3887 ) ;
#4691 = FILL_AREA_STYLE_COLOUR ( '', #2166 ) ;
#4692 = ORIENTED_EDGE ( 'NONE', *, *, #4108, .F. ) ;
#4693 = CARTESIAN_POINT ( 'NONE',  ( -0.8499999999999999778, 0.2499999999999997780, 0.000000000000000000 ) ) ;
#4694 = FILL_AREA_STYLE_COLOUR ( '', #4752 ) ;
#4695 = CARTESIAN_POINT ( 'NONE',  ( -1.574999999999999512, 1.349999999999999867, 1.199999999999999512 ) ) ;
#4696 = SURFACE_STYLE_USAGE ( .BOTH. , #7967 ) ;
#4697 = PRESENTATION_LAYER_ASSIGNMENT (  '', '', ( #8220 ) ) ;
#4698 = DIRECTION ( 'NONE',  ( 0.000000000000000000, 0.000000000000000000, -1.000000000000000000 ) ) ;
#4699 = ORIENTED_EDGE ( 'NONE', *, *, #6554, .T. ) ;
#4700 =( NAMED_UNIT ( * ) PLANE_ANGLE_UNIT ( ) SI_UNIT ( $, .RADIAN. ) );
#4701 = EDGE_CURVE ( 'NONE', #7859, #7885, #6388, .T. ) ;
#4702 = FILL_AREA_STYLE ('',( #4006 ) ) ;
#4703 = ORIENTED_EDGE ( 'NONE', *, *, #3548, .F. ) ;
#4704 = PRESENTATION_LAYER_ASSIGNMENT (  '', '', ( #4285 ) ) ;
#4705 = DIRECTION ( 'NONE',  ( -1.000000000000000000, 0.000000000000000000, -1.734723475976796642E-15 ) ) ;
#4706 = LINE ( 'NONE', #5223, #4481 ) ;
#4707 = SURFACE_SIDE_STYLE ('',( #6131 ) ) ;
#4708 = ORIENTED_EDGE ( 'NONE', *, *, #566, .T. ) ;
#4709 = ORIENTED_EDGE ( 'NONE', *, *, #7094, .T. ) ;
#4710 = COLOUR_RGB ( '',0.8509803921568627194, 0.8509803921568627194, 0.8509803921568627194 ) ;
#4711 = CARTESIAN_POINT ( 'NONE',  ( 1.450000000000003730, 1.150000000000000133, 1.800000000000000044 ) ) ;
#4712 = SURFACE_STYLE_FILL_AREA ( #1367 ) ;
#4713 = VERTEX_POINT ( 'NONE', #476 ) ;
#4714 = LINE ( 'NONE', #6624, #4592 ) ;
#4715 = DIRECTION ( 'NONE',  ( 0.000000000000000000, 0.000000000000000000, 1.000000000000000000 ) ) ;
#4716 = PLANE ( 'NONE',  #673 ) ;
#4717 = DIRECTION ( 'NONE',  ( -1.000000000000000000, -0.000000000000000000, -0.000000000000000000 ) ) ;
#4718 = DIRECTION ( 'NONE',  ( 9.531447670202287969E-17, -1.000000000000000000, 0.000000000000000000 ) ) ;
#4719 = CARTESIAN_POINT ( 'NONE',  ( -1.499999999999999778, -1.325000000000000178, -1.040834085586084257E-14 ) ) ;
#4720 = ORIENTED_EDGE ( 'NONE', *, *, #757, .T. ) ;
#4721 = DIRECTION ( 'NONE',  ( 1.000000000000000000, 0.000000000000000000, -0.000000000000000000 ) ) ;
#4722 = CARTESIAN_POINT ( 'NONE',  ( 0.8499999999999992006, 2.250000000000000444, -4.095874873834126437E-16 ) ) ;
#4723 = FILL_AREA_STYLE ('',( #2069 ) ) ;
#4724 = LINE ( 'NONE', #4074, #390 ) ;
#4725 = ORIENTED_EDGE ( 'NONE', *, *, #1179, .F. ) ;
#4726 = FILL_AREA_STYLE ('',( #861 ) ) ;
#4727 = VECTOR ( 'NONE', #1585, 1000.000000000000000 ) ;
#4728 = STYLED_ITEM ( 'NONE', ( #3736 ), #2565 ) ;
#4729 = ORIENTED_EDGE ( 'NONE', *, *, #6920, .F. ) ;
#4730 = CARTESIAN_POINT ( 'NONE',  ( 0.8499999999999998668, 2.350000000000000089, 1.249999999999999556 ) ) ;
#4731 = PRESENTATION_LAYER_ASSIGNMENT (  '', '', ( #1023 ) ) ;
#4732 = LINE ( 'NONE', #8007, #1822 ) ;
#4733 = STYLED_ITEM ( 'NONE', ( #2739 ), #2811 ) ;
#4734 = LINE ( 'NONE', #2734, #5229 ) ;
#4735 = SURFACE_STYLE_FILL_AREA ( #4702 ) ;
#4736 = VERTEX_POINT ( 'NONE', #614 ) ;
#4737 =( NAMED_UNIT ( * ) SI_UNIT ( $, .STERADIAN. ) SOLID_ANGLE_UNIT ( ) );
#4738 = ADVANCED_FACE ( 'NONE', ( #2570 ), #4447, .T. ) ;
#4739 = ADVANCED_FACE ( 'NONE', ( #6438 ), #5784, .F. ) ;
#4740 = UNCERTAINTY_MEASURE_WITH_UNIT (LENGTH_MEASURE( 1.000000000000000082E-05 ), #3017, 'distance_accuracy_value', 'NONE');
#4741 = LINE ( 'NONE', #4090, #7754 ) ;
#4742 = CIRCLE ( 'NONE', #4615, 0.09999999999999999167 ) ;
#4743 = ORIENTED_EDGE ( 'NONE', *, *, #1738, .F. ) ;
#4744 = EDGE_CURVE ( 'NONE', #7345, #1715, #7067, .T. ) ;
#4745 =( GEOMETRIC_REPRESENTATION_CONTEXT ( 3 ) GLOBAL_UNCERTAINTY_ASSIGNED_CONTEXT ( ( #6045 ) ) GLOBAL_UNIT_ASSIGNED_CONTEXT ( ( #8555, #8422, #2548 ) ) REPRESENTATION_CONTEXT ( 'NONE', 'WORKASPACE' ) );
#4746 = ORIENTED_EDGE ( 'NONE', *, *, #4898, .F. ) ;
#4747 = EDGE_CURVE ( 'NONE', #2580, #5625, #5912, .T. ) ;
#4748 = ADVANCED_FACE ( 'NONE', ( #5249 ), #1993, .F. ) ;
#4749 = VERTEX_POINT ( 'NONE', #704 ) ;
#4750 = DIRECTION ( 'NONE',  ( -1.070816960479510993E-16, 1.000000000000000000, 0.000000000000000000 ) ) ;
#4751 =( NAMED_UNIT ( * ) PLANE_ANGLE_UNIT ( ) SI_UNIT ( $, .RADIAN. ) );
#4752 = COLOUR_RGB ( '',0.8509803921568627194, 0.8509803921568627194, 0.8509803921568627194 ) ;
#4753 = DIRECTION ( 'NONE',  ( 0.000000000000000000, 1.000000000000000000, 0.000000000000000000 ) ) ;
#4754 = VECTOR ( 'NONE', #8191, 1000.000000000000000 ) ;
#4755 = PRESENTATION_LAYER_ASSIGNMENT (  '', '', ( #1192 ) ) ;
#4756 =( NAMED_UNIT ( * ) PLANE_ANGLE_UNIT ( ) SI_UNIT ( $, .RADIAN. ) );
#4757 = SURFACE_STYLE_USAGE ( .BOTH. , #1411 ) ;
#4758 = VECTOR ( 'NONE', #1208, 1000.000000000000000 ) ;
#4760 = CARTESIAN_POINT ( 'NONE',  ( 1.899999999999999689, -0.7750000000000003553, 0.2000000000000000111 ) ) ;
#4759 = AXIS2_PLACEMENT_3D ( 'NONE', #7293, #36, #4626 ) ;
#4761 = VECTOR ( 'NONE', #4537, 1000.000000000000000 ) ;
#4762 = AXIS2_PLACEMENT_3D ( 'NONE', #5083, #5169, #1914 ) ;
#4763 = CARTESIAN_POINT ( 'NONE',  ( 1.899999999999999689, -0.6250000000000004441, 0.2000000000000000111 ) ) ;
#4764 = EDGE_CURVE ( 'NONE', #5199, #2930, #4732, .T. ) ;
#4765 =( LENGTH_UNIT ( ) NAMED_UNIT ( * ) SI_UNIT ( .MILLI., .METRE. ) );
#4766 = AXIS2_PLACEMENT_3D ( 'NONE', #2512, #7132, #1898 ) ;
#4767 =( LENGTH_UNIT ( ) NAMED_UNIT ( * ) SI_UNIT ( .MILLI., .METRE. ) );
#4768 = EDGE_CURVE ( 'NONE', #8150, #1631, #8353, .T. ) ;
#4769 = DIRECTION ( 'NONE',  ( 9.531447670202286736E-17, -1.000000000000000000, -0.000000000000000000 ) ) ;
#4770 = STYLED_ITEM ( 'NONE', ( #7222 ), #7942 ) ;
#4771 = ORIENTED_EDGE ( 'NONE', *, *, #4488, .T. ) ;
#4772 = FILL_AREA_STYLE_COLOUR ( '', #3568 ) ;
#4773 = VERTEX_POINT ( 'NONE', #7287 ) ;
#4774 = CARTESIAN_POINT ( 'NONE',  ( -1.499999999999999778, -0.6250000000000003331, 0.2000000000000000111 ) ) ;
#4775 = CARTESIAN_POINT ( 'NONE',  ( 2.024999999999999467, 0.9500000000000001776, 0.04999999999999991257 ) ) ;
#4776 =( NAMED_UNIT ( * ) SI_UNIT ( $, .STERADIAN. ) SOLID_ANGLE_UNIT ( ) );
#4777 = MECHANICAL_DESIGN_GEOMETRIC_PRESENTATION_REPRESENTATION (  '', ( #2312 ), #7013 ) ;
#4778 =( NAMED_UNIT ( * ) PLANE_ANGLE_UNIT ( ) SI_UNIT ( $, .RADIAN. ) );
#4779 = SURFACE_SIDE_STYLE ('',( #3493 ) ) ;
#4780 = ORIENTED_EDGE ( 'NONE', *, *, #1096, .T. ) ;
#4781 = LINE ( 'NONE', #6083, #8011 ) ;
#4782 = MECHANICAL_DESIGN_GEOMETRIC_PRESENTATION_REPRESENTATION (  '', ( #1084 ), #3288 ) ;
#4783 = FACE_OUTER_BOUND ( 'NONE', #4573, .T. ) ;
#4784 = CARTESIAN_POINT ( 'NONE',  ( 0.8499999999999999778, 0.2499999999999997780, -0.3000000000000000444 ) ) ;
#4785 = COLOUR_RGB ( '',0.8509803921568627194, 0.8509803921568627194, 0.8509803921568627194 ) ;
#4786 = LINE ( 'NONE', #134, #5499 ) ;
#4787 = EDGE_LOOP ( 'NONE', ( #6634, #6831, #7996, #3495 ) ) ;
#4788 = LINE ( 'NONE', #1524, #1328 ) ;
#4789 = CARTESIAN_POINT ( 'NONE',  ( 1.899999999999999689, -0.8250000000000002887, 0.2000000000000000111 ) ) ;
#4790 = ADVANCED_FACE ( 'NONE', ( #2162 ), #126, .T. ) ;
#4791 = ADVANCED_FACE ( 'NONE', ( #2772 ), #32, .F. ) ;
#4792 = SURFACE_STYLE_FILL_AREA ( #2097 ) ;
#4793 = FILL_AREA_STYLE ('',( #8073 ) ) ;
#4794 = SURFACE_STYLE_FILL_AREA ( #142 ) ;
#4795 = MECHANICAL_DESIGN_GEOMETRIC_PRESENTATION_REPRESENTATION (  '', ( #8320 ), #1925 ) ;
#4796 = CARTESIAN_POINT ( 'NONE',  ( 2.274999999999999023, -1.149999999999999911, 1.299999999999999156 ) ) ;
#4797 = VERTEX_POINT ( 'NONE', #1551 ) ;
#4798 = EDGE_CURVE ( 'NONE', #943, #3004, #4259, .T. ) ;
#4799 = CARTESIAN_POINT ( 'NONE',  ( 1.774999999999999467, 1.350000000000000311, 1.199999999999999512 ) ) ;
#4800 = PRESENTATION_STYLE_ASSIGNMENT (( #687 ) ) ;
#4801 = CARTESIAN_POINT ( 'NONE',  ( 0.8000000000000037081, 0.9499999999999999556, 1.749999999999999334 ) ) ;
#4802 = FILL_AREA_STYLE_COLOUR ( '', #3455 ) ;
#4803 = VECTOR ( 'NONE', #5890, 1000.000000000000000 ) ;
#4804 =( NAMED_UNIT ( * ) SI_UNIT ( $, .STERADIAN. ) SOLID_ANGLE_UNIT ( ) );
#4805 = VECTOR ( 'NONE', #206, 1000.000000000000000 ) ;
#4806 = ORIENTED_EDGE ( 'NONE', *, *, #7046, .F. ) ;
#4807 = CARTESIAN_POINT ( 'NONE',  ( -2.075000000000000178, 0.5799999999999994049, 0.2000000000000000111 ) ) ;
#4808 = FILL_AREA_STYLE_COLOUR ( '', #2411 ) ;
#4809 = CARTESIAN_POINT ( 'NONE',  ( 1.574999999999999512, 1.250000000000000000, 1.299999999999999600 ) ) ;
#4810 = EDGE_LOOP ( 'NONE', ( #297, #8375, #5945, #2940 ) ) ;
#4811 = DIRECTION ( 'NONE',  ( 2.096124200138641695E-14, -1.807003620809173892E-16, -1.000000000000000000 ) ) ;
#4812 = LINE ( 'NONE', #6867, #417 ) ;
#4813 =( NAMED_UNIT ( * ) SI_UNIT ( $, .STERADIAN. ) SOLID_ANGLE_UNIT ( ) );
#4814 = DIRECTION ( 'NONE',  ( 0.000000000000000000, 0.000000000000000000, 1.000000000000000000 ) ) ;
#4815 = STYLED_ITEM ( 'NONE', ( #4345 ), #4133 ) ;
#4816 =( NAMED_UNIT ( * ) PLANE_ANGLE_UNIT ( ) SI_UNIT ( $, .RADIAN. ) );
#4817 = VERTEX_POINT ( 'NONE', #339 ) ;
#4818 = SURFACE_STYLE_FILL_AREA ( #8098 ) ;
#4819 = AXIS2_PLACEMENT_3D ( 'NONE', #975, #2260, #308 ) ;
#4820 = UNCERTAINTY_MEASURE_WITH_UNIT (LENGTH_MEASURE( 1.000000000000000082E-05 ), #7771, 'distance_accuracy_value', 'NONE');
#4821 = CARTESIAN_POINT ( 'NONE',  ( 2.024999999999999911, 0.9000000000000002442, 0.000000000000000000 ) ) ;
#4822 = PLANE ( 'NONE',  #1183 ) ;
#4823 = MECHANICAL_DESIGN_GEOMETRIC_PRESENTATION_REPRESENTATION (  '', ( #6906 ), #5370 ) ;
#4824 = CARTESIAN_POINT ( 'NONE',  ( 1.375000000000024869, -1.150000000000000355, -1.040834085586005371E-14 ) ) ;
#4825 = VERTEX_POINT ( 'NONE', #6252 ) ;
#4826 = ORIENTED_EDGE ( 'NONE', *, *, #6842, .T. ) ;
#4827 = VECTOR ( 'NONE', #3624, 1000.000000000000000 ) ;
#4828 = DIRECTION ( 'NONE',  ( 1.000000000000000000, 0.000000000000000000, 0.000000000000000000 ) ) ;
#4829 = ORIENTED_EDGE ( 'NONE', *, *, #294, .F. ) ;
#4830 = DIRECTION ( 'NONE',  ( -1.000000000000000000, -0.000000000000000000, -0.000000000000000000 ) ) ;
#4831 =( LENGTH_UNIT ( ) NAMED_UNIT ( * ) SI_UNIT ( .MILLI., .METRE. ) );
#4832 = EDGE_LOOP ( 'NONE', ( #5717, #7078, #3029, #3838 ) ) ;
#4833 = DIRECTION ( 'NONE',  ( -0.000000000000000000, -0.000000000000000000, -1.000000000000000000 ) ) ;
#4834 = DIRECTION ( 'NONE',  ( -1.000000000000000000, 0.000000000000000000, 0.000000000000000000 ) ) ;
#4835 = EDGE_CURVE ( 'NONE', #1156, #7794, #7647, .T. ) ;
#4836 = CARTESIAN_POINT ( 'NONE',  ( -1.874999999999999556, 1.249999999999999778, 1.199999999999999512 ) ) ;
#4837 = LINE ( 'NONE', #8121, #7149 ) ;
#4838 = COLOUR_RGB ( '',0.8431372549019607865, 0.8156862745098039102, 0.7529411764705882248 ) ;
#4839 = DIRECTION ( 'NONE',  ( -1.000000000000000000, -0.000000000000000000, -0.000000000000000000 ) ) ;
#4840 = MECHANICAL_DESIGN_GEOMETRIC_PRESENTATION_REPRESENTATION (  '', ( #6928 ), #7372 ) ;
#4841 = VERTEX_POINT ( 'NONE', #7587 ) ;
#4842 = DIRECTION ( 'NONE',  ( 0.000000000000000000, -1.000000000000000000, 0.000000000000000000 ) ) ;
#4843 = FACE_OUTER_BOUND ( 'NONE', #4944, .T. ) ;
#4844 = EDGE_CURVE ( 'NONE', #5979, #2803, #8358, .T. ) ;
#4845 = DIRECTION ( 'NONE',  ( 1.000000000000000000, 0.000000000000000000, 0.000000000000000000 ) ) ;
#4846 = DIRECTION ( 'NONE',  ( 1.000000000000000000, 1.156482317317878874E-16, 0.000000000000000000 ) ) ;
#4847 = ORIENTED_EDGE ( 'NONE', *, *, #6934, .F. ) ;
#4848 = SURFACE_SIDE_STYLE ('',( #864 ) ) ;
#4849 = ORIENTED_EDGE ( 'NONE', *, *, #1509, .F. ) ;
#4850 = PLANE ( 'NONE',  #2980 ) ;
#4851 =( NAMED_UNIT ( * ) SI_UNIT ( $, .STERADIAN. ) SOLID_ANGLE_UNIT ( ) );
#4852 = DIRECTION ( 'NONE',  ( 1.000000000000000000, -1.070816960479510993E-16, 2.081668171172165989E-14 ) ) ;
#4853 = DIRECTION ( 'NONE',  ( -1.000000000000000000, 0.000000000000000000, 0.000000000000000000 ) ) ;
#4854 = ORIENTED_EDGE ( 'NONE', *, *, #4231, .T. ) ;
#4855 = EDGE_CURVE ( 'NONE', #4016, #1206, #8221, .T. ) ;
#4856 = ORIENTED_EDGE ( 'NONE', *, *, #6076, .T. ) ;
#4857 =( NAMED_UNIT ( * ) PLANE_ANGLE_UNIT ( ) SI_UNIT ( $, .RADIAN. ) );
#4858 = SURFACE_STYLE_FILL_AREA ( #8226 ) ;
#4859 = CIRCLE ( 'NONE', #2686, 0.1000000000000000472 ) ;
#4860 = AXIS2_PLACEMENT_3D ( 'NONE', #1104, #5707, #8413 ) ;
#4861 = DIRECTION ( 'NONE',  ( -0.000000000000000000, 1.000000000000000000, 0.000000000000000000 ) ) ;
#4862 = PRODUCT_DEFINITION_FORMATION_WITH_SPECIFIED_SOURCE ( 'ÈÎºÎ', '', #4657, .NOT_KNOWN. ) ;
#4863 = ORIENTED_EDGE ( 'NONE', *, *, #1697, .F. ) ;
#4864 = DIRECTION ( 'NONE',  ( -1.000000000000000000, 0.000000000000000000, 0.000000000000000000 ) ) ;
#4865 = VECTOR ( 'NONE', #22, 1000.000000000000000 ) ;
#4866 = VECTOR ( 'NONE', #3600, 1000.000000000000000 ) ;
#4867 = CARTESIAN_POINT ( 'NONE',  ( -1.574999999999999512, 1.349999999999999867, 1.299999999999999600 ) ) ;
#4868 = DIRECTION ( 'NONE',  ( 0.000000000000000000, 0.000000000000000000, -1.000000000000000000 ) ) ;
#4869 = FACE_OUTER_BOUND ( 'NONE', #3147, .T. ) ;
#4870 = SURFACE_SIDE_STYLE ('',( #3756 ) ) ;
#4871 =( NAMED_UNIT ( * ) SI_UNIT ( $, .STERADIAN. ) SOLID_ANGLE_UNIT ( ) );
#4872 = CARTESIAN_POINT ( 'NONE',  ( -1.899999999999999689, -0.6249999999999951150, 0.2000000000000000111 ) ) ;
#4873 =( GEOMETRIC_REPRESENTATION_CONTEXT ( 3 ) GLOBAL_UNCERTAINTY_ASSIGNED_CONTEXT ( ( #3943 ) ) GLOBAL_UNIT_ASSIGNED_CONTEXT ( ( #4767, #3283, #8616 ) ) REPRESENTATION_CONTEXT ( 'NONE', 'WORKASPACE' ) );
#4874 = VERTEX_POINT ( 'NONE', #2976 ) ;
#4875 = ORIENTED_EDGE ( 'NONE', *, *, #4599, .T. ) ;
#4876 = CARTESIAN_POINT ( 'NONE',  ( -1.574999999999998401, 0.3799999999999983946, 0.5999999999999984235 ) ) ;
#4877 = FILL_AREA_STYLE ('',( #365 ) ) ;
#4878 = VECTOR ( 'NONE', #3728, 1000.000000000000000 ) ;
#4879 = FILL_AREA_STYLE_COLOUR ( '', #6157 ) ;
#4880 = CARTESIAN_POINT ( 'NONE',  ( -1.899999999999999689, -1.150000000000000355, 1.199999999999991962 ) ) ;
#4881 = SURFACE_STYLE_FILL_AREA ( #281 ) ;
#4882 = DIRECTION ( 'NONE',  ( 0.000000000000000000, 0.000000000000000000, -1.000000000000000000 ) ) ;
#4883 = COLOUR_RGB ( '',0.8431372549019607865, 0.8156862745098039102, 0.7529411764705882248 ) ;
#4884 = EDGE_CURVE ( 'NONE', #6337, #5838, #5534, .T. ) ;
#4885 = CIRCLE ( 'NONE', #1880, 0.1000000000000000472 ) ;
#4886 = CIRCLE ( 'NONE', #4762, 0.09999999999999982514 ) ;
#4887 = ORIENTED_EDGE ( 'NONE', *, *, #3126, .F. ) ;
#4888 = CYLINDRICAL_SURFACE ( 'NONE', #470, 0.09999999999999982514 ) ;
#4889 = VERTEX_POINT ( 'NONE', #6868 ) ;
#4890 = SURFACE_STYLE_USAGE ( .BOTH. , #1543 ) ;
#4891 = CARTESIAN_POINT ( 'NONE',  ( 1.574999999999999289, 1.150000000000000133, 1.299999999999999600 ) ) ;
#4892 = ORIENTED_EDGE ( 'NONE', *, *, #2460, .T. ) ;
#4893 = VECTOR ( 'NONE', #7039, 1000.000000000000000 ) ;
#4894 = VECTOR ( 'NONE', #5221, 1000.000000000000000 ) ;
#4895 = STYLED_ITEM ( 'NONE', ( #7590 ), #6501 ) ;
#4896 = VECTOR ( 'NONE', #7136, 1000.000000000000000 ) ;
#4897 = EDGE_CURVE ( 'NONE', #1120, #4484, #2895, .T. ) ;
#4898 = EDGE_CURVE ( 'NONE', #415, #5317, #4302, .T. ) ;
#4899 = ORIENTED_EDGE ( 'NONE', *, *, #7464, .F. ) ;
#4900 = DIRECTION ( 'NONE',  ( 1.070816960479510993E-16, -1.000000000000000000, 0.000000000000000000 ) ) ;
#4901 = EDGE_CURVE ( 'NONE', #6337, #7802, #3616, .T. ) ;
#4902 = FACE_OUTER_BOUND ( 'NONE', #4380, .T. ) ;
#4903 = CARTESIAN_POINT ( 'NONE',  ( -1.000000000000000000, 0.3799999999999990608, 0.5000000000000003331 ) ) ;
#4904 = AXIS2_PLACEMENT_3D ( 'NONE', #5528, #1112, #249 ) ;
#4905 = DIRECTION ( 'NONE',  ( -1.000000000000000000, 0.000000000000000000, 0.000000000000000000 ) ) ;
#4906 =( GEOMETRIC_REPRESENTATION_CONTEXT ( 3 ) GLOBAL_UNCERTAINTY_ASSIGNED_CONTEXT ( ( #2433 ) ) GLOBAL_UNIT_ASSIGNED_CONTEXT ( ( #7304, #5970, #3982 ) ) REPRESENTATION_CONTEXT ( 'NONE', 'WORKASPACE' ) );
#4907 = VERTEX_POINT ( 'NONE', #3577 ) ;
#4908 = DIRECTION ( 'NONE',  ( -1.000000000000000000, 0.000000000000000000, 0.000000000000000000 ) ) ;
#4909 = ADVANCED_FACE ( 'NONE', ( #1033 ), #7486, .F. ) ;
#4910 = PLANE ( 'NONE',  #1230 ) ;
#4911 = SURFACE_STYLE_USAGE ( .BOTH. , #7543 ) ;
#4912 = VECTOR ( 'NONE', #6365, 1000.000000000000000 ) ;
#4913 = FILL_AREA_STYLE_COLOUR ( '', #6095 ) ;
#4914 =( NAMED_UNIT ( * ) PLANE_ANGLE_UNIT ( ) SI_UNIT ( $, .RADIAN. ) );
#4915 = ORIENTED_EDGE ( 'NONE', *, *, #3863, .F. ) ;
#4916 =( NAMED_UNIT ( * ) SI_UNIT ( $, .STERADIAN. ) SOLID_ANGLE_UNIT ( ) );
#4917 = AXIS2_PLACEMENT_3D ( 'NONE', #5216, #478, #4449 ) ;
#4918 = VECTOR ( 'NONE', #8061, 1000.000000000000000 ) ;
#4919 =( LENGTH_UNIT ( ) NAMED_UNIT ( * ) SI_UNIT ( .MILLI., .METRE. ) );
#4920 = DIRECTION ( 'NONE',  ( -0.000000000000000000, 0.000000000000000000, 1.000000000000000000 ) ) ;
#4921 = UNCERTAINTY_MEASURE_WITH_UNIT (LENGTH_MEASURE( 1.000000000000000082E-05 ), #5352, 'distance_accuracy_value', 'NONE');
#4922 = CARTESIAN_POINT ( 'NONE',  ( -0.9500000000000003997, 0.9499999999999998446, 1.349999999999999645 ) ) ;
#4923 = PRESENTATION_LAYER_ASSIGNMENT (  '', '', ( #5461 ) ) ;
#4924 = EDGE_CURVE ( 'NONE', #421, #6104, #6164, .T. ) ;
#4925 = ORIENTED_EDGE ( 'NONE', *, *, #42, .T. ) ;
#4926 = COLOUR_RGB ( '',0.8509803921568627194, 0.8509803921568627194, 0.8509803921568627194 ) ;
#4927 = DIRECTION ( 'NONE',  ( 1.000000000000000000, 0.000000000000000000, 0.000000000000000000 ) ) ;
#4928 = SURFACE_STYLE_FILL_AREA ( #3043 ) ;
#4929 = VECTOR ( 'NONE', #3574, 1000.000000000000000 ) ;
#4930 = CARTESIAN_POINT ( 'NONE',  ( -1.374999999999987121, -1.150000000000000355, 1.799999999999981171 ) ) ;
#4931 = CARTESIAN_POINT ( 'NONE',  ( 1.499999999999999778, -0.7750000000000002442, 1.779999999999980931 ) ) ;
#4932 = SURFACE_STYLE_FILL_AREA ( #1539 ) ;
#4933 = ORIENTED_EDGE ( 'NONE', *, *, #2476, .F. ) ;
#4934 = ORIENTED_EDGE ( 'NONE', *, *, #8049, .T. ) ;
#4935 = FILL_AREA_STYLE_COLOUR ( '', #6133 ) ;
#4936 = DIRECTION ( 'NONE',  ( -0.000000000000000000, -1.000000000000000000, -0.000000000000000000 ) ) ;
#4937 = PRESENTATION_LAYER_ASSIGNMENT (  '', '', ( #5075 ) ) ;
#4938 = ORIENTED_EDGE ( 'NONE', *, *, #3227, .F. ) ;
#4939 = SURFACE_SIDE_STYLE ('',( #7576 ) ) ;
#4940 = EDGE_LOOP ( 'NONE', ( #2987, #6486, #2178, #4647, #7077, #2776, #6452, #44 ) ) ;
#4941 = VERTEX_POINT ( 'NONE', #8431 ) ;
#4942 = CARTESIAN_POINT ( 'NONE',  ( -1.374999999999987121, -0.6250000000000002220, 1.799999999999981171 ) ) ;
#4943 = CARTESIAN_POINT ( 'NONE',  ( 0.5500000000000001554, 0.2499999999999998335, -0.4000000000000000222 ) ) ;
#4944 = EDGE_LOOP ( 'NONE', ( #2645, #7801, #650 ) ) ;
#4945 = DIRECTION ( 'NONE',  ( 2.710505431213761578E-16, 2.902455187215526265E-32, 1.000000000000000000 ) ) ;
#4946 = SURFACE_SIDE_STYLE ('',( #6783 ) ) ;
#4947 = CARTESIAN_POINT ( 'NONE',  ( -1.574999999999999067, 0.9499999999999997335, 1.199999999999998623 ) ) ;
#4948 = DIRECTION ( 'NONE',  ( 1.000000000000000000, 0.000000000000000000, 0.000000000000000000 ) ) ;
#4949 = STYLED_ITEM ( 'NONE', ( #8198 ), #5421 ) ;
#4950 = PRESENTATION_LAYER_ASSIGNMENT (  '', '', ( #7781 ) ) ;
#4951 = FILL_AREA_STYLE ('',( #838 ) ) ;
#4952 = EDGE_CURVE ( 'NONE', #8468, #7536, #8477, .T. ) ;
#4953 = CARTESIAN_POINT ( 'NONE',  ( 1.774999999999999245, 1.150000000000000133, 1.199999999999999512 ) ) ;
#4954 = CARTESIAN_POINT ( 'NONE',  ( -2.274999999999998135, -1.150000000000000355, 1.299999999999999156 ) ) ;
#4955 = EDGE_CURVE ( 'NONE', #6627, #2013, #3877, .T. ) ;
#4956 = COLOUR_RGB ( '',0.8431372549019607865, 0.8156862745098039102, 0.7529411764705882248 ) ;
#4957 = FACE_OUTER_BOUND ( 'NONE', #1428, .T. ) ;
#4958 = COLOUR_RGB ( '',0.8509803921568627194, 0.8509803921568627194, 0.8509803921568627194 ) ;
#4959 = DIRECTION ( 'NONE',  ( -1.070816960479510870E-16, 1.000000000000000000, -0.000000000000000000 ) ) ;
#4960 = CIRCLE ( 'NONE', #1267, 0.1000000000000000472 ) ;
#4961 = FILL_AREA_STYLE_COLOUR ( '', #1365 ) ;
#4962 = PRESENTATION_STYLE_ASSIGNMENT (( #6136 ) ) ;
#4963 = ORIENTED_EDGE ( 'NONE', *, *, #1542, .T. ) ;
#4964 = ORIENTED_EDGE ( 'NONE', *, *, #6662, .F. ) ;
#4965 = DIRECTION ( 'NONE',  ( 9.531447670202286736E-17, -1.000000000000000000, -0.000000000000000000 ) ) ;
#4966 = LINE ( 'NONE', #4322, #8573 ) ;
#4967 = COLOUR_RGB ( '',0.8431372549019607865, 0.8156862745098039102, 0.7529411764705882248 ) ;
#4968 = DIRECTION ( 'NONE',  ( -1.070816960479510870E-16, 1.000000000000000000, 0.000000000000000000 ) ) ;
#4969 = CARTESIAN_POINT ( 'NONE',  ( 1.774999999999999467, 1.350000000000000311, 1.299999999999999600 ) ) ;
#4970 =( NAMED_UNIT ( * ) PLANE_ANGLE_UNIT ( ) SI_UNIT ( $, .RADIAN. ) );
#4971 = CARTESIAN_POINT ( 'NONE',  ( -2.274999999999998579, 0.4799999999999995381, 0.4999999999999987232 ) ) ;
#4972 = ORIENTED_EDGE ( 'NONE', *, *, #1815, .T. ) ;
#4973 = CARTESIAN_POINT ( 'NONE',  ( 1.899999999999999689, -0.7750000000000003553, 0.2000000000000000111 ) ) ;
#4974 =( GEOMETRIC_REPRESENTATION_CONTEXT ( 3 ) GLOBAL_UNCERTAINTY_ASSIGNED_CONTEXT ( ( #5887 ) ) GLOBAL_UNIT_ASSIGNED_CONTEXT ( ( #4366, #1694, #4315 ) ) REPRESENTATION_CONTEXT ( 'NONE', 'WORKASPACE' ) );
#4975 = PLANE ( 'NONE',  #4904 ) ;
#4976 = ORIENTED_EDGE ( 'NONE', *, *, #3128, .T. ) ;
#4977 = ORIENTED_EDGE ( 'NONE', *, *, #1698, .T. ) ;
#4978 = DIRECTION ( 'NONE',  ( 0.000000000000000000, -1.000000000000000000, 0.000000000000000000 ) ) ;
#4979 = CARTESIAN_POINT ( 'NONE',  ( 1.474999999999999423, 1.350000000000000089, 0.5999999999999994227 ) ) ;
#4980 = ORIENTED_EDGE ( 'NONE', *, *, #8289, .F. ) ;
#4981 =( GEOMETRIC_REPRESENTATION_CONTEXT ( 3 ) GLOBAL_UNCERTAINTY_ASSIGNED_CONTEXT ( ( #3134 ) ) GLOBAL_UNIT_ASSIGNED_CONTEXT ( ( #4991, #2983, #6215 ) ) REPRESENTATION_CONTEXT ( 'NONE', 'WORKASPACE' ) );
#4982 = DIRECTION ( 'NONE',  ( 0.000000000000000000, -1.000000000000000000, 0.000000000000000000 ) ) ;
#4983 = SURFACE_STYLE_FILL_AREA ( #5533 ) ;
#4984 = PRESENTATION_STYLE_ASSIGNMENT (( #5632 ) ) ;
#4985 = DIRECTION ( 'NONE',  ( 1.070816960479510870E-16, -1.000000000000000000, 0.000000000000000000 ) ) ;
#4986 = ORIENTED_EDGE ( 'NONE', *, *, #7776, .F. ) ;
#4987 = DIRECTION ( 'NONE',  ( -1.070816960479510993E-16, 1.000000000000000000, 0.000000000000000000 ) ) ;
#4988 = FACE_OUTER_BOUND ( 'NONE', #2924, .T. ) ;
#4989 = DIRECTION ( 'NONE',  ( -1.000000000000000000, -1.070816960479510993E-16, 2.081668171172165989E-14 ) ) ;
#4990 = DIRECTION ( 'NONE',  ( 8.340016711426956274E-16, -1.000000000000000000, 0.000000000000000000 ) ) ;
#4991 =( LENGTH_UNIT ( ) NAMED_UNIT ( * ) SI_UNIT ( .MILLI., .METRE. ) );
#4992 = CARTESIAN_POINT ( 'NONE',  ( -2.174999999999994049, 0.9499999999999997335, 1.649999999999999245 ) ) ;
#4993 = AXIS2_PLACEMENT_3D ( 'NONE', #1243, #537, #7756 ) ;
#4994 = EDGE_LOOP ( 'NONE', ( #4253, #6937, #601, #6156 ) ) ;
#4995 = EDGE_CURVE ( 'NONE', #8544, #3971, #3569, .T. ) ;
#4996 = LINE ( 'NONE', #1734, #4517 ) ;
#4997 = EDGE_CURVE ( 'NONE', #1563, #3823, #7782, .T. ) ;
#4998 = PRESENTATION_LAYER_ASSIGNMENT (  '', '', ( #2679 ) ) ;
#4999 = CARTESIAN_POINT ( 'NONE',  ( -0.7999999999999963807, 1.149999999999999911, 1.749999999999999334 ) ) ;
#5000 = UNCERTAINTY_MEASURE_WITH_UNIT (LENGTH_MEASURE( 1.000000000000000082E-05 ), #2890, 'distance_accuracy_value', 'NONE');
#5001 = FACE_OUTER_BOUND ( 'NONE', #4810, .T. ) ;
#5002 = EDGE_CURVE ( 'NONE', #1102, #8150, #3835, .T. ) ;
#5003 = ADVANCED_FACE ( 'NONE', ( #5775 ), #5857, .F. ) ;
#5004 = ORIENTED_EDGE ( 'NONE', *, *, #880, .F. ) ;
#5005 = STYLED_ITEM ( 'NONE', ( #5189 ), #7223 ) ;
#5006 = VECTOR ( 'NONE', #5865, 1000.000000000000000 ) ;
#5007 = ORIENTED_EDGE ( 'NONE', *, *, #4241, .F. ) ;
#5008 = PRESENTATION_LAYER_ASSIGNMENT (  '', '', ( #1027 ) ) ;
#5009 =( LENGTH_UNIT ( ) NAMED_UNIT ( * ) SI_UNIT ( .MILLI., .METRE. ) );
#5010 = VECTOR ( 'NONE', #1841, 1000.000000000000000 ) ;
#5011 = LINE ( 'NONE', #8371, #3920 ) ;
#5012 = CARTESIAN_POINT ( 'NONE',  ( -1.899999999999999689, -1.325000000000000178, -1.040834085586084257E-14 ) ) ;
#5013 = UNCERTAINTY_MEASURE_WITH_UNIT (LENGTH_MEASURE( 1.000000000000000082E-05 ), #296, 'distance_accuracy_value', 'NONE');
#5014 = EDGE_CURVE ( 'NONE', #3113, #6476, #558, .T. ) ;
#5015 = AXIS2_PLACEMENT_3D ( 'NONE', #7595, #8225, #964 ) ;
#5016 = ORIENTED_EDGE ( 'NONE', *, *, #6020, .F. ) ;
#5017 = VERTEX_POINT ( 'NONE', #7045 ) ;
#5018 = CARTESIAN_POINT ( 'NONE',  ( -0.6500000000000001332, 0.2499999999999997780, -0.4000000000000000222 ) ) ;
#5019 = LINE ( 'NONE', #3006, #4205 ) ;
#5020 = VERTEX_POINT ( 'NONE', #3151 ) ;
#5021 = VERTEX_POINT ( 'NONE', #4437 ) ;
#5022 = DIRECTION ( 'NONE',  ( 1.070816960479510870E-16, -1.000000000000000000, -0.000000000000000000 ) ) ;
#5023 =( GEOMETRIC_REPRESENTATION_CONTEXT ( 3 ) GLOBAL_UNCERTAINTY_ASSIGNED_CONTEXT ( ( #1137 ) ) GLOBAL_UNIT_ASSIGNED_CONTEXT ( ( #2729, #5209, #5334 ) ) REPRESENTATION_CONTEXT ( 'NONE', 'WORKASPACE' ) );
#5024 = CARTESIAN_POINT ( 'NONE',  ( 0.8499999999999998668, 2.250000000000000444, 1.249999999999999556 ) ) ;
#5025 = VECTOR ( 'NONE', #4717, 1000.000000000000000 ) ;
#5026 = ORIENTED_EDGE ( 'NONE', *, *, #7214, .F. ) ;
#5027 = CARTESIAN_POINT ( 'NONE',  ( -1.499999999999999778, -0.6250000000000003331, 1.199999999999983524 ) ) ;
#5028 = DIRECTION ( 'NONE',  ( -1.070816960479510993E-16, 1.000000000000000000, -0.000000000000000000 ) ) ;
#5029 = FILL_AREA_STYLE_COLOUR ( '', #3582 ) ;
#5030 = EDGE_CURVE ( 'NONE', #1760, #5838, #7087, .T. ) ;
#5031 = EDGE_LOOP ( 'NONE', ( #2024, #5813, #544, #4743, #5557 ) ) ;
#5032 = FILL_AREA_STYLE ('',( #7638 ) ) ;
#5033 = AXIS2_PLACEMENT_3D ( 'NONE', #1736, #3070, #3119 ) ;
#5034 = AXIS2_PLACEMENT_3D ( 'NONE', #961, #4987, #4908 ) ;
#5035 =( GEOMETRIC_REPRESENTATION_CONTEXT ( 3 ) GLOBAL_UNCERTAINTY_ASSIGNED_CONTEXT ( ( #8442 ) ) GLOBAL_UNIT_ASSIGNED_CONTEXT ( ( #2118, #5992, #1394 ) ) REPRESENTATION_CONTEXT ( 'NONE', 'WORKASPACE' ) );
#5036 = FILL_AREA_STYLE ('',( #3062 ) ) ;
#5037 =( NAMED_UNIT ( * ) PLANE_ANGLE_UNIT ( ) SI_UNIT ( $, .RADIAN. ) );
#5038 = DIRECTION ( 'NONE',  ( 1.070816960479510993E-16, -1.000000000000000000, 0.000000000000000000 ) ) ;
#5039 = SURFACE_STYLE_FILL_AREA ( #6387 ) ;
#5040 = PRESENTATION_LAYER_ASSIGNMENT (  '', '', ( #5578 ) ) ;
#5041 = DIRECTION ( 'NONE',  ( -1.000000000000000000, -9.531447670202286736E-17, 0.000000000000000000 ) ) ;
#5042 = VERTEX_POINT ( 'NONE', #2560 ) ;
#5043 =( NAMED_UNIT ( * ) SI_UNIT ( $, .STERADIAN. ) SOLID_ANGLE_UNIT ( ) );
#5044 = AXIS2_PLACEMENT_3D ( 'NONE', #4796, #5548, #2102 ) ;
#5045 = DIRECTION ( 'NONE',  ( -1.070816960479510993E-16, 1.000000000000000000, -1.094764425253763580E-47 ) ) ;
#5046 = ADVANCED_FACE ( 'NONE', ( #3786 ), #5203, .T. ) ;
#5047 = CARTESIAN_POINT ( 'NONE',  ( 2.275000000000000355, 0.4800000000000000933, 0.3999999999999999667 ) ) ;
#5048 = FACE_OUTER_BOUND ( 'NONE', #4348, .T. ) ;
#5049 = PRESENTATION_STYLE_ASSIGNMENT (( #4185 ) ) ;
#5050 = ORIENTED_EDGE ( 'NONE', *, *, #7144, .F. ) ;
#5051 = EDGE_LOOP ( 'NONE', ( #7769, #7042, #6167, #4117 ) ) ;
#5052 =( GEOMETRIC_REPRESENTATION_CONTEXT ( 3 ) GLOBAL_UNCERTAINTY_ASSIGNED_CONTEXT ( ( #7662 ) ) GLOBAL_UNIT_ASSIGNED_CONTEXT ( ( #2439, #7745, #570 ) ) REPRESENTATION_CONTEXT ( 'NONE', 'WORKASPACE' ) );
#5053 = VERTEX_POINT ( 'NONE', #3439 ) ;
#5054 =( NAMED_UNIT ( * ) SI_UNIT ( $, .STERADIAN. ) SOLID_ANGLE_UNIT ( ) );
#5056 = UNCERTAINTY_MEASURE_WITH_UNIT (LENGTH_MEASURE( 1.000000000000000082E-05 ), #1934, 'distance_accuracy_value', 'NONE');
#5055 = SURFACE_STYLE_FILL_AREA ( #5097 ) ;
#5057 = EDGE_CURVE ( 'NONE', #1120, #4304, #6596, .T. ) ;
#5058 =( GEOMETRIC_REPRESENTATION_CONTEXT ( 3 ) GLOBAL_UNCERTAINTY_ASSIGNED_CONTEXT ( ( #3223 ) ) GLOBAL_UNIT_ASSIGNED_CONTEXT ( ( #5682, #465, #5161 ) ) REPRESENTATION_CONTEXT ( 'NONE', 'WORKASPACE' ) );
#5059 = LINE ( 'NONE', #7760, #2692 ) ;
#5060 = LINE ( 'NONE', #2363, #4222 ) ;
#5061 = CIRCLE ( 'NONE', #1086, 0.1000000000000000472 ) ;
#5062 = ADVANCED_FACE ( 'NONE', ( #1461 ), #7318, .T. ) ;
#5063 = ORIENTED_EDGE ( 'NONE', *, *, #6230, .F. ) ;
#5064 = PRESENTATION_STYLE_ASSIGNMENT (( #589 ) ) ;
#5065 = ORIENTED_EDGE ( 'NONE', *, *, #5470, .F. ) ;
#5066 =( GEOMETRIC_REPRESENTATION_CONTEXT ( 3 ) GLOBAL_UNCERTAINTY_ASSIGNED_CONTEXT ( ( #2446 ) ) GLOBAL_UNIT_ASSIGNED_CONTEXT ( ( #6257, #5423, #2170 ) ) REPRESENTATION_CONTEXT ( 'NONE', 'WORKASPACE' ) );
#5067 =( NAMED_UNIT ( * ) PLANE_ANGLE_UNIT ( ) SI_UNIT ( $, .RADIAN. ) );
#5068 = ORIENTED_EDGE ( 'NONE', *, *, #3737, .T. ) ;
#5069 = UNCERTAINTY_MEASURE_WITH_UNIT (LENGTH_MEASURE( 1.000000000000000082E-05 ), #4268, 'distance_accuracy_value', 'NONE');
#5070 = CARTESIAN_POINT ( 'NONE',  ( 2.175000000000000266, 1.150000000000000133, 1.399999999999998357 ) ) ;
#5071 = DIRECTION ( 'NONE',  ( 1.000000000000000000, 0.000000000000000000, 0.000000000000000000 ) ) ;
#5072 = ORIENTED_EDGE ( 'NONE', *, *, #6807, .F. ) ;
#5073 = SURFACE_SIDE_STYLE ('',( #5730 ) ) ;
#5074 = AXIS2_PLACEMENT_3D ( 'NONE', #4693, #5862, #1392 ) ;
#5075 = STYLED_ITEM ( 'NONE', ( #4168 ), #4909 ) ;
#5076 = CARTESIAN_POINT ( 'NONE',  ( 2.075000000000000622, 0.5799999999999997380, 0.2000000000000000111 ) ) ;
#5077 = SURFACE_STYLE_USAGE ( .BOTH. , #604 ) ;
#5078 = ORIENTED_EDGE ( 'NONE', *, *, #2224, .T. ) ;
#5079 = SURFACE_STYLE_USAGE ( .BOTH. , #1165 ) ;
#5080 = MECHANICAL_DESIGN_GEOMETRIC_PRESENTATION_REPRESENTATION (  '', ( #7041 ), #3177 ) ;
#5081 = CARTESIAN_POINT ( 'NONE',  ( 0.8999999999999995781, 0.9500000000000000666, 1.399999999999999689 ) ) ;
#5082 = FACE_OUTER_BOUND ( 'NONE', #1627, .T. ) ;
#5083 = CARTESIAN_POINT ( 'NONE',  ( -2.174999999999994049, 1.149999999999999689, 1.649999999999999245 ) ) ;
#5084 = SURFACE_SIDE_STYLE ('',( #2487 ) ) ;
#5085 = FILL_AREA_STYLE ('',( #7155 ) ) ;
#5086 = EDGE_LOOP ( 'NONE', ( #7578, #382, #7356 ) ) ;
#5087 = LINE ( 'NONE', #7251, #1253 ) ;
#5088 = CARTESIAN_POINT ( 'NONE',  ( -1.774999999999999467, 1.349999999999999867, 1.299999999999999600 ) ) ;
#5089 = COLOUR_RGB ( '',0.8431372549019607865, 0.8156862745098039102, 0.7529411764705882248 ) ;
#5090 = UNCERTAINTY_MEASURE_WITH_UNIT (LENGTH_MEASURE( 1.000000000000000082E-05 ), #4279, 'distance_accuracy_value', 'NONE');
#5091 = CARTESIAN_POINT ( 'NONE',  ( 0.6989513836793942447, -1.150000000000000355, 0.000000000000000000 ) ) ;
#5092 = VECTOR ( 'NONE', #271, 1000.000000000000000 ) ;
#5093 = EDGE_LOOP ( 'NONE', ( #596, #7422 ) ) ;
#5094 = PRESENTATION_LAYER_ASSIGNMENT (  '', '', ( #282 ) ) ;
#5095 = CARTESIAN_POINT ( 'NONE',  ( -1.774999999999998357, 0.9499999999999997335, 0.4999999999999985012 ) ) ;
#5096 = CARTESIAN_POINT ( 'NONE',  ( -1.899999999999999689, -0.7750000000000002442, 1.779999999999980931 ) ) ;
#5097 = FILL_AREA_STYLE ('',( #7757 ) ) ;
#5098 = FACE_OUTER_BOUND ( 'NONE', #829, .T. ) ;
#5099 = CARTESIAN_POINT ( 'NONE',  ( -1.475000000000000089, 0.9499999999999998446, 1.799999999999995159 ) ) ;
#5100 = UNCERTAINTY_MEASURE_WITH_UNIT (LENGTH_MEASURE( 1.000000000000000082E-05 ), #707, 'distance_accuracy_value', 'NONE');
#5101 = DIRECTION ( 'NONE',  ( -1.000000000000000000, 0.000000000000000000, -0.000000000000000000 ) ) ;
#5102 = VERTEX_POINT ( 'NONE', #71 ) ;
#5103 = FACE_OUTER_BOUND ( 'NONE', #7344, .T. ) ;
#5104 = SURFACE_STYLE_USAGE ( .BOTH. , #8378 ) ;
#5105 = SURFACE_STYLE_USAGE ( .BOTH. , #7035 ) ;
#5106 = COLOUR_RGB ( '',0.8509803921568627194, 0.8509803921568627194, 0.8509803921568627194 ) ;
#5107 = ORIENTED_EDGE ( 'NONE', *, *, #5482, .T. ) ;
#5108 = ORIENTED_EDGE ( 'NONE', *, *, #2630, .F. ) ;
#5109 = DIRECTION ( 'NONE',  ( 8.673617379884013778E-16, 9.287856599089657775E-32, -1.000000000000000000 ) ) ;
#5110 = LINE ( 'NONE', #4979, #5560 ) ;
#5111 = ORIENTED_EDGE ( 'NONE', *, *, #2078, .F. ) ;
#5112 = DIRECTION ( 'NONE',  ( 1.000000000000000000, 0.000000000000000000, 0.000000000000000000 ) ) ;
#5113 =( NAMED_UNIT ( * ) SI_UNIT ( $, .STERADIAN. ) SOLID_ANGLE_UNIT ( ) );
#5114 = EDGE_CURVE ( 'NONE', #7975, #4431, #6636, .T. ) ;
#5115 = SURFACE_SIDE_STYLE ('',( #6557 ) ) ;
#5116 = VECTOR ( 'NONE', #5313, 1000.000000000000000 ) ;
#5117 = EDGE_CURVE ( 'NONE', #5237, #7324, #3355, .T. ) ;
#5118 = CARTESIAN_POINT ( 'NONE',  ( -1.774999999999999467, 1.249999999999999778, 0.5999999999999994227 ) ) ;
#5119 = ORIENTED_EDGE ( 'NONE', *, *, #3528, .T. ) ;
#5120 = CARTESIAN_POINT ( 'NONE',  ( 0.8499999999999994227, 2.250000000000000444, 0.4499999999999998446 ) ) ;
#5121 = CARTESIAN_POINT ( 'NONE',  ( -0.8499999999999999778, 0.2499999999999997780, -0.3000000000000000444 ) ) ;
#5122 =( GEOMETRIC_REPRESENTATION_CONTEXT ( 3 ) GLOBAL_UNCERTAINTY_ASSIGNED_CONTEXT ( ( #4324 ) ) GLOBAL_UNIT_ASSIGNED_CONTEXT ( ( #182, #6762, #4143 ) ) REPRESENTATION_CONTEXT ( 'NONE', 'WORKASPACE' ) );
#5123 = CARTESIAN_POINT ( 'NONE',  ( -1.374999999999999778, -1.150000000000000355, 1.199999999999981082 ) ) ;
#5124 = LINE ( 'NONE', #3110, #6573 ) ;
#5125 = CARTESIAN_POINT ( 'NONE',  ( -2.074999999999999289, 0.4799999999999993716, 0.3999999999999988565 ) ) ;
#5126 = CARTESIAN_POINT ( 'NONE',  ( 0.6989513836793942447, -1.150000000000000355, 1.800000000000000044 ) ) ;
#5127 =( NAMED_UNIT ( * ) SI_UNIT ( $, .STERADIAN. ) SOLID_ANGLE_UNIT ( ) );
#5128 = VERTEX_POINT ( 'NONE', #6725 ) ;
#5129 = EDGE_CURVE ( 'NONE', #416, #4160, #8461, .T. ) ;
#5130 = CARTESIAN_POINT ( 'NONE',  ( -0.7058717852661396952, -1.150000000000000355, 1.800000000000000044 ) ) ;
#5131 = CARTESIAN_POINT ( 'NONE',  ( 1.874999999999998224, -0.6250000000000004441, 0.5999999999999999778 ) ) ;
#5132 = CARTESIAN_POINT ( 'NONE',  ( -2.024999999999999467, 0.9499999999999997335, 1.299999999999998712 ) ) ;
#5133 = MANIFOLD_SOLID_BREP ( 'Ô²½Ç3', #4131 ) ;
#5134 = AXIS2_PLACEMENT_3D ( 'NONE', #2079, #6608, #830 ) ;
#5135 = CARTESIAN_POINT ( 'NONE',  ( -1.375000000000012212, -1.150000000000000355, 0.5999999999999894307 ) ) ;
#5136 = EDGE_LOOP ( 'NONE', ( #1700, #6901, #1476, #3771, #1109, #6550, #5454, #3814, #6884, #2051 ) ) ;
#5137 = VERTEX_POINT ( 'NONE', #8242 ) ;
#5138 = ORIENTED_EDGE ( 'NONE', *, *, #306, .T. ) ;
#5139 = CIRCLE ( 'NONE', #5691, 0.09999999999999999167 ) ;
#5140 = DIRECTION ( 'NONE',  ( 1.070816960479511117E-16, -1.000000000000000000, 2.189528850507527159E-47 ) ) ;
#5141 = LINE ( 'NONE', #1887, #7257 ) ;
#5142 = CARTESIAN_POINT ( 'NONE',  ( -1.374999999999997780, -1.149999999999999911, 1.299999999999995159 ) ) ;
#5143 = VECTOR ( 'NONE', #3546, 1000.000000000000000 ) ;
#5144 = MECHANICAL_DESIGN_GEOMETRIC_PRESENTATION_REPRESENTATION (  '', ( #5980 ), #3636 ) ;
#5145 = ORIENTED_EDGE ( 'NONE', *, *, #2398, .F. ) ;
#5146 = CARTESIAN_POINT ( 'NONE',  ( -0.8999999999999991340, 0.3799999999999990608, 1.399999999999999689 ) ) ;
#5147 = CARTESIAN_POINT ( 'NONE',  ( 1.149999999999999689, 0.2499999999999997780, -0.3000000000000000444 ) ) ;
#5148 = VECTOR ( 'NONE', #3154, 1000.000000000000000 ) ;
#5149 = CYLINDRICAL_SURFACE ( 'NONE', #4766, 0.09999999999999982514 ) ;
#5150 = VECTOR ( 'NONE', #701, 1000.000000000000000 ) ;
#5151 = ORIENTED_EDGE ( 'NONE', *, *, #654, .T. ) ;
#5152 = ORIENTED_EDGE ( 'NONE', *, *, #420, .T. ) ;
#5153 = DIRECTION ( 'NONE',  ( -1.000000000000000000, -8.340016711426956274E-16, 0.000000000000000000 ) ) ;
#5154 = ADVANCED_FACE ( 'NONE', ( #2647 ), #3603, .F. ) ;
#5155 = FILL_AREA_STYLE ('',( #6677 ) ) ;
#5156 = VERTEX_POINT ( 'NONE', #2232 ) ;
#5157 = FILL_AREA_STYLE ('',( #3100 ) ) ;
#5158 = CARTESIAN_POINT ( 'NONE',  ( 1.374999999999999778, -0.9578422717728221070, 1.199999999999981082 ) ) ;
#5159 = CARTESIAN_POINT ( 'NONE',  ( -1.499999999999999778, -0.7750000000000003553, 0.2000000000000000111 ) ) ;
#5160 = CARTESIAN_POINT ( 'NONE',  ( 1.450000000000003286, 0.9500000000000000666, 1.800000000000000044 ) ) ;
#5161 =( NAMED_UNIT ( * ) SI_UNIT ( $, .STERADIAN. ) SOLID_ANGLE_UNIT ( ) );
#5162 = VERTEX_POINT ( 'NONE', #6892 ) ;
#5163 = PRESENTATION_LAYER_ASSIGNMENT (  '', '', ( #3254 ) ) ;
#5164 = PRESENTATION_LAYER_ASSIGNMENT (  '', '', ( #6564 ) ) ;
#5165 = FACE_OUTER_BOUND ( 'NONE', #3900, .T. ) ;
#5166 = STYLED_ITEM ( 'NONE', ( #1493 ), #6283 ) ;
#5167 = EDGE_CURVE ( 'NONE', #5137, #1504, #2316, .T. ) ;
#5168 = CARTESIAN_POINT ( 'NONE',  ( -1.899999999999999689, -0.8250000000000002887, 0.2000000000000000111 ) ) ;
#5169 = DIRECTION ( 'NONE',  ( -1.070816960479510870E-16, 1.000000000000000000, 0.000000000000000000 ) ) ;
#5170 = COLOUR_RGB ( '',0.8431372549019607865, 0.8156862745098039102, 0.7529411764705882248 ) ;
#5171 =( LENGTH_UNIT ( ) NAMED_UNIT ( * ) SI_UNIT ( .MILLI., .METRE. ) );
#5172 = ADVANCED_FACE ( 'NONE', ( #5568 ), #6808, .F. ) ;
#5173 = STYLED_ITEM ( 'NONE', ( #3665 ), #6545 ) ;
#5174 = ORIENTED_EDGE ( 'NONE', *, *, #3385, .F. ) ;
#5175 = VECTOR ( 'NONE', #4300, 1000.000000000000000 ) ;
#5176 = CARTESIAN_POINT ( 'NONE',  ( -1.874999999999998446, 0.3799999999999983946, 0.4999999999999983902 ) ) ;
#5177 =( NAMED_UNIT ( * ) PLANE_ANGLE_UNIT ( ) SI_UNIT ( $, .RADIAN. ) );
#5178 = DIRECTION ( 'NONE',  ( -0.000000000000000000, -0.000000000000000000, 1.000000000000000000 ) ) ;
#5179 = VECTOR ( 'NONE', #3850, 1000.000000000000000 ) ;
#5180 = FACE_OUTER_BOUND ( 'NONE', #3993, .T. ) ;
#5181 = AXIS2_PLACEMENT_3D ( 'NONE', #6546, #458, #6462 ) ;
#5182 = STYLED_ITEM ( 'NONE', ( #7362 ), #6661 ) ;
#5183 = FILL_AREA_STYLE_COLOUR ( '', #8099 ) ;
#5184 =( LENGTH_UNIT ( ) NAMED_UNIT ( * ) SI_UNIT ( .MILLI., .METRE. ) );
#5185 = ORIENTED_EDGE ( 'NONE', *, *, #7458, .T. ) ;
#5186 = ORIENTED_EDGE ( 'NONE', *, *, #3168, .F. ) ;
#5187 = MECHANICAL_DESIGN_GEOMETRIC_PRESENTATION_REPRESENTATION (  '', ( #4770 ), #3545 ) ;
#5188 = AXIS2_PLACEMENT_3D ( 'NONE', #3508, #4715, #1449 ) ;
#5189 = PRESENTATION_STYLE_ASSIGNMENT (( #2541 ) ) ;
#5190 = DIRECTION ( 'NONE',  ( -1.070816960479510993E-16, 1.000000000000000000, 0.000000000000000000 ) ) ;
#5191 = DIRECTION ( 'NONE',  ( -5.421010862427523156E-16, -5.804910374431052531E-32, 1.000000000000000000 ) ) ;
#5192 = DIRECTION ( 'NONE',  ( -1.000000000000000000, -5.421010862427520198E-16, -0.000000000000000000 ) ) ;
#5193 = DIRECTION ( 'NONE',  ( 0.000000000000000000, 1.000000000000000000, -6.862039066364035213E-17 ) ) ;
#5194 = ORIENTED_EDGE ( 'NONE', *, *, #1494, .T. ) ;
#5195 = CARTESIAN_POINT ( 'NONE',  ( -2.024999999999997691, 0.9499999999999995115, 0.4999999999999989453 ) ) ;
#5196 = LINE ( 'NONE', #6544, #6669 ) ;
#5197 = AXIS2_PLACEMENT_3D ( 'NONE', #7007, #7635, #257 ) ;
#5198 = SURFACE_STYLE_FILL_AREA ( #5722 ) ;
#5199 = VERTEX_POINT ( 'NONE', #5615 ) ;
#5200 = CARTESIAN_POINT ( 'NONE',  ( 1.374999999999999778, -0.7750000000000002442, 1.199999999999981082 ) ) ;
#5201 = ORIENTED_EDGE ( 'NONE', *, *, #2903, .T. ) ;
#5202 = PRESENTATION_LAYER_ASSIGNMENT (  '', '', ( #3295 ) ) ;
#5203 = CYLINDRICAL_SURFACE ( 'NONE', #3166, 0.2999999999999998224 ) ;
#5204 = MECHANICAL_DESIGN_GEOMETRIC_PRESENTATION_REPRESENTATION (  '', ( #819 ), #3562 ) ;
#5205 = LINE ( 'NONE', #2606, #480 ) ;
#5206 = CARTESIAN_POINT ( 'NONE',  ( 2.274999999999999911, 1.150000000000000133, 1.399999999999998357 ) ) ;
#5207 = ORIENTED_EDGE ( 'NONE', *, *, #483, .T. ) ;
#5208 = CARTESIAN_POINT ( 'NONE',  ( 1.874999999999999334, 0.3799999999999988387, 0.4999999999999994449 ) ) ;
#5209 =( NAMED_UNIT ( * ) PLANE_ANGLE_UNIT ( ) SI_UNIT ( $, .RADIAN. ) );
#5210 = CIRCLE ( 'NONE', #3976, 0.1000000000000000472 ) ;
#5211 = CARTESIAN_POINT ( 'NONE',  ( 1.574999999999999512, 1.250000000000000000, 1.199999999999999512 ) ) ;
#5212 = DIRECTION ( 'NONE',  ( 1.000000000000000000, 1.070816960479510993E-16, 0.000000000000000000 ) ) ;
#5213 = PRESENTATION_STYLE_ASSIGNMENT (( #8527 ) ) ;
#5214 = ORIENTED_EDGE ( 'NONE', *, *, #3874, .T. ) ;
#5215 =( NAMED_UNIT ( * ) SI_UNIT ( $, .STERADIAN. ) SOLID_ANGLE_UNIT ( ) );
#5216 = CARTESIAN_POINT ( 'NONE',  ( -2.075000000000000178, 0.8999999999999994671, 1.800000000000000044 ) ) ;
#5217 = ORIENTED_EDGE ( 'NONE', *, *, #1816, .F. ) ;
#5218 = SURFACE_STYLE_FILL_AREA ( #8589 ) ;
#5220 = CIRCLE ( 'NONE', #2632, 0.2500000000000002220 ) ;
#5219 = STYLED_ITEM ( 'NONE', ( #985 ), #5154 ) ;
#5221 = DIRECTION ( 'NONE',  ( 1.070816960479510993E-16, -1.000000000000000000, 1.094764425253763580E-47 ) ) ;
#5222 = SURFACE_STYLE_FILL_AREA ( #2047 ) ;
#5223 = CARTESIAN_POINT ( 'NONE',  ( 2.275000000000035882, -0.9578422717728219959, 1.299999999999908118 ) ) ;
#5224 = VECTOR ( 'NONE', #2144, 1000.000000000000000 ) ;
#5225 = CARTESIAN_POINT ( 'NONE',  ( -1.899999999999999689, -0.8250000000000002887, 0.1499999999999948597 ) ) ;
#5226 = ORIENTED_EDGE ( 'NONE', *, *, #8485, .F. ) ;
#5227 = ORIENTED_EDGE ( 'NONE', *, *, #7958, .F. ) ;
#5228 = FILL_AREA_STYLE ('',( #3338 ) ) ;
#5229 = VECTOR ( 'NONE', #7409, 1000.000000000000000 ) ;
#5230 = CARTESIAN_POINT ( 'NONE',  ( 1.574999999999999512, 1.350000000000000089, 1.299999999999999600 ) ) ;
#5231 = CARTESIAN_POINT ( 'NONE',  ( 1.874999999999999556, 1.250000000000000000, 0.5999999999999994227 ) ) ;
#5232 = FILL_AREA_STYLE_COLOUR ( '', #668 ) ;
#5233 = STYLED_ITEM ( 'NONE', ( #4984 ), #130 ) ;
#5234 = ORIENTED_EDGE ( 'NONE', *, *, #1433, .T. ) ;
#5235 = FILL_AREA_STYLE_COLOUR ( '', #5449 ) ;
#5236 = VERTEX_POINT ( 'NONE', #2366 ) ;
#5237 = VERTEX_POINT ( 'NONE', #4971 ) ;
#5238 = UNCERTAINTY_MEASURE_WITH_UNIT (LENGTH_MEASURE( 1.000000000000000082E-05 ), #7201, 'distance_accuracy_value', 'NONE');
#5239 = MECHANICAL_DESIGN_GEOMETRIC_PRESENTATION_REPRESENTATION (  '', ( #2652 ), #7357 ) ;
#5240 = DIRECTION ( 'NONE',  ( 0.000000000000000000, 0.000000000000000000, -1.000000000000000000 ) ) ;
#5241 = ORIENTED_EDGE ( 'NONE', *, *, #7944, .F. ) ;
#5242 =( LENGTH_UNIT ( ) NAMED_UNIT ( * ) SI_UNIT ( .MILLI., .METRE. ) );
#5243 = FILL_AREA_STYLE_COLOUR ( '', #3692 ) ;
#5244 = COLOUR_RGB ( '',0.8509803921568627194, 0.8509803921568627194, 0.8509803921568627194 ) ;
#5245 = ORIENTED_EDGE ( 'NONE', *, *, #183, .F. ) ;
#5246 = SURFACE_STYLE_USAGE ( .BOTH. , #8618 ) ;
#5247 = SURFACE_SIDE_STYLE ('',( #8004 ) ) ;
#5248 = PRESENTATION_STYLE_ASSIGNMENT (( #702 ) ) ;
#5249 = FACE_OUTER_BOUND ( 'NONE', #8293, .T. ) ;
#5250 = DIRECTION ( 'NONE',  ( 0.000000000000000000, 0.000000000000000000, -1.000000000000000000 ) ) ;
#5251 =( NAMED_UNIT ( * ) SI_UNIT ( $, .STERADIAN. ) SOLID_ANGLE_UNIT ( ) );
#5252 = ORIENTED_EDGE ( 'NONE', *, *, #1751, .T. ) ;
#5253 =( LENGTH_UNIT ( ) NAMED_UNIT ( * ) SI_UNIT ( .MILLI., .METRE. ) );
#5254 = STYLED_ITEM ( 'NONE', ( #2657 ), #3638 ) ;
#5255 = FILL_AREA_STYLE_COLOUR ( '', #1608 ) ;
#5256 = FACE_OUTER_BOUND ( 'NONE', #6858, .T. ) ;
#5257 = DIRECTION ( 'NONE',  ( -1.000000000000000000, 0.000000000000000000, 0.000000000000000000 ) ) ;
#5258 = PRODUCT_DEFINITION_SHAPE ( 'NONE', 'NONE',  #6860 ) ;
#5259 = EDGE_CURVE ( 'NONE', #168, #3218, #3172, .T. ) ;
#5260 = PLANE ( 'NONE',  #5936 ) ;
#5261 =( GEOMETRIC_REPRESENTATION_CONTEXT ( 3 ) GLOBAL_UNCERTAINTY_ASSIGNED_CONTEXT ( ( #2633 ) ) GLOBAL_UNIT_ASSIGNED_CONTEXT ( ( #2740, #840, #1361 ) ) REPRESENTATION_CONTEXT ( 'NONE', 'WORKASPACE' ) );
#5262 = ADVANCED_FACE ( 'NONE', ( #2839 ), #6854, .T. ) ;
#5263 =( NAMED_UNIT ( * ) SI_UNIT ( $, .STERADIAN. ) SOLID_ANGLE_UNIT ( ) );
#5264 = SURFACE_STYLE_USAGE ( .BOTH. , #1322 ) ;
#5265 = VECTOR ( 'NONE', #8309, 1000.000000000000000 ) ;
#5266 = EDGE_CURVE ( 'NONE', #7802, #5555, #6366, .T. ) ;
#5267 = EDGE_CURVE ( 'NONE', #2420, #1102, #409, .T. ) ;
#5268 = EDGE_CURVE ( 'NONE', #2054, #7665, #3085, .T. ) ;
#5269 = PRESENTATION_STYLE_ASSIGNMENT (( #5930 ) ) ;
#5270 = AXIS2_PLACEMENT_3D ( 'NONE', #2405, #7171, #6404 ) ;
#5271 = VERTEX_POINT ( 'NONE', #1759 ) ;
#5272 = PRESENTATION_STYLE_ASSIGNMENT (( #8077 ) ) ;
#5273 = EDGE_CURVE ( 'NONE', #3245, #4817, #4379, .T. ) ;
#5274 = DIRECTION ( 'NONE',  ( -1.934970124810326120E-32, 1.807003620809151213E-16, 1.000000000000000000 ) ) ;
#5275 = FACE_OUTER_BOUND ( 'NONE', #1541, .T. ) ;
#5276 = EDGE_LOOP ( 'NONE', ( #1271, #4165, #7466, #3351, #1903, #5111 ) ) ;
#5277 = PRESENTATION_LAYER_ASSIGNMENT (  '', '', ( #5839 ) ) ;
#5278 = ORIENTED_EDGE ( 'NONE', *, *, #7877, .T. ) ;
#5279 = CIRCLE ( 'NONE', #8122, 0.2500000000000002220 ) ;
#5280 = SURFACE_SIDE_STYLE ('',( #5899 ) ) ;
#5281 =( NAMED_UNIT ( * ) SI_UNIT ( $, .STERADIAN. ) SOLID_ANGLE_UNIT ( ) );
#5282 = PRESENTATION_LAYER_ASSIGNMENT (  '', '', ( #2561 ) ) ;
#5283 = VECTOR ( 'NONE', #4968, 1000.000000000000000 ) ;
#5284 = ORIENTED_EDGE ( 'NONE', *, *, #380, .F. ) ;
#5285 = CARTESIAN_POINT ( 'NONE',  ( 1.499999999999999778, -0.6250000000000003331, 1.199999999999983524 ) ) ;
#5286 = ORIENTED_EDGE ( 'NONE', *, *, #2658, .T. ) ;
#5287 = CARTESIAN_POINT ( 'NONE',  ( 1.574999999999999512, 1.350000000000000089, 1.199999999999999512 ) ) ;
#5288 = DIRECTION ( 'NONE',  ( 1.000000000000000000, -1.070816960479510993E-16, 2.081668171172165989E-14 ) ) ;
#5289 = CIRCLE ( 'NONE', #7690, 0.2999999999999998224 ) ;
#5290 = ADVANCED_FACE ( 'NONE', ( #587 ), #3690, .F. ) ;
#5291 = DIRECTION ( 'NONE',  ( -1.000000000000000000, -9.531447670202286736E-17, 0.000000000000000000 ) ) ;
#5292 = FILL_AREA_STYLE_COLOUR ( '', #3619 ) ;
#5293 = LINE ( 'NONE', #4666, #7306 ) ;
#5294 = EDGE_LOOP ( 'NONE', ( #5895, #2160, #6402, #5511 ) ) ;
#5295 = DIRECTION ( 'NONE',  ( 1.070816960479510993E-16, -1.000000000000000000, 1.094764425253763580E-47 ) ) ;
#5296 = COLOUR_RGB ( '',0.8431372549019607865, 0.8156862745098039102, 0.7529411764705882248 ) ;
#5297 = COLOUR_RGB ( '',0.8509803921568627194, 0.8509803921568627194, 0.8509803921568627194 ) ;
#5298 = LINE ( 'NONE', #711, #4918 ) ;
#5299 = PLANE ( 'NONE',  #8403 ) ;
#5300 = MECHANICAL_DESIGN_GEOMETRIC_PRESENTATION_REPRESENTATION (  '', ( #3254 ), #7701 ) ;
#5301 = MECHANICAL_DESIGN_GEOMETRIC_PRESENTATION_REPRESENTATION (  '', ( #4197 ), #4341 ) ;
#5302 = MECHANICAL_DESIGN_GEOMETRIC_PRESENTATION_REPRESENTATION (  '', ( #3659 ), #3521 ) ;
#5303 = FILL_AREA_STYLE_COLOUR ( '', #1817 ) ;
#5304 = VERTEX_POINT ( 'NONE', #3048 ) ;
#5305 = ORIENTED_EDGE ( 'NONE', *, *, #5918, .F. ) ;
#5306 = EDGE_CURVE ( 'NONE', #3345, #3898, #7808, .T. ) ;
#5307 = FACE_BOUND ( 'NONE', #4645, .T. ) ;
#5308 = AXIS2_PLACEMENT_3D ( 'NONE', #4551, #1275, #2444 ) ;
#5309 = AXIS2_PLACEMENT_3D ( 'NONE', #4362, #7838, #4500 ) ;
#5310 = CARTESIAN_POINT ( 'NONE',  ( 1.499999999999999778, -0.8250000000000002887, 0.2000000000000000111 ) ) ;
#5311 = CARTESIAN_POINT ( 'NONE',  ( 1.450000000000003508, 0.3799999999999992828, 1.749999999999999334 ) ) ;
#5312 = DIRECTION ( 'NONE',  ( -1.000000000000000000, -9.531447670202286736E-17, -0.000000000000000000 ) ) ;
#5313 = DIRECTION ( 'NONE',  ( -1.000000000000000000, -1.070816960479550560E-16, -1.084202172485504237E-15 ) ) ;
#5314 = LINE ( 'NONE', #8549, #2303 ) ;
#5315 =( NAMED_UNIT ( * ) PLANE_ANGLE_UNIT ( ) SI_UNIT ( $, .RADIAN. ) );
#5316 = AXIS2_PLACEMENT_3D ( 'NONE', #1336, #5240, #599 ) ;
#5317 = VERTEX_POINT ( 'NONE', #1246 ) ;
#5318 = DIRECTION ( 'NONE',  ( 1.000000000000000000, 0.000000000000000000, 2.096124200138641695E-14 ) ) ;
#5319 = PRESENTATION_STYLE_ASSIGNMENT (( #5356 ) ) ;
#5320 = EDGE_LOOP ( 'NONE', ( #2421, #4856, #7103, #4582 ) ) ;
#5321 = CIRCLE ( 'NONE', #7575, 0.09999999999999982514 ) ;
#5322 = COLOUR_RGB ( '',0.8509803921568627194, 0.8509803921568627194, 0.8509803921568627194 ) ;
#5323 = EDGE_CURVE ( 'NONE', #990, #7809, #6504, .T. ) ;
#5324 = ORIENTED_EDGE ( 'NONE', *, *, #2219, .T. ) ;
#5325 =( LENGTH_UNIT ( ) NAMED_UNIT ( * ) SI_UNIT ( .MILLI., .METRE. ) );
#5326 = FILL_AREA_STYLE_COLOUR ( '', #6472 ) ;
#5328 = ORIENTED_EDGE ( 'NONE', *, *, #818, .F. ) ;
#5327 = VECTOR ( 'NONE', #145, 1000.000000000000000 ) ;
#5329 = DIRECTION ( 'NONE',  ( -1.084202172485504040E-15, -1.000000000000000000, 0.000000000000000000 ) ) ;
#5330 = EDGE_LOOP ( 'NONE', ( #3954, #6800, #1980, #966 ) ) ;
#5331 = LINE ( 'NONE', #6776, #1436 ) ;
#5332 = ORIENTED_EDGE ( 'NONE', *, *, #2621, .F. ) ;
#5333 = FILL_AREA_STYLE_COLOUR ( '', #6323 ) ;
#5334 =( NAMED_UNIT ( * ) SI_UNIT ( $, .STERADIAN. ) SOLID_ANGLE_UNIT ( ) );
#5335 = EDGE_LOOP ( 'NONE', ( #1018, #6778, #7358, #3868, #233, #5756, #312, #1078 ) ) ;
#5336 = FACE_BOUND ( 'NONE', #1561, .T. ) ;
#5337 = DIRECTION ( 'NONE',  ( 0.000000000000000000, 0.000000000000000000, 1.000000000000000000 ) ) ;
#5338 = COLOUR_RGB ( '',0.8431372549019607865, 0.8156862745098039102, 0.7529411764705882248 ) ;
#5339 = DIRECTION ( 'NONE',  ( -3.614007241618347785E-16, -3.444672090321739649E-32, -1.000000000000000000 ) ) ;
#5340 =( LENGTH_UNIT ( ) NAMED_UNIT ( * ) SI_UNIT ( .MILLI., .METRE. ) );
#5341 = CARTESIAN_POINT ( 'NONE',  ( 1.499999999999999778, -0.6250000000000004441, 0.2000000000000000111 ) ) ;
#5342 = EDGE_CURVE ( 'NONE', #3758, #5963, #6760, .T. ) ;
#5343 = SURFACE_SIDE_STYLE ('',( #5222 ) ) ;
#5344 = SURFACE_STYLE_FILL_AREA ( #1403 ) ;
#5345 = VERTEX_POINT ( 'NONE', #3388 ) ;
#5346 = CIRCLE ( 'NONE', #8055, 0.09999999999999982514 ) ;
#5347 = AXIS2_PLACEMENT_3D ( 'NONE', #2722, #152, #2798 ) ;
#5348 = FACE_OUTER_BOUND ( 'NONE', #4832, .T. ) ;
#5349 = DIRECTION ( 'NONE',  ( -0.000000000000000000, -0.000000000000000000, -1.000000000000000000 ) ) ;
#5350 = CARTESIAN_POINT ( 'NONE',  ( -2.274999999999987477, -1.150000000000000355, 1.799999999999999822 ) ) ;
#5351 = VECTOR ( 'NONE', #638, 1000.000000000000000 ) ;
#5352 =( LENGTH_UNIT ( ) NAMED_UNIT ( * ) SI_UNIT ( .MILLI., .METRE. ) );
#5353 = CYLINDRICAL_SURFACE ( 'NONE', #5669, 0.09999999999999982514 ) ;
#5354 = FACE_OUTER_BOUND ( 'NONE', #2472, .T. ) ;
#5355 =( NAMED_UNIT ( * ) SI_UNIT ( $, .STERADIAN. ) SOLID_ANGLE_UNIT ( ) );
#5356 = SURFACE_STYLE_USAGE ( .BOTH. , #5974 ) ;
#5357 = VECTOR ( 'NONE', #6571, 1000.000000000000000 ) ;
#5358 = CARTESIAN_POINT ( 'NONE',  ( -0.6500000000000001332, 0.2499999999999997780, -0.3000000000000000444 ) ) ;
#5359 = PRESENTATION_LAYER_ASSIGNMENT (  '', '', ( #7208 ) ) ;
#5360 = PRESENTATION_STYLE_ASSIGNMENT (( #1377 ) ) ;
#5361 = ORIENTED_EDGE ( 'NONE', *, *, #8246, .T. ) ;
#5362 =( NAMED_UNIT ( * ) SI_UNIT ( $, .STERADIAN. ) SOLID_ANGLE_UNIT ( ) );
#5363 = DIRECTION ( 'NONE',  ( 1.000000000000000000, 1.156482317317878874E-16, 0.000000000000000000 ) ) ;
#5364 = MECHANICAL_DESIGN_GEOMETRIC_PRESENTATION_REPRESENTATION (  '', ( #5488 ), #8483 ) ;
#5365 = SURFACE_STYLE_FILL_AREA ( #6772 ) ;
#5366 = EDGE_CURVE ( 'NONE', #1623, #937, #7265, .T. ) ;
#5367 = EDGE_LOOP ( 'NONE', ( #8356, #8380 ) ) ;
#5368 = SURFACE_STYLE_USAGE ( .BOTH. , #2764 ) ;
#5369 = PRESENTATION_STYLE_ASSIGNMENT (( #8086 ) ) ;
#5370 =( GEOMETRIC_REPRESENTATION_CONTEXT ( 3 ) GLOBAL_UNCERTAINTY_ASSIGNED_CONTEXT ( ( #8612 ) ) GLOBAL_UNIT_ASSIGNED_CONTEXT ( ( #8335, #6533, #2659 ) ) REPRESENTATION_CONTEXT ( 'NONE', 'WORKASPACE' ) );
#5371 = ORIENTED_EDGE ( 'NONE', *, *, #5506, .T. ) ;
#5372 = PRESENTATION_STYLE_ASSIGNMENT (( #6779 ) ) ;
#5373 = CARTESIAN_POINT ( 'NONE',  ( 1.774999999999999467, 0.9500000000000001776, 0.4999999999999994449 ) ) ;
#5374 = ADVANCED_FACE ( 'NONE', ( #1285 ), #6670, .T. ) ;
#5375 = EDGE_CURVE ( 'NONE', #3916, #18, #3984, .T. ) ;
#5376 = EDGE_CURVE ( 'NONE', #3678, #7316, #7307, .T. ) ;
#5377 = CARTESIAN_POINT ( 'NONE',  ( 2.024999999999999911, 0.9500000000000002887, 0.000000000000000000 ) ) ;
#5378 = EDGE_CURVE ( 'NONE', #2465, #5042, #6626, .T. ) ;
#5379 = DIRECTION ( 'NONE',  ( 1.000000000000000000, 0.000000000000000000, -0.000000000000000000 ) ) ;
#5380 =( GEOMETRIC_REPRESENTATION_CONTEXT ( 3 ) GLOBAL_UNCERTAINTY_ASSIGNED_CONTEXT ( ( #5238 ) ) GLOBAL_UNIT_ASSIGNED_CONTEXT ( ( #7201, #8582, #1306 ) ) REPRESENTATION_CONTEXT ( 'NONE', 'WORKASPACE' ) );
#5381 = SURFACE_STYLE_FILL_AREA ( #83 ) ;
#5382 = ORIENTED_EDGE ( 'NONE', *, *, #7122, .T. ) ;
#5383 = VECTOR ( 'NONE', #1724, 1000.000000000000000 ) ;
#5384 = LINE ( 'NONE', #8101, #6872 ) ;
#5385 = LINE ( 'NONE', #8102, #2284 ) ;
#5386 = FACE_OUTER_BOUND ( 'NONE', #1240, .T. ) ;
#5387 = ORIENTED_EDGE ( 'NONE', *, *, #3259, .T. ) ;
#5388 = EDGE_CURVE ( 'NONE', #7217, #128, #3270, .T. ) ;
#5389 = SURFACE_SIDE_STYLE ('',( #2094 ) ) ;
#5390 = STYLED_ITEM ( 'NONE', ( #7416 ), #3745 ) ;
#5391 = SURFACE_STYLE_USAGE ( .BOTH. , #7384 ) ;
#5392 = SURFACE_SIDE_STYLE ('',( #3427 ) ) ;
#5393 = FILL_AREA_STYLE_COLOUR ( '', #800 ) ;
#5394 = ADVANCED_FACE ( 'NONE', ( #8605 ), #7982, .T. ) ;
#5395 = CARTESIAN_POINT ( 'NONE',  ( 1.375000000000024869, -1.150000000000000355, -1.040834085586005371E-14 ) ) ;
#5396 = COLOUR_RGB ( '',0.8431372549019607865, 0.8156862745098039102, 0.7529411764705882248 ) ;
#5397 = CARTESIAN_POINT ( 'NONE',  ( 1.874999999999999556, 0.9500000000000001776, 1.199999999999999512 ) ) ;
#5398 = DIRECTION ( 'NONE',  ( -1.000000000000000000, 0.000000000000000000, 0.000000000000000000 ) ) ;
#5399 = CARTESIAN_POINT ( 'NONE',  ( -1.499999999999999778, -0.6250000000000002220, 1.779999999999980931 ) ) ;
#5400 = VECTOR ( 'NONE', #4811, 1000.000000000000000 ) ;
#5401 = DIRECTION ( 'NONE',  ( -1.070816960479548588E-16, 1.000000000000000000, -1.807003620809151213E-16 ) ) ;
#5402 =( NAMED_UNIT ( * ) SI_UNIT ( $, .STERADIAN. ) SOLID_ANGLE_UNIT ( ) );
#5403 = SURFACE_STYLE_USAGE ( .BOTH. , #8124 ) ;
#5404 = DIRECTION ( 'NONE',  ( 1.000000000000000000, 0.000000000000000000, 0.000000000000000000 ) ) ;
#5405 = VERTEX_POINT ( 'NONE', #2101 ) ;
#5406 = EDGE_CURVE ( 'NONE', #5828, #4773, #1569, .T. ) ;
#5407 =( GEOMETRIC_REPRESENTATION_CONTEXT ( 3 ) GLOBAL_UNCERTAINTY_ASSIGNED_CONTEXT ( ( #5710 ) ) GLOBAL_UNIT_ASSIGNED_CONTEXT ( ( #1606, #4220, #5643 ) ) REPRESENTATION_CONTEXT ( 'NONE', 'WORKASPACE' ) );
#5408 = ORIENTED_EDGE ( 'NONE', *, *, #3385, .T. ) ;
#5409 = CARTESIAN_POINT ( 'NONE',  ( 1.574999999999999512, 0.9500000000000000666, 1.299999999999999600 ) ) ;
#5410 = CARTESIAN_POINT ( 'NONE',  ( 1.574999999999999289, 0.9500000000000001776, 1.299999999999999600 ) ) ;
#5411 = ORIENTED_EDGE ( 'NONE', *, *, #8112, .T. ) ;
#5412 = FILL_AREA_STYLE_COLOUR ( '', #1154 ) ;
#5413 = CARTESIAN_POINT ( 'NONE',  ( 1.574999999999999067, 1.150000000000000133, 0.4999999999999994449 ) ) ;
#5414 = AXIS2_PLACEMENT_3D ( 'NONE', #2581, #4512, #7170 ) ;
#5415 =( LENGTH_UNIT ( ) NAMED_UNIT ( * ) SI_UNIT ( .MILLI., .METRE. ) );
#5416 = EDGE_LOOP ( 'NONE', ( #740, #3335, #2402, #7539 ) ) ;
#5417 = LINE ( 'NONE', #6691, #133 ) ;
#5418 = LINE ( 'NONE', #4128, #6030 ) ;
#5419 =( GEOMETRIC_REPRESENTATION_CONTEXT ( 3 ) GLOBAL_UNCERTAINTY_ASSIGNED_CONTEXT ( ( #5802 ) ) GLOBAL_UNIT_ASSIGNED_CONTEXT ( ( #6155, #1540, #4156 ) ) REPRESENTATION_CONTEXT ( 'NONE', 'WORKASPACE' ) );
#5420 = ORIENTED_EDGE ( 'NONE', *, *, #2452, .F. ) ;
#5421 = ADVANCED_FACE ( 'NONE', ( #6764 ), #2829, .T. ) ;
#5422 = ADVANCED_FACE ( 'NONE', ( #2186 ), #2533, .T. ) ;
#5423 =( NAMED_UNIT ( * ) PLANE_ANGLE_UNIT ( ) SI_UNIT ( $, .RADIAN. ) );
#5424 = COLOUR_RGB ( '',0.8431372549019607865, 0.8156862745098039102, 0.7529411764705882248 ) ;
#5425 = COLOUR_RGB ( '',0.8431372549019607865, 0.8156862745098039102, 0.7529411764705882248 ) ;
#5426 = DIRECTION ( 'NONE',  ( -9.531447670202286736E-17, 1.000000000000000000, 0.000000000000000000 ) ) ;
#5427 = SURFACE_STYLE_FILL_AREA ( #8017 ) ;
#5428 = SURFACE_SIDE_STYLE ('',( #1482 ) ) ;
#5429 = EDGE_CURVE ( 'NONE', #3570, #2065, #1954, .T. ) ;
#5430 = ORIENTED_EDGE ( 'NONE', *, *, #757, .F. ) ;
#5431 = PRESENTATION_LAYER_ASSIGNMENT (  '', '', ( #769 ) ) ;
#5432 = VECTOR ( 'NONE', #2594, 1000.000000000000000 ) ;
#5433 = ORIENTED_EDGE ( 'NONE', *, *, #3259, .F. ) ;
#5434 = DIRECTION ( 'NONE',  ( 1.000000000000000000, 0.000000000000000000, 0.000000000000000000 ) ) ;
#5435 = FACE_OUTER_BOUND ( 'NONE', #5031, .T. ) ;
#5436 = CARTESIAN_POINT ( 'NONE',  ( -1.899999999999999689, -0.7750000000000003553, 0.2000000000000000111 ) ) ;
#5437 = COLOUR_RGB ( '',0.8509803921568627194, 0.8509803921568627194, 0.8509803921568627194 ) ;
#5438 = PRESENTATION_STYLE_ASSIGNMENT (( #6096 ) ) ;
#5439 = SURFACE_STYLE_FILL_AREA ( #6797 ) ;
#5440 = CARTESIAN_POINT ( 'NONE',  ( 1.774999999999999467, 1.250000000000000000, 0.5999999999999994227 ) ) ;
#5441 = VECTOR ( 'NONE', #1488, 1000.000000000000000 ) ;
#5442 = CARTESIAN_POINT ( 'NONE',  ( 1.499999999999999778, -0.7750000000000003553, 0.2000000000000000111 ) ) ;
#5443 = AXIS2_PLACEMENT_3D ( 'NONE', #6043, #5295, #8013 ) ;
#5444 = MECHANICAL_DESIGN_GEOMETRIC_PRESENTATION_REPRESENTATION (  '', ( #3805 ), #6849 ) ;
#5445 =( LENGTH_UNIT ( ) NAMED_UNIT ( * ) SI_UNIT ( .MILLI., .METRE. ) );
#5446 = EDGE_CURVE ( 'NONE', #5938, #6079, #7930, .T. ) ;
#5447 = DIRECTION ( 'NONE',  ( -0.000000000000000000, -0.000000000000000000, -1.000000000000000000 ) ) ;
#5448 = FILL_AREA_STYLE_COLOUR ( '', #2986 ) ;
#5449 = COLOUR_RGB ( '',0.8509803921568627194, 0.8509803921568627194, 0.8509803921568627194 ) ;
#5450 = STYLED_ITEM ( 'NONE', ( #2020 ), #1864 ) ;
#5451 =( NAMED_UNIT ( * ) SI_UNIT ( $, .STERADIAN. ) SOLID_ANGLE_UNIT ( ) );
#5452 = PRESENTATION_STYLE_ASSIGNMENT (( #4289 ) ) ;
#5453 = PRESENTATION_LAYER_ASSIGNMENT (  '', '', ( #4363 ) ) ;
#5454 = ORIENTED_EDGE ( 'NONE', *, *, #8274, .T. ) ;
#5455 = PLANE ( 'NONE',  #1095 ) ;
#5456 =( NAMED_UNIT ( * ) SI_UNIT ( $, .STERADIAN. ) SOLID_ANGLE_UNIT ( ) );
#5457 = ORIENTED_EDGE ( 'NONE', *, *, #818, .T. ) ;
#5458 = DIRECTION ( 'NONE',  ( 1.000000000000000000, 0.000000000000000000, 0.000000000000000000 ) ) ;
#5459 = DIRECTION ( 'NONE',  ( 9.531447670202286736E-17, -1.000000000000000000, -0.000000000000000000 ) ) ;
#5460 = ORIENTED_EDGE ( 'NONE', *, *, #1443, .T. ) ;
#5461 = STYLED_ITEM ( 'NONE', ( #1036 ), #8305 ) ;
#5462 =( NAMED_UNIT ( * ) SI_UNIT ( $, .STERADIAN. ) SOLID_ANGLE_UNIT ( ) );
#5463 = VECTOR ( 'NONE', #5045, 1000.000000000000000 ) ;
#5464 = CARTESIAN_POINT ( 'NONE',  ( 1.874999999999999334, 1.150000000000000133, 0.5999999999999994227 ) ) ;
#5465 = CARTESIAN_POINT ( 'NONE',  ( 1.899999999999999689, -0.8250000000000002887, 0.2000000000000000111 ) ) ;
#5466 = DIRECTION ( 'NONE',  ( 0.000000000000000000, 0.000000000000000000, 1.000000000000000000 ) ) ;
#5467 = ORIENTED_EDGE ( 'NONE', *, *, #2658, .F. ) ;
#5468 = ORIENTED_EDGE ( 'NONE', *, *, #4459, .T. ) ;
#5469 = ORIENTED_EDGE ( 'NONE', *, *, #1634, .F. ) ;
#5470 = EDGE_CURVE ( 'NONE', #2783, #1563, #8492, .T. ) ;
#5471 =( NAMED_UNIT ( * ) SI_UNIT ( $, .STERADIAN. ) SOLID_ANGLE_UNIT ( ) );
#5472 = FACE_OUTER_BOUND ( 'NONE', #2483, .T. ) ;
#5473 = PLANE ( 'NONE',  #1971 ) ;
#5474 = VERTEX_POINT ( 'NONE', #4589 ) ;
#5475 = EDGE_CURVE ( 'NONE', #5963, #4841, #5087, .T. ) ;
#5476 = ORIENTED_EDGE ( 'NONE', *, *, #857, .T. ) ;
#5477 = DIRECTION ( 'NONE',  ( 1.070816960479510870E-16, -1.000000000000000000, 1.094764425253763580E-47 ) ) ;
#5478 =( GEOMETRIC_REPRESENTATION_CONTEXT ( 3 ) GLOBAL_UNCERTAINTY_ASSIGNED_CONTEXT ( ( #1981 ) ) GLOBAL_UNIT_ASSIGNED_CONTEXT ( ( #653, #4533, #1123 ) ) REPRESENTATION_CONTEXT ( 'NONE', 'WORKASPACE' ) );
#5479 = PLANE ( 'NONE',  #234 ) ;
#5480 = LINE ( 'NONE', #3926, #3239 ) ;
#5481 = SURFACE_STYLE_USAGE ( .BOTH. , #4114 ) ;
#5482 = EDGE_CURVE ( 'NONE', #4713, #2240, #1655, .T. ) ;
#5483 = ORIENTED_EDGE ( 'NONE', *, *, #1089, .T. ) ;
#5484 = LINE ( 'NONE', #5623, #922 ) ;
#5485 = VERTEX_POINT ( 'NONE', #3931 ) ;
#5486 = AXIS2_PLACEMENT_3D ( 'NONE', #1269, #6483, #569 ) ;
#5488 = STYLED_ITEM ( 'NONE', ( #1408 ), #3 ) ;
#5487 = DIRECTION ( 'NONE',  ( 9.531447670202287969E-17, -1.000000000000000000, 0.000000000000000000 ) ) ;
#5489 =( LENGTH_UNIT ( ) NAMED_UNIT ( * ) SI_UNIT ( .MILLI., .METRE. ) );
#5490 = DIRECTION ( 'NONE',  ( -1.000000000000000000, -1.084202172485504040E-15, 0.000000000000000000 ) ) ;
#5491 = CARTESIAN_POINT ( 'NONE',  ( 2.275000000000018563, -0.9578422717728219959, 0.4955507190332495981 ) ) ;
#5492 = CARTESIAN_POINT ( 'NONE',  ( -0.8499999999999999778, 0.2499999999999997780, -0.3000000000000000444 ) ) ;
#5493 = MECHANICAL_DESIGN_GEOMETRIC_PRESENTATION_REPRESENTATION (  '', ( #282 ), #4567 ) ;
#5494 = SURFACE_SIDE_STYLE ('',( #7488 ) ) ;
#5495 = EDGE_LOOP ( 'NONE', ( #6175, #4771, #892, #1417 ) ) ;
#5496 = CARTESIAN_POINT ( 'NONE',  ( 0.8499999999999999778, 0.2499999999999997780, -0.3000000000000000444 ) ) ;
#5497 = CARTESIAN_POINT ( 'NONE',  ( -1.899999999999999689, -0.7750000000000003553, 0.2000000000000000111 ) ) ;
#5498 = FILL_AREA_STYLE_COLOUR ( '', #5840 ) ;
#5499 = VECTOR ( 'NONE', #1559, 1000.000000000000000 ) ;
#5500 = VERTEX_POINT ( 'NONE', #7203 ) ;
#5501 = DIRECTION ( 'NONE',  ( 1.355252715606880543E-15, -0.000000000000000000, -1.000000000000000000 ) ) ;
#5502 = ORIENTED_EDGE ( 'NONE', *, *, #1921, .T. ) ;
#5503 = MECHANICAL_DESIGN_GEOMETRIC_PRESENTATION_REPRESENTATION (  '', ( #8220 ), #4140 ) ;
#5504 = CARTESIAN_POINT ( 'NONE',  ( -0.7058717852661396952, -1.150000000000000355, 1.299999999999998934 ) ) ;
#5505 = PLANE ( 'NONE',  #6984 ) ;
#5506 = EDGE_CURVE ( 'NONE', #7674, #3760, #3292, .T. ) ;
#5507 = FILL_AREA_STYLE_COLOUR ( '', #3186 ) ;
#5508 = CARTESIAN_POINT ( 'NONE',  ( -2.174999999999994049, 0.9499999999999997335, 1.649999999999999245 ) ) ;
#5509 = DIRECTION ( 'NONE',  ( -1.000000000000000000, -1.070816960479511117E-16, 0.000000000000000000 ) ) ;
#5510 = EDGE_CURVE ( 'NONE', #3217, #2206, #7618, .T. ) ;
#5511 = ORIENTED_EDGE ( 'NONE', *, *, #4146, .F. ) ;
#5512 = ORIENTED_EDGE ( 'NONE', *, *, #8047, .F. ) ;
#5513 = CARTESIAN_POINT ( 'NONE',  ( 1.774999999999999467, 1.250000000000000000, 1.299999999999999600 ) ) ;
#5514 = DIRECTION ( 'NONE',  ( 1.000000000000000000, 0.000000000000000000, 0.000000000000000000 ) ) ;
#5515 = ADVANCED_FACE ( 'NONE', ( #8447 ), #7157, .T. ) ;
#5516 = DIRECTION ( 'NONE',  ( 1.000000000000000000, 1.070816960479510870E-16, -0.000000000000000000 ) ) ;
#5517 = EDGE_CURVE ( 'NONE', #6331, #4749, #3889, .T. ) ;
#5518 =( GEOMETRIC_REPRESENTATION_CONTEXT ( 3 ) GLOBAL_UNCERTAINTY_ASSIGNED_CONTEXT ( ( #2459 ) ) GLOBAL_UNIT_ASSIGNED_CONTEXT ( ( #1792, #4552, #5833 ) ) REPRESENTATION_CONTEXT ( 'NONE', 'WORKASPACE' ) );
#5519 = EDGE_CURVE ( 'NONE', #4653, #3176, #4734, .T. ) ;
#5520 = DIRECTION ( 'NONE',  ( 3.614007241618347785E-16, -0.000000000000000000, -1.000000000000000000 ) ) ;
#5521 = SURFACE_SIDE_STYLE ('',( #4881 ) ) ;
#5522 = EDGE_CURVE ( 'NONE', #4016, #3004, #6785, .T. ) ;
#5523 = CARTESIAN_POINT ( 'NONE',  ( 2.074999999999998401, 0.9500000000000001776, 0.5999999999999999778 ) ) ;
#5524 = DIRECTION ( 'NONE',  ( -1.000000000000000000, 0.000000000000000000, 0.000000000000000000 ) ) ;
#5525 = SURFACE_SIDE_STYLE ('',( #7477 ) ) ;
#5526 = ORIENTED_EDGE ( 'NONE', *, *, #8517, .T. ) ;
#5527 = CYLINDRICAL_SURFACE ( 'NONE', #5698, 0.05000000000000514450 ) ;
#5528 = CARTESIAN_POINT ( 'NONE',  ( 2.074999999999998845, -1.149999999999999911, 0.5999999999999999778 ) ) ;
#5529 = ORIENTED_EDGE ( 'NONE', *, *, #4385, .F. ) ;
#5530 = VECTOR ( 'NONE', #6436, 1000.000000000000000 ) ;
#5531 = EDGE_LOOP ( 'NONE', ( #208, #7117, #6197, #7817 ) ) ;
#5532 = DIRECTION ( 'NONE',  ( 9.531447670202286736E-17, -1.000000000000000000, -0.000000000000000000 ) ) ;
#5533 = FILL_AREA_STYLE ('',( #2932 ) ) ;
#5534 = LINE ( 'NONE', #7677, #6915 ) ;
#5535 = CARTESIAN_POINT ( 'NONE',  ( 0.6989513836793942447, -0.9180000000000003713, 1.800000000000000044 ) ) ;
#5536 = FILL_AREA_STYLE_COLOUR ( '', #814 ) ;
#5537 = CIRCLE ( 'NONE', #6535, 0.1000000000000000472 ) ;
#5538 = MECHANICAL_DESIGN_GEOMETRIC_PRESENTATION_REPRESENTATION (  '', ( #4036 ), #2813 ) ;
#5539 = ORIENTED_EDGE ( 'NONE', *, *, #2340, .F. ) ;
#5540 = CARTESIAN_POINT ( 'NONE',  ( -0.7058717852661396952, -1.150000000000000355, 1.800000000000000044 ) ) ;
#5541 =( NAMED_UNIT ( * ) PLANE_ANGLE_UNIT ( ) SI_UNIT ( $, .RADIAN. ) );
#5542 = FACE_OUTER_BOUND ( 'NONE', #5051, .T. ) ;
#5543 =( GEOMETRIC_REPRESENTATION_CONTEXT ( 3 ) GLOBAL_UNCERTAINTY_ASSIGNED_CONTEXT ( ( #6456 ) ) GLOBAL_UNIT_ASSIGNED_CONTEXT ( ( #5445, #7563, #1624 ) ) REPRESENTATION_CONTEXT ( 'NONE', 'WORKASPACE' ) );
#5544 = AXIS2_PLACEMENT_3D ( 'NONE', #2209, #299, #3026 ) ;
#5545 = DIRECTION ( 'NONE',  ( -9.531447670202287969E-17, 1.000000000000000000, 0.000000000000000000 ) ) ;
#5546 = SURFACE_SIDE_STYLE ('',( #5647 ) ) ;
#5547 = ORIENTED_EDGE ( 'NONE', *, *, #1465, .T. ) ;
#5548 = DIRECTION ( 'NONE',  ( -1.084202172485504237E-15, -1.160982074886210068E-31, 1.000000000000000000 ) ) ;
#5549 = CARTESIAN_POINT ( 'NONE',  ( -0.8999999999999999112, 0.9499999999999998446, 1.299999999999999822 ) ) ;
#5550 = SURFACE_SIDE_STYLE ('',( #2746 ) ) ;
#5551 = FILL_AREA_STYLE ('',( #884 ) ) ;
#5552 = CARTESIAN_POINT ( 'NONE',  ( 1.874999999999999556, 1.250000000000000000, 1.199999999999999512 ) ) ;
#5553 = AXIS2_PLACEMENT_3D ( 'NONE', #1557, #6212, #6829 ) ;
#5554 = STYLED_ITEM ( 'NONE', ( #5452 ), #5934 ) ;
#5555 = VERTEX_POINT ( 'NONE', #8058 ) ;
#5556 = EDGE_CURVE ( 'NONE', #6863, #2278, #8094, .T. ) ;
#5557 = ORIENTED_EDGE ( 'NONE', *, *, #7644, .T. ) ;
#5558 = SURFACE_STYLE_FILL_AREA ( #7610 ) ;
#5559 = CARTESIAN_POINT ( 'NONE',  ( -2.024999999999999911, 0.8999999999999996891, 0.000000000000000000 ) ) ;
#5560 = VECTOR ( 'NONE', #508, 1000.000000000000000 ) ;
#5561 = COLOUR_RGB ( '',0.8509803921568627194, 0.8509803921568627194, 0.8509803921568627194 ) ;
#5562 = CIRCLE ( 'NONE', #2972, 0.1000000000000000472 ) ;
#5563 =( NAMED_UNIT ( * ) PLANE_ANGLE_UNIT ( ) SI_UNIT ( $, .RADIAN. ) );
#5564 = DIRECTION ( 'NONE',  ( 1.000000000000000000, 0.000000000000000000, 0.000000000000000000 ) ) ;
#5565 = CARTESIAN_POINT ( 'NONE',  ( 1.899999999999999689, -0.8250000000000002887, -1.040834085586084257E-14 ) ) ;
#5566 = STYLED_ITEM ( 'NONE', ( #2748 ), #989 ) ;
#5567 = CIRCLE ( 'NONE', #5034, 0.09999999999999993616 ) ;
#5568 = FACE_OUTER_BOUND ( 'NONE', #533, .T. ) ;
#5569 = STYLED_ITEM ( 'NONE', ( #30 ), #2381 ) ;
#5570 = ORIENTED_EDGE ( 'NONE', *, *, #7332, .F. ) ;
#5571 = ORIENTED_EDGE ( 'NONE', *, *, #6335, .F. ) ;
#5572 = SURFACE_STYLE_FILL_AREA ( #2840 ) ;
#5573 = DIRECTION ( 'NONE',  ( -1.000000000000000000, 0.000000000000000000, -0.000000000000000000 ) ) ;
#5574 = ORIENTED_EDGE ( 'NONE', *, *, #1696, .T. ) ;
#5575 = DIRECTION ( 'NONE',  ( -1.070816960479511117E-16, 1.000000000000000000, -0.000000000000000000 ) ) ;
#5576 = ORIENTED_EDGE ( 'NONE', *, *, #5378, .T. ) ;
#5577 = COLOUR_RGB ( '',0.8431372549019607865, 0.8156862745098039102, 0.7529411764705882248 ) ;
#5578 = STYLED_ITEM ( 'NONE', ( #5360 ), #7887 ) ;
#5579 = ADVANCED_FACE ( 'NONE', ( #1429 ), #3969, .T. ) ;
#5580 = CARTESIAN_POINT ( 'NONE',  ( 0.9499999999999998446, 2.350000000000000089, 1.249999999999999556 ) ) ;
#5581 =( GEOMETRIC_REPRESENTATION_CONTEXT ( 3 ) GLOBAL_UNCERTAINTY_ASSIGNED_CONTEXT ( ( #7071 ) ) GLOBAL_UNIT_ASSIGNED_CONTEXT ( ( #5823, #7825, #3839 ) ) REPRESENTATION_CONTEXT ( 'NONE', 'WORKASPACE' ) );
#5582 = VECTOR ( 'NONE', #2229, 1000.000000000000000 ) ;
#5583 = SURFACE_SIDE_STYLE ('',( #6818 ) ) ;
#5584 = ORIENTED_EDGE ( 'NONE', *, *, #6310, .T. ) ;
#5585 = LINE ( 'NONE', #3490, #7969 ) ;
#5586 = PRESENTATION_LAYER_ASSIGNMENT (  '', '', ( #369 ) ) ;
#5587 = FACE_OUTER_BOUND ( 'NONE', #5793, .T. ) ;
#5588 =( NAMED_UNIT ( * ) PLANE_ANGLE_UNIT ( ) SI_UNIT ( $, .RADIAN. ) );
#5589 =( GEOMETRIC_REPRESENTATION_CONTEXT ( 3 ) GLOBAL_UNCERTAINTY_ASSIGNED_CONTEXT ( ( #2529 ) ) GLOBAL_UNIT_ASSIGNED_CONTEXT ( ( #2141, #7386, #4144 ) ) REPRESENTATION_CONTEXT ( 'NONE', 'WORKASPACE' ) );
#5590 = CARTESIAN_POINT ( 'NONE',  ( -2.275000000000000355, 0.3799999999999995604, 0.2000000000000000944 ) ) ;
#5591 = UNCERTAINTY_MEASURE_WITH_UNIT (LENGTH_MEASURE( 1.000000000000000082E-05 ), #7108, 'distance_accuracy_value', 'NONE');
#5592 = DIRECTION ( 'NONE',  ( -1.070816960479510870E-16, 1.000000000000000000, -0.000000000000000000 ) ) ;
#5593 =( LENGTH_UNIT ( ) NAMED_UNIT ( * ) SI_UNIT ( .MILLI., .METRE. ) );
#5594 = MECHANICAL_DESIGN_GEOMETRIC_PRESENTATION_REPRESENTATION (  '', ( #8590 ), #7431 ) ;
#5595 = CARTESIAN_POINT ( 'NONE',  ( -2.075000000000000178, 0.8999999999999994671, 0.000000000000000000 ) ) ;
#5596 = UNCERTAINTY_MEASURE_WITH_UNIT (LENGTH_MEASURE( 1.000000000000000082E-05 ), #4195, 'distance_accuracy_value', 'NONE');
#5597 = FACE_OUTER_BOUND ( 'NONE', #5320, .T. ) ;
#5598 = ORIENTED_EDGE ( 'NONE', *, *, #3235, .T. ) ;
#5599 =( LENGTH_UNIT ( ) NAMED_UNIT ( * ) SI_UNIT ( .MILLI., .METRE. ) );
#5600 = EDGE_CURVE ( 'NONE', #5236, #168, #5417, .T. ) ;
#5601 = PRESENTATION_LAYER_ASSIGNMENT (  '', '', ( #1084 ) ) ;
#5602 = SURFACE_STYLE_FILL_AREA ( #2824 ) ;
#5603 = DIRECTION ( 'NONE',  ( 0.000000000000000000, 0.000000000000000000, 1.000000000000000000 ) ) ;
#5604 = UNCERTAINTY_MEASURE_WITH_UNIT (LENGTH_MEASURE( 1.000000000000000082E-05 ), #199, 'distance_accuracy_value', 'NONE');
#5605 = DIRECTION ( 'NONE',  ( 1.000000000000000000, -0.000000000000000000, -0.000000000000000000 ) ) ;
#5606 = ORIENTED_EDGE ( 'NONE', *, *, #775, .F. ) ;
#5607 = COLOUR_RGB ( '',0.8509803921568627194, 0.8509803921568627194, 0.8509803921568627194 ) ;
#5608 = ORIENTED_EDGE ( 'NONE', *, *, #6302, .T. ) ;
#5609 = SURFACE_STYLE_USAGE ( .BOTH. , #1573 ) ;
#5610 =( NAMED_UNIT ( * ) SI_UNIT ( $, .STERADIAN. ) SOLID_ANGLE_UNIT ( ) );
#5611 = PRESENTATION_LAYER_ASSIGNMENT (  '', '', ( #823 ) ) ;
#5612 =( NAMED_UNIT ( * ) SI_UNIT ( $, .STERADIAN. ) SOLID_ANGLE_UNIT ( ) );
#5613 = LINE ( 'NONE', #1842, #4077 ) ;
#5614 = FILL_AREA_STYLE ('',( #4327 ) ) ;
#5615 = CARTESIAN_POINT ( 'NONE',  ( 1.374999999999987121, -1.150000000000000355, 1.799999999999981171 ) ) ;
#5616 = VERTEX_POINT ( 'NONE', #2773 ) ;
#5617 = ORIENTED_EDGE ( 'NONE', *, *, #4600, .F. ) ;
#5618 = DIRECTION ( 'NONE',  ( 1.000000000000000000, 1.070816960479510870E-16, -0.000000000000000000 ) ) ;
#5619 = FILL_AREA_STYLE ('',( #6811 ) ) ;
#5620 = CIRCLE ( 'NONE', #6732, 0.2999999999999998224 ) ;
#5621 = ORIENTED_EDGE ( 'NONE', *, *, #1494, .F. ) ;
#5622 = DIRECTION ( 'NONE',  ( -0.000000000000000000, -0.000000000000000000, -1.000000000000000000 ) ) ;
#5623 = CARTESIAN_POINT ( 'NONE',  ( 1.899999999999999689, -0.8250000000000002887, -1.040834085586084257E-14 ) ) ;
#5624 = VERTEX_POINT ( 'NONE', #166 ) ;
#5625 = VERTEX_POINT ( 'NONE', #2122 ) ;
#5626 = DIRECTION ( 'NONE',  ( -0.000000000000000000, -0.000000000000000000, -1.000000000000000000 ) ) ;
#5627 = LINE ( 'NONE', #2377, #4896 ) ;
#5628 = EDGE_CURVE ( 'NONE', #416, #5345, #7204, .T. ) ;
#5629 = VECTOR ( 'NONE', #453, 1000.000000000000000 ) ;
#5630 = ORIENTED_EDGE ( 'NONE', *, *, #4747, .F. ) ;
#5631 = DIRECTION ( 'NONE',  ( -0.000000000000000000, -0.000000000000000000, -1.000000000000000000 ) ) ;
#5632 = SURFACE_STYLE_USAGE ( .BOTH. , #7780 ) ;
#5633 = ADVANCED_FACE ( 'NONE', ( #870 ), #705, .T. ) ;
#5634 = CARTESIAN_POINT ( 'NONE',  ( -1.874999999999998224, 0.9499999999999997335, 0.5999999999999999778 ) ) ;
#5635 = SURFACE_STYLE_USAGE ( .BOTH. , #5494 ) ;
#5636 = ORIENTED_EDGE ( 'NONE', *, *, #6922, .T. ) ;
#5637 = CARTESIAN_POINT ( 'NONE',  ( 1.899999999999999689, -0.7750000000000003553, 0.2000000000000000111 ) ) ;
#5638 = ADVANCED_FACE ( 'NONE', ( #5587 ), #6340, .T. ) ;
#5639 = EDGE_CURVE ( 'NONE', #468, #7185, #5289, .T. ) ;
#5640 = EDGE_CURVE ( 'NONE', #8252, #1514, #8222, .T. ) ;
#5641 = ADVANCED_FACE ( 'NONE', ( #7534 ), #7678, .F. ) ;
#5642 = SURFACE_STYLE_FILL_AREA ( #5036 ) ;
#5643 =( NAMED_UNIT ( * ) SI_UNIT ( $, .STERADIAN. ) SOLID_ANGLE_UNIT ( ) );
#5644 = AXIS2_PLACEMENT_3D ( 'NONE', #7086, #7869, #557 ) ;
#5645 = DIRECTION ( 'NONE',  ( 0.000000000000000000, 1.000000000000000000, -0.000000000000000000 ) ) ;
#5646 = MECHANICAL_DESIGN_GEOMETRIC_PRESENTATION_REPRESENTATION (  '', ( #1115 ), #3039 ) ;
#5647 = SURFACE_STYLE_FILL_AREA ( #2939 ) ;
#5648 = ORIENTED_EDGE ( 'NONE', *, *, #6708, .T. ) ;
#5649 = DIRECTION ( 'NONE',  ( -1.000000000000000000, 0.000000000000000000, 0.000000000000000000 ) ) ;
#5650 = VECTOR ( 'NONE', #1578, 1000.000000000000000 ) ;
#5651 = PLANE ( 'NONE',  #6312 ) ;
#5652 = FILL_AREA_STYLE ('',( #7892 ) ) ;
#5653 =( NAMED_UNIT ( * ) SI_UNIT ( $, .STERADIAN. ) SOLID_ANGLE_UNIT ( ) );
#5654 = EDGE_CURVE ( 'NONE', #5938, #5405, #4347, .T. ) ;
#5655 = COLOUR_RGB ( '',0.8509803921568627194, 0.8509803921568627194, 0.8509803921568627194 ) ;
#5656 = ORIENTED_EDGE ( 'NONE', *, *, #8053, .T. ) ;
#5657 = LINE ( 'NONE', #5095, #1712 ) ;
#5658 = LINE ( 'NONE', #7846, #4171 ) ;
#5659 =( LENGTH_UNIT ( ) NAMED_UNIT ( * ) SI_UNIT ( .MILLI., .METRE. ) );
#5660 = ADVANCED_FACE ( 'NONE', ( #6165 ), #2290, .F. ) ;
#5661 = LINE ( 'NONE', #6929, #6401 ) ;
#5662 = DIRECTION ( 'NONE',  ( 0.000000000000000000, 0.000000000000000000, -1.000000000000000000 ) ) ;
#5663 = FACE_OUTER_BOUND ( 'NONE', #2727, .T. ) ;
#5664 = DIRECTION ( 'NONE',  ( 1.000000000000000000, -0.000000000000000000, -0.000000000000000000 ) ) ;
#5665 = VERTEX_POINT ( 'NONE', #7088 ) ;
#5666 = ORIENTED_EDGE ( 'NONE', *, *, #4744, .F. ) ;
#5667 = CARTESIAN_POINT ( 'NONE',  ( 1.499999999999999778, -1.150000000000000355, 1.199999999999983524 ) ) ;
#5668 =( NAMED_UNIT ( * ) PLANE_ANGLE_UNIT ( ) SI_UNIT ( $, .RADIAN. ) );
#5669 = AXIS2_PLACEMENT_3D ( 'NONE', #5508, #4280, #2993 ) ;
#5670 = ORIENTED_EDGE ( 'NONE', *, *, #969, .T. ) ;
#5671 = FILL_AREA_STYLE_COLOUR ( '', #7976 ) ;
#5672 =( NAMED_UNIT ( * ) SI_UNIT ( $, .STERADIAN. ) SOLID_ANGLE_UNIT ( ) );
#5673 = ORIENTED_EDGE ( 'NONE', *, *, #857, .F. ) ;
#5674 = ORIENTED_EDGE ( 'NONE', *, *, #5406, .T. ) ;
#5675 = LINE ( 'NONE', #8382, #4893 ) ;
#5676 = CARTESIAN_POINT ( 'NONE',  ( 1.375000000000014433, -1.149999999999999911, 0.4955507190332683609 ) ) ;
#5677 = ORIENTED_EDGE ( 'NONE', *, *, #6579, .F. ) ;
#5678 = VECTOR ( 'NONE', #3935, 1000.000000000000000 ) ;
#5679 =( LENGTH_UNIT ( ) NAMED_UNIT ( * ) SI_UNIT ( .MILLI., .METRE. ) );
#5680 = LINE ( 'NONE', #7140, #1525 ) ;
#5681 = PRESENTATION_STYLE_ASSIGNMENT (( #5077 ) ) ;
#5682 =( LENGTH_UNIT ( ) NAMED_UNIT ( * ) SI_UNIT ( .MILLI., .METRE. ) );
#5683 = EDGE_CURVE ( 'NONE', #5777, #8494, #8569, .T. ) ;
#5684 = DIRECTION ( 'NONE',  ( 0.000000000000000000, 0.000000000000000000, 1.000000000000000000 ) ) ;
#5685 = DIRECTION ( 'NONE',  ( 1.000000000000000000, 0.000000000000000000, 0.000000000000000000 ) ) ;
#5686 = CARTESIAN_POINT ( 'NONE',  ( -1.049999999999999822, 0.2499999999999997780, -0.4000000000000000222 ) ) ;
#5687 = LINE ( 'NONE', #3710, #5006 ) ;
#5688 = DIRECTION ( 'NONE',  ( 1.000000000000000000, 1.070816960479510993E-16, 0.000000000000000000 ) ) ;
#5689 = LINE ( 'NONE', #2615, #5530 ) ;
#5690 = SURFACE_SIDE_STYLE ('',( #3711 ) ) ;
#5691 = AXIS2_PLACEMENT_3D ( 'NONE', #6469, #554, #4982 ) ;
#5692 = VERTEX_POINT ( 'NONE', #7240 ) ;
#5693 = EDGE_CURVE ( 'NONE', #3245, #2655, #464, .T. ) ;
#5694 = CARTESIAN_POINT ( 'NONE',  ( -0.8999999999999999112, 0.9499999999999998446, 0.4999999999999995559 ) ) ;
#5695 = EDGE_CURVE ( 'NONE', #6240, #4138, #2522, .T. ) ;
#5696 = SURFACE_STYLE_USAGE ( .BOTH. , #8496 ) ;
#5697 = SURFACE_STYLE_FILL_AREA ( #3072 ) ;
#5698 = AXIS2_PLACEMENT_3D ( 'NONE', #6243, #1632, #7518 ) ;
#5699 = STYLED_ITEM ( 'NONE', ( #7296 ), #2809 ) ;
#5700 = EDGE_CURVE ( 'NONE', #4028, #978, #1905, .T. ) ;
#5701 = COLOUR_RGB ( '',0.8431372549019607865, 0.8156862745098039102, 0.7529411764705882248 ) ;
#5702 = FILL_AREA_STYLE_COLOUR ( '', #3608 ) ;
#5703 = ORIENTED_EDGE ( 'NONE', *, *, #2148, .T. ) ;
#5704 = ORIENTED_EDGE ( 'NONE', *, *, #3861, .F. ) ;
#5705 = AXIS2_PLACEMENT_3D ( 'NONE', #5211, #7327, #6851 ) ;
#5706 = ORIENTED_EDGE ( 'NONE', *, *, #3884, .F. ) ;
#5707 = DIRECTION ( 'NONE',  ( -1.070816960479510993E-16, 1.000000000000000000, 0.000000000000000000 ) ) ;
#5708 = SURFACE_STYLE_USAGE ( .BOTH. , #4513 ) ;
#5709 = STYLED_ITEM ( 'NONE', ( #5681 ), #5754 ) ;
#5710 = UNCERTAINTY_MEASURE_WITH_UNIT (LENGTH_MEASURE( 1.000000000000000082E-05 ), #1606, 'distance_accuracy_value', 'NONE');
#5711 =( GEOMETRIC_REPRESENTATION_CONTEXT ( 3 ) GLOBAL_UNCERTAINTY_ASSIGNED_CONTEXT ( ( #103 ) ) GLOBAL_UNIT_ASSIGNED_CONTEXT ( ( #4636, #8548, #1283 ) ) REPRESENTATION_CONTEXT ( 'NONE', 'WORKASPACE' ) );
#5712 = CARTESIAN_POINT ( 'NONE',  ( -1.049999999999999822, 0.2499999999999997780, -0.3000000000000000444 ) ) ;
#5713 = DIRECTION ( 'NONE',  ( 9.531447670202286736E-17, -1.000000000000000000, -0.000000000000000000 ) ) ;
#5714 = UNCERTAINTY_MEASURE_WITH_UNIT (LENGTH_MEASURE( 1.000000000000000082E-05 ), #7766, 'distance_accuracy_value', 'NONE');
#5715 = CARTESIAN_POINT ( 'NONE',  ( 1.450000000000003508, 0.3799999999999992828, 1.749999999999999334 ) ) ;
#5716 = VECTOR ( 'NONE', #4989, 1000.000000000000000 ) ;
#5717 = ORIENTED_EDGE ( 'NONE', *, *, #8399, .T. ) ;
#5718 = LINE ( 'NONE', #1806, #346 ) ;
#5719 = CARTESIAN_POINT ( 'NONE',  ( -2.024999999999999911, 0.8999999999999996891, 0.000000000000000000 ) ) ;
#5720 = ORIENTED_EDGE ( 'NONE', *, *, #4553, .F. ) ;
#5721 =( NAMED_UNIT ( * ) SI_UNIT ( $, .STERADIAN. ) SOLID_ANGLE_UNIT ( ) );
#5722 = FILL_AREA_STYLE ('',( #5811 ) ) ;
#5723 = VERTEX_POINT ( 'NONE', #7047 ) ;
#5724 = CARTESIAN_POINT ( 'NONE',  ( 1.049999999999999822, 0.2499999999999997780, -0.3000000000000000444 ) ) ;
#5725 = LINE ( 'NONE', #7040, #2012 ) ;
#5726 = AXIS2_PLACEMENT_3D ( 'NONE', #3857, #3719, #581 ) ;
#5727 = AXIS2_PLACEMENT_3D ( 'NONE', #4876, #5477, #3559 ) ;
#5728 = ORIENTED_EDGE ( 'NONE', *, *, #8292, .T. ) ;
#5729 = SURFACE_STYLE_USAGE ( .BOTH. , #3703 ) ;
#5730 = SURFACE_STYLE_FILL_AREA ( #5157 ) ;
#5731 =( LENGTH_UNIT ( ) NAMED_UNIT ( * ) SI_UNIT ( .MILLI., .METRE. ) );
#5732 = SPHERICAL_SURFACE ( 'NONE', #111, 0.1000000000000000056 ) ;
#5733 = ORIENTED_EDGE ( 'NONE', *, *, #4798, .T. ) ;
#5734 = AXIS2_PLACEMENT_3D ( 'NONE', #7724, #418, #8427 ) ;
#5735 = MECHANICAL_DESIGN_GEOMETRIC_PRESENTATION_REPRESENTATION (  '', ( #780 ), #3667 ) ;
#5736 =( GEOMETRIC_REPRESENTATION_CONTEXT ( 3 ) GLOBAL_UNCERTAINTY_ASSIGNED_CONTEXT ( ( #1282 ) ) GLOBAL_UNIT_ASSIGNED_CONTEXT ( ( #8449, #1177, #4737 ) ) REPRESENTATION_CONTEXT ( 'NONE', 'WORKASPACE' ) );
#5737 = PRESENTATION_LAYER_ASSIGNMENT (  '', '', ( #2713 ) ) ;
#5738 = CARTESIAN_POINT ( 'NONE',  ( 2.074999999999998845, -0.6250000000000004441, 1.199999999999995515 ) ) ;
#5739 = CARTESIAN_POINT ( 'NONE',  ( 2.024999999999999467, 0.9500000000000001776, 1.299999999999999600 ) ) ;
#5740 = SURFACE_STYLE_USAGE ( .BOTH. , #1869 ) ;
#5741 = FILL_AREA_STYLE_COLOUR ( '', #6527 ) ;
#5742 = VECTOR ( 'NONE', #5575, 1000.000000000000000 ) ;
#5743 = SURFACE_SIDE_STYLE ('',( #7249 ) ) ;
#5744 = AXIS2_PLACEMENT_3D ( 'NONE', #3196, #1210, #1811 ) ;
#5745 = ORIENTED_EDGE ( 'NONE', *, *, #2127, .T. ) ;
#5746 = PLANE ( 'NONE',  #6304 ) ;
#5747 = PLANE ( 'NONE',  #6978 ) ;
#5748 = COLOUR_RGB ( '',0.8431372549019607865, 0.8156862745098039102, 0.7529411764705882248 ) ;
#5749 = DIRECTION ( 'NONE',  ( 9.531447670202286736E-17, -1.000000000000000000, -0.000000000000000000 ) ) ;
#5750 = MECHANICAL_DESIGN_GEOMETRIC_PRESENTATION_REPRESENTATION (  '', ( #236 ), #5589 ) ;
#5751 = SURFACE_STYLE_FILL_AREA ( #3122 ) ;
#5752 = ORIENTED_EDGE ( 'NONE', *, *, #5798, .T. ) ;
#5753 = LINE ( 'NONE', #8455, #4299 ) ;
#5754 = ADVANCED_FACE ( 'NONE', ( #4580 ), #3201, .T. ) ;
#5755 = COLOUR_RGB ( '',0.8509803921568627194, 0.8509803921568627194, 0.8509803921568627194 ) ;
#5756 = ORIENTED_EDGE ( 'NONE', *, *, #7082, .F. ) ;
#5757 = SURFACE_SIDE_STYLE ('',( #1059 ) ) ;
#5758 = UNCERTAINTY_MEASURE_WITH_UNIT (LENGTH_MEASURE( 1.000000000000000082E-05 ), #6847, 'distance_accuracy_value', 'NONE');
#5759 = MECHANICAL_DESIGN_GEOMETRIC_PRESENTATION_REPRESENTATION (  '', ( #3556 ), #3419 ) ;
#5760 = EDGE_CURVE ( 'NONE', #5822, #4484, #3237, .T. ) ;
#5761 = SURFACE_STYLE_USAGE ( .BOTH. , #6324 ) ;
#5762 =( NAMED_UNIT ( * ) SI_UNIT ( $, .STERADIAN. ) SOLID_ANGLE_UNIT ( ) );
#5763 = DIRECTION ( 'NONE',  ( 0.000000000000000000, 0.000000000000000000, -1.000000000000000000 ) ) ;
#5764 = ORIENTED_EDGE ( 'NONE', *, *, #8238, .F. ) ;
#5765 = DIRECTION ( 'NONE',  ( 0.000000000000000000, 0.000000000000000000, -1.000000000000000000 ) ) ;
#5766 = VERTEX_POINT ( 'NONE', #5821 ) ;
#5767 = COLOUR_RGB ( '',0.8509803921568627194, 0.8509803921568627194, 0.8509803921568627194 ) ;
#5768 = ORIENTED_EDGE ( 'NONE', *, *, #5342, .T. ) ;
#5769 = UNCERTAINTY_MEASURE_WITH_UNIT (LENGTH_MEASURE( 1.000000000000000082E-05 ), #8291, 'distance_accuracy_value', 'NONE');
#5770 = SURFACE_SIDE_STYLE ('',( #3146 ) ) ;
#5771 = ORIENTED_EDGE ( 'NONE', *, *, #2863, .T. ) ;
#5772 = FILL_AREA_STYLE_COLOUR ( '', #1437 ) ;
#5773 = CARTESIAN_POINT ( 'NONE',  ( -0.8500000000000005329, 2.250000000000000444, 1.349999999999999645 ) ) ;
#5774 = STYLED_ITEM ( 'NONE', ( #4579 ), #5046 ) ;
#5775 = FACE_OUTER_BOUND ( 'NONE', #3698, .T. ) ;
#5776 = DIRECTION ( 'NONE',  ( -1.070816960479510993E-16, -1.000000000000000000, -2.244565344780007825E-30 ) ) ;
#5777 = VERTEX_POINT ( 'NONE', #8478 ) ;
#5778 = DIRECTION ( 'NONE',  ( 1.000000000000000000, 0.000000000000000000, 0.000000000000000000 ) ) ;
#5779 = AXIS2_PLACEMENT_3D ( 'NONE', #6237, #242, #192 ) ;
#5780 = DIRECTION ( 'NONE',  ( 0.000000000000000000, 0.000000000000000000, -1.000000000000000000 ) ) ;
#5781 = UNCERTAINTY_MEASURE_WITH_UNIT (LENGTH_MEASURE( 1.000000000000000082E-05 ), #909, 'distance_accuracy_value', 'NONE');
#5782 = FILL_AREA_STYLE ('',( #7199 ) ) ;
#5783 = CARTESIAN_POINT ( 'NONE',  ( 2.024999999999999467, 0.9500000000000001776, 1.749999999999999334 ) ) ;
#5784 = PLANE ( 'NONE',  #6910 ) ;
#5785 = FILL_AREA_STYLE_COLOUR ( '', #5089 ) ;
#5786 = VECTOR ( 'NONE', #2043, 1000.000000000000000 ) ;
#5787 = PLANE ( 'NONE',  #4917 ) ;
#5788 = ORIENTED_EDGE ( 'NONE', *, *, #7351, .T. ) ;
#5789 = CARTESIAN_POINT ( 'NONE',  ( -2.274999999999987477, -1.150000000000000355, 1.799999999999999822 ) ) ;
#5790 = DIRECTION ( 'NONE',  ( -0.000000000000000000, -0.000000000000000000, 1.000000000000000000 ) ) ;
#5791 =( LENGTH_UNIT ( ) NAMED_UNIT ( * ) SI_UNIT ( .MILLI., .METRE. ) );
#5792 = CARTESIAN_POINT ( 'NONE',  ( 0.8499999999999994227, 2.350000000000000089, 0.5499999999999998224 ) ) ;
#5793 = EDGE_LOOP ( 'NONE', ( #8421, #4708, #3049, #7865 ) ) ;
#5794 = VERTEX_POINT ( 'NONE', #5858 ) ;
#5795 = ORIENTED_EDGE ( 'NONE', *, *, #5517, .F. ) ;
#5796 = PRESENTATION_LAYER_ASSIGNMENT (  '', '', ( #6355 ) ) ;
#5797 = PRESENTATION_STYLE_ASSIGNMENT (( #7700 ) ) ;
#5798 = EDGE_CURVE ( 'NONE', #401, #2468, #5205, .T. ) ;
#5799 = CARTESIAN_POINT ( 'NONE',  ( 1.574999999999999289, 1.250000000000000000, 0.5999999999999994227 ) ) ;
#5800 = CARTESIAN_POINT ( 'NONE',  ( 1.474999999999999201, 1.150000000000000133, 0.4999999999999994449 ) ) ;
#5801 = CARTESIAN_POINT ( 'NONE',  ( -1.774999999999998801, 1.149999999999999689, 1.299999999999998490 ) ) ;
#5802 = UNCERTAINTY_MEASURE_WITH_UNIT (LENGTH_MEASURE( 1.000000000000000082E-05 ), #6155, 'distance_accuracy_value', 'NONE');
#5803 = CIRCLE ( 'NONE', #7228, 0.09999999999999982514 ) ;
#5804 = FILL_AREA_STYLE ('',( #8419 ) ) ;
#5805 = LINE ( 'NONE', #6368, #4052 ) ;
#5806 = EDGE_CURVE ( 'NONE', #3055, #5128, #6559, .T. ) ;
#5807 =( LENGTH_UNIT ( ) NAMED_UNIT ( * ) SI_UNIT ( .MILLI., .METRE. ) );
#5808 = EDGE_CURVE ( 'NONE', #7345, #7697, #5984, .T. ) ;
#5809 = ADVANCED_FACE ( 'NONE', ( #2153 ), #8051, .T. ) ;
#5810 = VECTOR ( 'NONE', #1085, 1000.000000000000000 ) ;
#5811 = FILL_AREA_STYLE_COLOUR ( '', #7873 ) ;
#5812 = ORIENTED_EDGE ( 'NONE', *, *, #5806, .T. ) ;
#5813 = ORIENTED_EDGE ( 'NONE', *, *, #1011, .F. ) ;
#5814 = CARTESIAN_POINT ( 'NONE',  ( 1.774999999999999245, 0.9500000000000001776, 1.199999999999999512 ) ) ;
#5815 = EDGE_CURVE ( 'NONE', #7784, #2212, #1463, .T. ) ;
#5816 = VERTEX_POINT ( 'NONE', #6682 ) ;
#5817 = FACE_OUTER_BOUND ( 'NONE', #6996, .T. ) ;
#5818 = CARTESIAN_POINT ( 'NONE',  ( 1.874999999999999556, 1.350000000000000311, 1.199999999999999512 ) ) ;
#5819 = FILL_AREA_STYLE_COLOUR ( '', #5926 ) ;
#5820 = CARTESIAN_POINT ( 'NONE',  ( 2.024999999999999467, 1.150000000000000133, 1.800000000000000044 ) ) ;
#5821 = CARTESIAN_POINT ( 'NONE',  ( -1.574999999999998401, 1.149999999999999689, 0.4999999999999985012 ) ) ;
#5822 = VERTEX_POINT ( 'NONE', #4033 ) ;
#5823 =( LENGTH_UNIT ( ) NAMED_UNIT ( * ) SI_UNIT ( .MILLI., .METRE. ) );
#5824 = VECTOR ( 'NONE', #4508, 1000.000000000000000 ) ;
#5825 = CARTESIAN_POINT ( 'NONE',  ( -1.899999999999999689, -0.6250000000000003331, 1.779999999999980931 ) ) ;
#5826 = LINE ( 'NONE', #6521, #4352 ) ;
#5827 = SURFACE_STYLE_USAGE ( .BOTH. , #5743 ) ;
#5828 = VERTEX_POINT ( 'NONE', #3402 ) ;
#5829 = COLOUR_RGB ( '',0.8431372549019607865, 0.8156862745098039102, 0.7529411764705882248 ) ;
#5830 = CARTESIAN_POINT ( 'NONE',  ( -2.024999999999999911, 0.8999999999999996891, 0.4999999999999989453 ) ) ;
#5831 = LINE ( 'NONE', #3896, #1198 ) ;
#5832 = VECTOR ( 'NONE', #3489, 1000.000000000000000 ) ;
#5833 =( NAMED_UNIT ( * ) SI_UNIT ( $, .STERADIAN. ) SOLID_ANGLE_UNIT ( ) );
#5834 = ORIENTED_EDGE ( 'NONE', *, *, #164, .F. ) ;
#5835 = CARTESIAN_POINT ( 'NONE',  ( 2.275000000000000355, 0.3800000000000001155, 0.3999999999999999667 ) ) ;
#5836 = ORIENTED_EDGE ( 'NONE', *, *, #5556, .T. ) ;
#5837 = ORIENTED_EDGE ( 'NONE', *, *, #6177, .T. ) ;
#5838 = VERTEX_POINT ( 'NONE', #6637 ) ;
#5839 = STYLED_ITEM ( 'NONE', ( #5369 ), #6709 ) ;
#5840 = COLOUR_RGB ( '',0.8509803921568627194, 0.8509803921568627194, 0.8509803921568627194 ) ;
#5841 = FACE_OUTER_BOUND ( 'NONE', #2176, .T. ) ;
#5842 =( LENGTH_UNIT ( ) NAMED_UNIT ( * ) SI_UNIT ( .MILLI., .METRE. ) );
#5843 = DIRECTION ( 'NONE',  ( 0.000000000000000000, 0.000000000000000000, -1.000000000000000000 ) ) ;
#5844 = AXIS2_PLACEMENT_3D ( 'NONE', #6190, #2831, #8163 ) ;
#5845 = MECHANICAL_DESIGN_GEOMETRIC_PRESENTATION_REPRESENTATION (  '', ( #2562 ), #6965 ) ;
#5846 =( GEOMETRIC_REPRESENTATION_CONTEXT ( 3 ) GLOBAL_UNCERTAINTY_ASSIGNED_CONTEXT ( ( #3983 ) ) GLOBAL_UNIT_ASSIGNED_CONTEXT ( ( #5807, #2467, #1111 ) ) REPRESENTATION_CONTEXT ( 'NONE', 'WORKASPACE' ) );
#5847 = VERTEX_POINT ( 'NONE', #6728 ) ;
#5848 = LINE ( 'NONE', #7717, #5432 ) ;
#5849 = EDGE_LOOP ( 'NONE', ( #8179, #1046, #5768 ) ) ;
#5850 = VERTEX_POINT ( 'NONE', #72 ) ;
#5851 =( NAMED_UNIT ( * ) PLANE_ANGLE_UNIT ( ) SI_UNIT ( $, .RADIAN. ) );
#5852 = ORIENTED_EDGE ( 'NONE', *, *, #2128, .T. ) ;
#5853 = DIRECTION ( 'NONE',  ( -8.340016711426956274E-16, 1.000000000000000000, 0.000000000000000000 ) ) ;
#5854 = FILL_AREA_STYLE_COLOUR ( '', #6898 ) ;
#5855 = MECHANICAL_DESIGN_GEOMETRIC_PRESENTATION_REPRESENTATION (  '', ( #769 ), #3515 ) ;
#5856 = AXIS2_PLACEMENT_3D ( 'NONE', #4612, #4654, #7322 ) ;
#5857 = CYLINDRICAL_SURFACE ( 'NONE', #2755, 0.1000000000000000472 ) ;
#5858 = CARTESIAN_POINT ( 'NONE',  ( 1.874999999999999334, 0.9500000000000001776, 0.5999999999999994227 ) ) ;
#5859 =( NAMED_UNIT ( * ) PLANE_ANGLE_UNIT ( ) SI_UNIT ( $, .RADIAN. ) );
#5860 = ORIENTED_EDGE ( 'NONE', *, *, #4901, .T. ) ;
#5861 = ADVANCED_FACE ( 'NONE', ( #120 ), #7994, .F. ) ;
#5862 = DIRECTION ( 'NONE',  ( 0.000000000000000000, 0.000000000000000000, 1.000000000000000000 ) ) ;
#5863 =( GEOMETRIC_REPRESENTATION_CONTEXT ( 3 ) GLOBAL_UNCERTAINTY_ASSIGNED_CONTEXT ( ( #8504 ) ) GLOBAL_UNIT_ASSIGNED_CONTEXT ( ( #5253, #529, #2572 ) ) REPRESENTATION_CONTEXT ( 'NONE', 'WORKASPACE' ) );
#5864 = PRESENTATION_LAYER_ASSIGNMENT (  '', '', ( #7414 ) ) ;
#5865 = DIRECTION ( 'NONE',  ( -1.000000000000000000, -1.070816960479511117E-16, -5.421010862427521184E-16 ) ) ;
#5866 = LINE ( 'NONE', #2434, #7714 ) ;
#5867 = DIRECTION ( 'NONE',  ( -0.000000000000000000, -0.000000000000000000, -1.000000000000000000 ) ) ;
#5868 = ORIENTED_EDGE ( 'NONE', *, *, #4924, .F. ) ;
#5869 = AXIS2_PLACEMENT_3D ( 'NONE', #2348, #4920, #2870 ) ;
#5870 = AXIS2_PLACEMENT_3D ( 'NONE', #4549, #6651, #3529 ) ;
#5871 =( NAMED_UNIT ( * ) PLANE_ANGLE_UNIT ( ) SI_UNIT ( $, .RADIAN. ) );
#5872 = PRESENTATION_LAYER_ASSIGNMENT (  '', '', ( #8564 ) ) ;
#5873 = ORIENTED_EDGE ( 'NONE', *, *, #7214, .T. ) ;
#5874 = CARTESIAN_POINT ( 'NONE',  ( -1.874999999999998890, 0.9499999999999996225, 1.199999999999998401 ) ) ;
#5875 = FACE_OUTER_BOUND ( 'NONE', #457, .T. ) ;
#5876 = CARTESIAN_POINT ( 'NONE',  ( -1.574999999999999289, 1.249999999999999778, 0.5999999999999994227 ) ) ;
#5877 = MECHANICAL_DESIGN_GEOMETRIC_PRESENTATION_REPRESENTATION (  '', ( #2851 ), #3540 ) ;
#5878 =( GEOMETRIC_REPRESENTATION_CONTEXT ( 3 ) GLOBAL_UNCERTAINTY_ASSIGNED_CONTEXT ( ( #6747 ) ) GLOBAL_UNIT_ASSIGNED_CONTEXT ( ( #1421, #2155, #6600 ) ) REPRESENTATION_CONTEXT ( 'NONE', 'WORKASPACE' ) );
#5879 = AXIS2_PLACEMENT_3D ( 'NONE', #552, #3733, #461 ) ;
#5880 = DIRECTION ( 'NONE',  ( -0.000000000000000000, -0.000000000000000000, -1.000000000000000000 ) ) ;
#5881 = ORIENTED_EDGE ( 'NONE', *, *, #8510, .T. ) ;
#5882 = EDGE_CURVE ( 'NONE', #3815, #2864, #7993, .T. ) ;
#5883 = ORIENTED_EDGE ( 'NONE', *, *, #5482, .F. ) ;
#5884 = CIRCLE ( 'NONE', #91, 0.1999999999999997613 ) ;
#5885 = DIRECTION ( 'NONE',  ( -1.000000000000000000, -1.070816960479510870E-16, 0.000000000000000000 ) ) ;
#5886 = DIRECTION ( 'NONE',  ( -0.000000000000000000, -1.000000000000000000, -0.000000000000000000 ) ) ;
#5887 = UNCERTAINTY_MEASURE_WITH_UNIT (LENGTH_MEASURE( 1.000000000000000082E-05 ), #4366, 'distance_accuracy_value', 'NONE');
#5888 = UNCERTAINTY_MEASURE_WITH_UNIT (LENGTH_MEASURE( 1.000000000000000082E-05 ), #5340, 'distance_accuracy_value', 'NONE');
#5889 = MECHANICAL_DESIGN_GEOMETRIC_PRESENTATION_REPRESENTATION (  '', ( #2995 ), #5052 ) ;
#5890 = DIRECTION ( 'NONE',  ( 1.000000000000000000, 1.376764663473656463E-16, 0.000000000000000000 ) ) ;
#5891 = ORIENTED_EDGE ( 'NONE', *, *, #6556, .F. ) ;
#5892 = FACE_OUTER_BOUND ( 'NONE', #2163, .T. ) ;
#5893 = MECHANICAL_DESIGN_GEOMETRIC_PRESENTATION_REPRESENTATION (  '', ( #5461 ), #7746 ) ;
#5894 = ORIENTED_EDGE ( 'NONE', *, *, #3128, .F. ) ;
#5895 = ORIENTED_EDGE ( 'NONE', *, *, #8510, .F. ) ;
#5896 = COLOUR_RGB ( '',0.8509803921568627194, 0.8509803921568627194, 0.8509803921568627194 ) ;
#5897 = SURFACE_SIDE_STYLE ('',( #1940 ) ) ;
#5898 = ORIENTED_EDGE ( 'NONE', *, *, #6182, .F. ) ;
#5899 = SURFACE_STYLE_FILL_AREA ( #2674 ) ;
#5900 = PLANE ( 'NONE',  #1402 ) ;
#5901 = AXIS2_PLACEMENT_3D ( 'NONE', #6072, #656, #1345 ) ;
#5902 = DIRECTION ( 'NONE',  ( 0.000000000000000000, 1.000000000000000000, 0.000000000000000000 ) ) ;
#5903 = EDGE_LOOP ( 'NONE', ( #6599, #8234, #6993, #7688, #526, #193 ) ) ;
#5904 = FILL_AREA_STYLE ('',( #2525 ) ) ;
#5905 = EDGE_CURVE ( 'NONE', #7784, #7235, #1385, .T. ) ;
#5906 = SURFACE_STYLE_FILL_AREA ( #3204 ) ;
#5907 = SURFACE_SIDE_STYLE ('',( #610 ) ) ;
#5908 = EDGE_CURVE ( 'NONE', #2053, #488, #6810, .T. ) ;
#5909 = CARTESIAN_POINT ( 'NONE',  ( 2.024999999999999467, 0.9500000000000002887, 0.5000000000000000000 ) ) ;
#5910 = SURFACE_STYLE_FILL_AREA ( #82 ) ;
#5911 =( NAMED_UNIT ( * ) SI_UNIT ( $, .STERADIAN. ) SOLID_ANGLE_UNIT ( ) );
#5912 = LINE ( 'NONE', #8624, #1536 ) ;
#5913 = CARTESIAN_POINT ( 'NONE',  ( 1.375000000000024869, -1.150000000000000355, -1.040834085586005371E-14 ) ) ;
#5914 = DIRECTION ( 'NONE',  ( -1.000000000000000000, -1.070816960479511117E-16, 0.000000000000000000 ) ) ;
#5915 = SURFACE_STYLE_USAGE ( .BOTH. , #4452 ) ;
#5916 = EDGE_CURVE ( 'NONE', #415, #7859, #3651, .T. ) ;
#5917 = VECTOR ( 'NONE', #1159, 1000.000000000000000 ) ;
#5918 = EDGE_CURVE ( 'NONE', #5237, #4035, #6282, .T. ) ;
#5919 = ADVANCED_FACE ( 'NONE', ( #6154 ), #4249, .T. ) ;
#5920 = SURFACE_STYLE_USAGE ( .BOTH. , #2084 ) ;
#5921 = CARTESIAN_POINT ( 'NONE',  ( -1.899999999999999689, -0.7750000000000002442, 1.199999999999991962 ) ) ;
#5922 = PLANE ( 'NONE',  #2249 ) ;
#5923 = COLOUR_RGB ( '',0.8509803921568627194, 0.8509803921568627194, 0.8509803921568627194 ) ;
#5924 = DIRECTION ( 'NONE',  ( -1.070816960479510870E-16, 1.000000000000000000, -0.000000000000000000 ) ) ;
#5925 = ORIENTED_EDGE ( 'NONE', *, *, #8466, .T. ) ;
#5926 = COLOUR_RGB ( '',0.2235294117647058654, 0.2235294117647058654, 0.2235294117647058654 ) ;
#5927 = ORIENTED_EDGE ( 'NONE', *, *, #6325, .T. ) ;
#5928 =( NAMED_UNIT ( * ) PLANE_ANGLE_UNIT ( ) SI_UNIT ( $, .RADIAN. ) );
#5929 =( NAMED_UNIT ( * ) PLANE_ANGLE_UNIT ( ) SI_UNIT ( $, .RADIAN. ) );
#5930 = SURFACE_STYLE_USAGE ( .BOTH. , #3307 ) ;
#5931 =( GEOMETRIC_REPRESENTATION_CONTEXT ( 3 ) GLOBAL_UNCERTAINTY_ASSIGNED_CONTEXT ( ( #2871 ) ) GLOBAL_UNIT_ASSIGNED_CONTEXT ( ( #7751, #1055, #2351 ) ) REPRESENTATION_CONTEXT ( 'NONE', 'WORKASPACE' ) );
#5932 = VERTEX_POINT ( 'NONE', #987 ) ;
#5933 = FILL_AREA_STYLE ('',( #7355 ) ) ;
#5934 = ADVANCED_FACE ( 'NONE', ( #326 ), #7515, .T. ) ;
#5935 = ORIENTED_EDGE ( 'NONE', *, *, #2340, .T. ) ;
#5936 = AXIS2_PLACEMENT_3D ( 'NONE', #6983, #3689, #7031 ) ;
#5937 = SPHERICAL_SURFACE ( 'NONE', #1200, 0.1000000000000000056 ) ;
#5938 = VERTEX_POINT ( 'NONE', #6774 ) ;
#5939 = FILL_AREA_STYLE_COLOUR ( '', #6806 ) ;
#5940 = FILL_AREA_STYLE ('',( #5326 ) ) ;
#5941 = AXIS2_PLACEMENT_3D ( 'NONE', #5125, #7882, #3797 ) ;
#5942 =( NAMED_UNIT ( * ) PLANE_ANGLE_UNIT ( ) SI_UNIT ( $, .RADIAN. ) );
#5943 = ORIENTED_EDGE ( 'NONE', *, *, #1535, .F. ) ;
#5944 =( NAMED_UNIT ( * ) SI_UNIT ( $, .STERADIAN. ) SOLID_ANGLE_UNIT ( ) );
#5945 = ORIENTED_EDGE ( 'NONE', *, *, #4027, .T. ) ;
#5946 = DIRECTION ( 'NONE',  ( -1.000000000000000000, -1.070816960479510870E-16, 2.710505431213761578E-16 ) ) ;
#5947 = CARTESIAN_POINT ( 'NONE',  ( -1.450000000000004174, 0.8999999999999999112, 1.800000000000000044 ) ) ;
#5948 = CYLINDRICAL_SURFACE ( 'NONE', #3536, 0.1000000000000000472 ) ;
#5949 = CARTESIAN_POINT ( 'NONE',  ( -0.7058717852661396952, -0.9180000000000003713, 0.000000000000000000 ) ) ;
#5950 = CARTESIAN_POINT ( 'NONE',  ( -1.574999999999999512, 1.249999999999999778, 1.199999999999999512 ) ) ;
#5951 =( NAMED_UNIT ( * ) SI_UNIT ( $, .STERADIAN. ) SOLID_ANGLE_UNIT ( ) );
#5952 = CARTESIAN_POINT ( 'NONE',  ( 1.899999999999999689, -0.6250000000000003331, 1.199999999999991962 ) ) ;
#5953 = ORIENTED_EDGE ( 'NONE', *, *, #5918, .T. ) ;
#5954 = LINE ( 'NONE', #7336, #4351 ) ;
#5955 = MECHANICAL_DESIGN_GEOMETRIC_PRESENTATION_REPRESENTATION (  '', ( #1415 ), #4151 ) ;
#5956 =( LENGTH_UNIT ( ) NAMED_UNIT ( * ) SI_UNIT ( .MILLI., .METRE. ) );
#5957 =( LENGTH_UNIT ( ) NAMED_UNIT ( * ) SI_UNIT ( .MILLI., .METRE. ) );
#5958 = FILL_AREA_STYLE ('',( #2000 ) ) ;
#5959 = PLANE ( 'NONE',  #7500 ) ;
#5960 = DIRECTION ( 'NONE',  ( -1.070816960479510993E-16, 1.000000000000000000, 0.000000000000000000 ) ) ;
#5961 = COLOUR_RGB ( '',0.8509803921568627194, 0.8509803921568627194, 0.8509803921568627194 ) ;
#5962 = VERTEX_POINT ( 'NONE', #3524 ) ;
#5963 = VERTEX_POINT ( 'NONE', #3478 ) ;
#5964 = LINE ( 'NONE', #6008, #76 ) ;
#5965 = EDGE_CURVE ( 'NONE', #518, #3240, #2961, .T. ) ;
#5966 = DIRECTION ( 'NONE',  ( 1.000000000000000000, 0.000000000000000000, 0.000000000000000000 ) ) ;
#5967 = AXIS2_PLACEMENT_3D ( 'NONE', #8133, #7286, #2771 ) ;
#5968 = FACE_OUTER_BOUND ( 'NONE', #4520, .T. ) ;
#5969 = DIRECTION ( 'NONE',  ( -2.410830550270208228E-46, 2.251393692149440783E-30, -1.000000000000000000 ) ) ;
#5970 =( NAMED_UNIT ( * ) PLANE_ANGLE_UNIT ( ) SI_UNIT ( $, .RADIAN. ) );
#5971 = PRESENTATION_LAYER_ASSIGNMENT (  '', '', ( #4728 ) ) ;
#5972 = ORIENTED_EDGE ( 'NONE', *, *, #4001, .T. ) ;
#5973 = DIRECTION ( 'NONE',  ( 9.531447670202286736E-17, -1.000000000000000000, 1.984131124025319515E-30 ) ) ;
#5974 = SURFACE_SIDE_STYLE ('',( #2104 ) ) ;
#5975 = DIRECTION ( 'NONE',  ( 0.000000000000000000, 6.862039066364035213E-17, 1.000000000000000000 ) ) ;
#5976 = VERTEX_POINT ( 'NONE', #7906 ) ;
#5977 = CIRCLE ( 'NONE', #5844, 0.2999999999999998224 ) ;
#5978 = AXIS2_PLACEMENT_3D ( 'NONE', #1519, #6909, #2982 ) ;
#5979 = VERTEX_POINT ( 'NONE', #6414 ) ;
#5980 = STYLED_ITEM ( 'NONE', ( #5319 ), #2919 ) ;
#5981 =( NAMED_UNIT ( * ) SI_UNIT ( $, .STERADIAN. ) SOLID_ANGLE_UNIT ( ) );
#5982 = CARTESIAN_POINT ( 'NONE',  ( 0.8499999999999999778, 0.2499999999999997780, -0.4000000000000000222 ) ) ;
#5983 = EDGE_CURVE ( 'NONE', #7517, #6116, #1761, .T. ) ;
#5984 = LINE ( 'NONE', #3959, #1318 ) ;
#5985 = DIRECTION ( 'NONE',  ( 9.531447670202287969E-17, -1.000000000000000000, 0.000000000000000000 ) ) ;
#5986 = COLOUR_RGB ( '',0.8431372549019607865, 0.8156862745098039102, 0.7529411764705882248 ) ;
#5987 = VERTEX_POINT ( 'NONE', #3188 ) ;
#5988 = FILL_AREA_STYLE ('',( #6034 ) ) ;
#5989 = VERTEX_POINT ( 'NONE', #501 ) ;
#5990 = SURFACE_SIDE_STYLE ('',( #7196 ) ) ;
#5991 = VECTOR ( 'NONE', #3772, 1000.000000000000000 ) ;
#5992 =( NAMED_UNIT ( * ) PLANE_ANGLE_UNIT ( ) SI_UNIT ( $, .RADIAN. ) );
#5993 = SURFACE_STYLE_FILL_AREA ( #2039 ) ;
#5994 = DIRECTION ( 'NONE',  ( 1.734723475976896078E-14, 0.000000000000000000, 1.000000000000000000 ) ) ;
#5995 = DIRECTION ( 'NONE',  ( -1.000000000000000000, 0.000000000000000000, 0.000000000000000000 ) ) ;
#5996 = CIRCLE ( 'NONE', #2286, 0.1000000000000000472 ) ;
#5997 = LINE ( 'NONE', #7971, #1508 ) ;
#5998 = PRESENTATION_STYLE_ASSIGNMENT (( #5920 ) ) ;
#5999 = CARTESIAN_POINT ( 'NONE',  ( 1.000000000000000000, 0.3799999999999990608, 0.4999999999999995559 ) ) ;
#6000 = SURFACE_STYLE_FILL_AREA ( #4092 ) ;
#6001 = VECTOR ( 'NONE', #3964, 1000.000000000000000 ) ;
#6002 =( GEOMETRIC_REPRESENTATION_CONTEXT ( 3 ) GLOBAL_UNCERTAINTY_ASSIGNED_CONTEXT ( ( #8438 ) ) GLOBAL_UNIT_ASSIGNED_CONTEXT ( ( #3697, #1713, #5672 ) ) REPRESENTATION_CONTEXT ( 'NONE', 'WORKASPACE' ) );
#6003 = PRESENTATION_LAYER_ASSIGNMENT (  '', '', ( #3659 ) ) ;
#6004 =( NAMED_UNIT ( * ) SI_UNIT ( $, .STERADIAN. ) SOLID_ANGLE_UNIT ( ) );
#6005 = VECTOR ( 'NONE', #8488, 1000.000000000000000 ) ;
#6006 = ORIENTED_EDGE ( 'NONE', *, *, #7094, .F. ) ;
#6007 = EDGE_LOOP ( 'NONE', ( #4603, #6400, #1531, #6270 ) ) ;
#6008 = CARTESIAN_POINT ( 'NONE',  ( -1.899999999999999689, -0.6250000000000004441, 0.2000000000000000111 ) ) ;
#6009 = COLOUR_RGB ( '',0.8509803921568627194, 0.8509803921568627194, 0.8509803921568627194 ) ;
#6010 =( GEOMETRIC_REPRESENTATION_CONTEXT ( 3 ) GLOBAL_UNCERTAINTY_ASSIGNED_CONTEXT ( ( #6908 ) ) GLOBAL_UNIT_ASSIGNED_CONTEXT ( ( #4765, #2017, #15 ) ) REPRESENTATION_CONTEXT ( 'NONE', 'WORKASPACE' ) );
#6011 =( GEOMETRIC_REPRESENTATION_CONTEXT ( 3 ) GLOBAL_UNCERTAINTY_ASSIGNED_CONTEXT ( ( #8100 ) ) GLOBAL_UNIT_ASSIGNED_CONTEXT ( ( #4261, #426, #2899 ) ) REPRESENTATION_CONTEXT ( 'NONE', 'WORKASPACE' ) );
#6012 = CYLINDRICAL_SURFACE ( 'NONE', #6328, 0.1000000000000000472 ) ;
#6013 = DIRECTION ( 'NONE',  ( 9.531447670202286736E-17, -1.000000000000000000, -0.000000000000000000 ) ) ;
#6014 =( GEOMETRIC_REPRESENTATION_CONTEXT ( 3 ) GLOBAL_UNCERTAINTY_ASSIGNED_CONTEXT ( ( #6577 ) ) GLOBAL_UNIT_ASSIGNED_CONTEXT ( ( #8043, #1982, #5362 ) ) REPRESENTATION_CONTEXT ( 'NONE', 'WORKASPACE' ) );
#6015 = EDGE_CURVE ( 'NONE', #2996, #1164, #4330, .T. ) ;
#6016 = DIRECTION ( 'NONE',  ( 9.531447670202286736E-17, -1.000000000000000000, -0.000000000000000000 ) ) ;
#6017 = VECTOR ( 'NONE', #4427, 1000.000000000000000 ) ;
#6018 = LINE ( 'NONE', #1329, #7856 ) ;
#6019 = CARTESIAN_POINT ( 'NONE',  ( -1.899999999999999689, -1.325000000000000178, -1.040834085586084257E-14 ) ) ;
#6020 = EDGE_CURVE ( 'NONE', #5723, #8348, #4625, .T. ) ;
#6021 = DIRECTION ( 'NONE',  ( -1.000000000000000000, 0.000000000000000000, -0.000000000000000000 ) ) ;
#6022 = EDGE_CURVE ( 'NONE', #2963, #4907, #545, .T. ) ;
#6023 = EDGE_CURVE ( 'NONE', #5766, #1733, #5805, .T. ) ;
#6024 = ORIENTED_EDGE ( 'NONE', *, *, #5517, .T. ) ;
#6025 = AXIS2_PLACEMENT_3D ( 'NONE', #3860, #3819, #3220 ) ;
#6026 = AXIS2_PLACEMENT_3D ( 'NONE', #8197, #6059, #7502 ) ;
#6028 = EDGE_LOOP ( 'NONE', ( #2742, #4899, #8376, #5812 ) ) ;
#6027 = SURFACE_STYLE_USAGE ( .BOTH. , #8081 ) ;
#6029 = VERTEX_POINT ( 'NONE', #5018 ) ;
#6030 = VECTOR ( 'NONE', #8135, 1000.000000000000000 ) ;
#6031 = SURFACE_STYLE_FILL_AREA ( #4723 ) ;
#6032 = FILL_AREA_STYLE ('',( #5243 ) ) ;
#6033 = EDGE_LOOP ( 'NONE', ( #4269, #8022, #1938, #7400 ) ) ;
#6034 = FILL_AREA_STYLE_COLOUR ( '', #7100 ) ;
#6035 = AXIS2_PLACEMENT_3D ( 'NONE', #6576, #131, #88 ) ;
#6036 = FILL_AREA_STYLE ('',( #1637 ) ) ;
#6037 = EDGE_CURVE ( 'NONE', #5665, #361, #5718, .T. ) ;
#6038 = VERTEX_POINT ( 'NONE', #4521 ) ;
#6039 = SURFACE_SIDE_STYLE ('',( #8622 ) ) ;
#6040 = DIRECTION ( 'NONE',  ( -1.000000000000000000, 0.000000000000000000, 0.000000000000000000 ) ) ;
#6041 = LINE ( 'NONE', #2123, #6163 ) ;
#6042 = ORIENTED_EDGE ( 'NONE', *, *, #7842, .T. ) ;
#6043 = CARTESIAN_POINT ( 'NONE',  ( -1.774999999999998801, 0.3799999999999983391, 1.199999999999998401 ) ) ;
#6044 = AXIS2_PLACEMENT_3D ( 'NONE', #3924, #5946, #6565 ) ;
#6045 = UNCERTAINTY_MEASURE_WITH_UNIT (LENGTH_MEASURE( 1.000000000000000082E-05 ), #8555, 'distance_accuracy_value', 'NONE');
#6046 = UNCERTAINTY_MEASURE_WITH_UNIT (LENGTH_MEASURE( 1.000000000000000082E-05 ), #2715, 'distance_accuracy_value', 'NONE');
#6047 = CARTESIAN_POINT ( 'NONE',  ( -0.9500000000000005107, 2.250000000000000444, 0.5499999999999997113 ) ) ;
#6048 = EDGE_CURVE ( 'NONE', #2382, #2070, #1148, .T. ) ;
#6049 = CARTESIAN_POINT ( 'NONE',  ( 2.024999999999998579, 0.9500000000000001776, 1.299999999999998712 ) ) ;
#6050 = LINE ( 'NONE', #132, #7964 ) ;
#6051 = PLANE ( 'NONE',  #3327 ) ;
#6052 = ORIENTED_EDGE ( 'NONE', *, *, #6601, .T. ) ;
#6053 = ORIENTED_EDGE ( 'NONE', *, *, #2361, .F. ) ;
#6054 = ORIENTED_EDGE ( 'NONE', *, *, #921, .T. ) ;
#6055 = DIRECTION ( 'NONE',  ( 0.000000000000000000, 0.000000000000000000, -1.000000000000000000 ) ) ;
#6056 = DIRECTION ( 'NONE',  ( -1.070816960479510993E-16, 1.000000000000000000, 0.000000000000000000 ) ) ;
#6057 =( GEOMETRIC_REPRESENTATION_CONTEXT ( 3 ) GLOBAL_UNCERTAINTY_ASSIGNED_CONTEXT ( ( #3779 ) ) GLOBAL_UNIT_ASSIGNED_CONTEXT ( ( #2410, #7713, #7904 ) ) REPRESENTATION_CONTEXT ( 'NONE', 'WORKASPACE' ) );
#6058 = UNCERTAINTY_MEASURE_WITH_UNIT (LENGTH_MEASURE( 1.000000000000000082E-05 ), #8395, 'distance_accuracy_value', 'NONE');
#6059 = DIRECTION ( 'NONE',  ( -5.706327223607918787E-17, -5.438955932086958456E-33, 1.000000000000000000 ) ) ;
#6060 = DIRECTION ( 'NONE',  ( 0.000000000000000000, 0.000000000000000000, -1.000000000000000000 ) ) ;
#6061 = CARTESIAN_POINT ( 'NONE',  ( -1.474999999999998312, 1.149999999999999689, 0.4999999999999986122 ) ) ;
#6062 = COLOUR_RGB ( '',0.8431372549019607865, 0.8156862745098039102, 0.7529411764705882248 ) ;
#6063 = CARTESIAN_POINT ( 'NONE',  ( 1.574999999999999289, 0.3799999999999988387, 1.199999999999999512 ) ) ;
#6064 = CARTESIAN_POINT ( 'NONE',  ( 0.8499999999999994227, 2.349999999999999645, 0.5499999999999998224 ) ) ;
#6065 = VECTOR ( 'NONE', #652, 1000.000000000000000 ) ;
#6066 =( LENGTH_UNIT ( ) NAMED_UNIT ( * ) SI_UNIT ( .MILLI., .METRE. ) );
#6067 = AXIS2_PLACEMENT_3D ( 'NONE', #1491, #4021, #4101 ) ;
#6068 = EDGE_CURVE ( 'NONE', #7697, #6627, #3226, .T. ) ;
#6069 = ADVANCED_FACE ( 'NONE', ( #5103 ), #3824, .F. ) ;
#6070 = CARTESIAN_POINT ( 'NONE',  ( -2.075000000000000622, 0.4799999999999993716, 0.4999999999999988343 ) ) ;
#6071 = FILL_AREA_STYLE ('',( #2723 ) ) ;
#6072 = CARTESIAN_POINT ( 'NONE',  ( 1.574999999999999289, 0.9500000000000001776, 1.199999999999999512 ) ) ;
#6073 = DIRECTION ( 'NONE',  ( 1.084202172485504040E-15, -1.000000000000000000, 0.000000000000000000 ) ) ;
#6074 = CIRCLE ( 'NONE', #2528, 0.09999999999999993616 ) ;
#6075 = ORIENTED_EDGE ( 'NONE', *, *, #4104, .F. ) ;
#6076 = EDGE_CURVE ( 'NONE', #7581, #8252, #1247, .T. ) ;
#6077 = CARTESIAN_POINT ( 'NONE',  ( -1.774999999999999467, 1.249999999999999778, 0.5999999999999994227 ) ) ;
#6078 = DIRECTION ( 'NONE',  ( 6.938893903907235280E-16, 0.000000000000000000, -1.000000000000000000 ) ) ;
#6079 = VERTEX_POINT ( 'NONE', #6506 ) ;
#6080 = LINE ( 'NONE', #1678, #5175 ) ;
#6081 = SURFACE_STYLE_USAGE ( .BOTH. , #3362 ) ;
#6082 = ORIENTED_EDGE ( 'NONE', *, *, #3236, .T. ) ;
#6083 = CARTESIAN_POINT ( 'NONE',  ( 1.375000000000024869, -0.6250000000000003331, -1.040834085586005371E-14 ) ) ;
#6084 = COLOUR_RGB ( '',0.8509803921568627194, 0.8509803921568627194, 0.8509803921568627194 ) ;
#6085 = DIRECTION ( 'NONE',  ( -0.000000000000000000, 0.000000000000000000, -1.000000000000000000 ) ) ;
#6086 = FACE_OUTER_BOUND ( 'NONE', #1254, .T. ) ;
#6087 = SURFACE_STYLE_FILL_AREA ( #5958 ) ;
#6088 = FILL_AREA_STYLE_COLOUR ( '', #6377 ) ;
#6089 = PRESENTATION_STYLE_ASSIGNMENT (( #43 ) ) ;
#6090 = ORIENTED_EDGE ( 'NONE', *, *, #6170, .F. ) ;
#6091 = EDGE_CURVE ( 'NONE', #8565, #518, #5848, .T. ) ;
#6092 = MECHANICAL_DESIGN_GEOMETRIC_PRESENTATION_REPRESENTATION (  '', ( #866 ), #5122 ) ;
#6093 = CARTESIAN_POINT ( 'NONE',  ( -1.574999999999999289, 1.349999999999999867, 0.5999999999999994227 ) ) ;
#6094 = STYLED_ITEM ( 'NONE', ( #1321 ), #160 ) ;
#6095 = COLOUR_RGB ( '',0.8431372549019607865, 0.8156862745098039102, 0.7529411764705882248 ) ;
#6096 = SURFACE_STYLE_USAGE ( .BOTH. , #4142 ) ;
#6097 = CARTESIAN_POINT ( 'NONE',  ( 1.374999999999987121, -1.150000000000000355, 1.799999999999981171 ) ) ;
#6098 = VECTOR ( 'NONE', #1951, 1000.000000000000000 ) ;
#6099 = FILL_AREA_STYLE_COLOUR ( '', #2302 ) ;
#6100 = DIRECTION ( 'NONE',  ( 1.070816960479510870E-16, -1.000000000000000000, 0.000000000000000000 ) ) ;
#6101 = CIRCLE ( 'NONE', #2404, 0.1000000000000000472 ) ;
#6102 = CARTESIAN_POINT ( 'NONE',  ( -1.874999999999999556, 0.9499999999999997335, 1.199999999999999512 ) ) ;
#6103 = DIRECTION ( 'NONE',  ( -1.070816960479510870E-16, 1.000000000000000000, 0.000000000000000000 ) ) ;
#6104 = VERTEX_POINT ( 'NONE', #5195 ) ;
#6105 = EDGE_LOOP ( 'NONE', ( #4209, #1502, #2221, #4386, #1522, #504 ) ) ;
#6106 = SURFACE_STYLE_FILL_AREA ( #2276 ) ;
#6107 = ORIENTED_EDGE ( 'NONE', *, *, #6310, .F. ) ;
#6108 = SURFACE_STYLE_USAGE ( .BOTH. , #155 ) ;
#6109 = AXIS2_PLACEMENT_3D ( 'NONE', #8471, #4523, #7131 ) ;
#6110 = CARTESIAN_POINT ( 'NONE',  ( 2.024999999999999467, 0.5799999999999948530, 0.2000000000000000111 ) ) ;
#6111 = COLOUR_RGB ( '',0.8509803921568627194, 0.8509803921568627194, 0.8509803921568627194 ) ;
#6112 = ORIENTED_EDGE ( 'NONE', *, *, #2718, .T. ) ;
#6113 = DIRECTION ( 'NONE',  ( 1.224646799147353207E-16, 1.000000000000000000, -0.000000000000000000 ) ) ;
#6114 = PRESENTATION_LAYER_ASSIGNMENT (  '', '', ( #1572 ) ) ;
#6115 = SURFACE_STYLE_USAGE ( .BOTH. , #4848 ) ;
#6116 = VERTEX_POINT ( 'NONE', #8377 ) ;
#6117 = SPHERICAL_SURFACE ( 'NONE', #3074, 0.1000000000000000056 ) ;
#6118 = LINE ( 'NONE', #8259, #4805 ) ;
#6119 = EDGE_CURVE ( 'NONE', #5156, #6660, #3050, .T. ) ;
#6120 = VECTOR ( 'NONE', #4685, 1000.000000000000000 ) ;
#6121 = DIRECTION ( 'NONE',  ( -1.000000000000000000, -1.070816960479510993E-16, 1.734723475976896078E-14 ) ) ;
#6122 = STYLED_ITEM ( 'NONE', ( #7685 ), #3011 ) ;
#6123 = ORIENTED_EDGE ( 'NONE', *, *, #3811, .F. ) ;
#6124 = SURFACE_STYLE_FILL_AREA ( #915 ) ;
#6125 = VECTOR ( 'NONE', #546, 1000.000000000000000 ) ;
#6126 = ORIENTED_EDGE ( 'NONE', *, *, #1235, .T. ) ;
#6127 = UNCERTAINTY_MEASURE_WITH_UNIT (LENGTH_MEASURE( 1.000000000000000082E-05 ), #7953, 'distance_accuracy_value', 'NONE');
#6128 = COLOUR_RGB ( '',0.8431372549019607865, 0.8156862745098039102, 0.7529411764705882248 ) ;
#6129 = SURFACE_SIDE_STYLE ('',( #298 ) ) ;
#6130 = FACE_OUTER_BOUND ( 'NONE', #4536, .T. ) ;
#6131 = SURFACE_STYLE_FILL_AREA ( #878 ) ;
#6132 = ORIENTED_EDGE ( 'NONE', *, *, #6968, .F. ) ;
#6133 = COLOUR_RGB ( '',0.8431372549019607865, 0.8156862745098039102, 0.7529411764705882248 ) ;
#6134 = ORIENTED_EDGE ( 'NONE', *, *, #7394, .F. ) ;
#6135 = CARTESIAN_POINT ( 'NONE',  ( -1.374999999999999778, -0.6250000000000003331, 1.199999999999981082 ) ) ;
#6136 = SURFACE_STYLE_USAGE ( .BOTH. , #3507 ) ;
#6137 = AXIS2_PLACEMENT_3D ( 'NONE', #5549, #881, #4227 ) ;
#6138 = UNCERTAINTY_MEASURE_WITH_UNIT (LENGTH_MEASURE( 1.000000000000000082E-05 ), #3871, 'distance_accuracy_value', 'NONE');
#6139 = EDGE_CURVE ( 'NONE', #3218, #3458, #4604, .T. ) ;
#6140 = ORIENTED_EDGE ( 'NONE', *, *, #7592, .F. ) ;
#6141 = SURFACE_STYLE_FILL_AREA ( #4147 ) ;
#6142 = CIRCLE ( 'NONE', #6406, 0.1000000000000000472 ) ;
#6143 = ORIENTED_EDGE ( 'NONE', *, *, #1490, .F. ) ;
#6145 = DIRECTION ( 'NONE',  ( -1.000000000000000000, -9.531447670202286736E-17, 2.081668171172165989E-14 ) ) ;
#6144 = MECHANICAL_DESIGN_GEOMETRIC_PRESENTATION_REPRESENTATION (  '', ( #7137 ), #2293 ) ;
#6146 = MECHANICAL_DESIGN_GEOMETRIC_PRESENTATION_REPRESENTATION (  '', ( #3535 ), #6848 ) ;
#6147 = COLOUR_RGB ( '',0.8431372549019607865, 0.8156862745098039102, 0.7529411764705882248 ) ;
#6148 =( NAMED_UNIT ( * ) PLANE_ANGLE_UNIT ( ) SI_UNIT ( $, .RADIAN. ) );
#6149 = STYLED_ITEM ( 'NONE', ( #3517 ), #7899 ) ;
#6150 =( GEOMETRIC_REPRESENTATION_CONTEXT ( 3 ) GLOBAL_UNCERTAINTY_ASSIGNED_CONTEXT ( ( #795 ) ) GLOBAL_UNIT_ASSIGNED_CONTEXT ( ( #1577, #820, #896 ) ) REPRESENTATION_CONTEXT ( 'NONE', 'WORKASPACE' ) );
#6151 =( NAMED_UNIT ( * ) SI_UNIT ( $, .STERADIAN. ) SOLID_ANGLE_UNIT ( ) );
#6152 = VERTEX_POINT ( 'NONE', #7232 ) ;
#6153 = ORIENTED_EDGE ( 'NONE', *, *, #654, .F. ) ;
#6154 = FACE_OUTER_BOUND ( 'NONE', #7932, .T. ) ;
#6155 =( LENGTH_UNIT ( ) NAMED_UNIT ( * ) SI_UNIT ( .MILLI., .METRE. ) );
#6156 = ORIENTED_EDGE ( 'NONE', *, *, #3183, .T. ) ;
#6157 = COLOUR_RGB ( '',0.8431372549019607865, 0.8156862745098039102, 0.7529411764705882248 ) ;
#6158 =( GEOMETRIC_REPRESENTATION_CONTEXT ( 3 ) GLOBAL_UNCERTAINTY_ASSIGNED_CONTEXT ( ( #5596 ) ) GLOBAL_UNIT_ASSIGNED_CONTEXT ( ( #4195, #2192, #6852 ) ) REPRESENTATION_CONTEXT ( 'NONE', 'WORKASPACE' ) );
#6159 = ORIENTED_EDGE ( 'NONE', *, *, #7363, .T. ) ;
#6160 = PRESENTATION_STYLE_ASSIGNMENT (( #905 ) ) ;
#6161 = FILL_AREA_STYLE ('',( #3485 ) ) ;
#6162 = LINE ( 'NONE', #2202, #5265 ) ;
#6163 = VECTOR ( 'NONE', #86, 1000.000000000000000 ) ;
#6164 = LINE ( 'NONE', #8261, #8615 ) ;
#6165 = FACE_OUTER_BOUND ( 'NONE', #6105, .T. ) ;
#6166 =( NAMED_UNIT ( * ) SI_UNIT ( $, .STERADIAN. ) SOLID_ANGLE_UNIT ( ) );
#6167 = ORIENTED_EDGE ( 'NONE', *, *, #1972, .F. ) ;
#6168 =( LENGTH_UNIT ( ) NAMED_UNIT ( * ) SI_UNIT ( .MILLI., .METRE. ) );
#6169 = EDGE_CURVE ( 'NONE', #3760, #730, #1286, .T. ) ;
#6170 = EDGE_CURVE ( 'NONE', #2672, #6152, #7696, .T. ) ;
#6171 = SURFACE_STYLE_FILL_AREA ( #7490 ) ;
#6172 = CYLINDRICAL_SURFACE ( 'NONE', #7120, 0.2000000000000051459 ) ;
#6173 = AXIS2_PLACEMENT_3D ( 'NONE', #1051, #5178, #2537 ) ;
#6174 = CARTESIAN_POINT ( 'NONE',  ( 2.075000000000000178, 0.9000000000000000222, 0.000000000000000000 ) ) ;
#6175 = ORIENTED_EDGE ( 'NONE', *, *, #7351, .F. ) ;
#6176 = ADVANCED_FACE ( 'NONE', ( #7353 ), #3986, .T. ) ;
#6177 = EDGE_CURVE ( 'NONE', #7274, #4907, #731, .T. ) ;
#6178 = EDGE_CURVE ( 'NONE', #5850, #6248, #3117, .T. ) ;
#6179 = PRESENTATION_LAYER_ASSIGNMENT (  '', '', ( #3153 ) ) ;
#6180 = DIRECTION ( 'NONE',  ( -1.000000000000000000, -9.531447670202286736E-17, 0.000000000000000000 ) ) ;
#6181 =( NAMED_UNIT ( * ) SI_UNIT ( $, .STERADIAN. ) SOLID_ANGLE_UNIT ( ) );
#6182 = EDGE_CURVE ( 'NONE', #5199, #6079, #6018, .T. ) ;
#6183 = LINE ( 'NONE', #230, #5092 ) ;
#6184 = SURFACE_STYLE_USAGE ( .BOTH. , #1056 ) ;
#6185 = VECTOR ( 'NONE', #6864, 1000.000000000000000 ) ;
#6186 = AXIS2_PLACEMENT_3D ( 'NONE', #5076, #7870, #3102 ) ;
#6187 = DIRECTION ( 'NONE',  ( 0.000000000000000000, 1.000000000000000000, 0.000000000000000000 ) ) ;
#6188 = VERTEX_POINT ( 'NONE', #3432 ) ;
#6189 = LINE ( 'NONE', #277, #2712 ) ;
#6190 = CARTESIAN_POINT ( 'NONE',  ( 0.8499999999999999778, 0.2499999999999997780, 0.000000000000000000 ) ) ;
#6191 = CARTESIAN_POINT ( 'NONE',  ( -0.8500000000000005329, 2.250000000000000444, 0.5499999999999997113 ) ) ;
#6192 = DIRECTION ( 'NONE',  ( 0.000000000000000000, 6.862039066364035213E-17, 1.000000000000000000 ) ) ;
#6193 = FACE_OUTER_BOUND ( 'NONE', #2927, .T. ) ;
#6194 = CARTESIAN_POINT ( 'NONE',  ( -1.899999999999999689, -0.7750000000000002442, 0.5999999999999999778 ) ) ;
#6195 = STYLED_ITEM ( 'NONE', ( #2873 ), #5422 ) ;
#6196 =( NAMED_UNIT ( * ) PLANE_ANGLE_UNIT ( ) SI_UNIT ( $, .RADIAN. ) );
#6197 = ORIENTED_EDGE ( 'NONE', *, *, #8406, .T. ) ;
#6198 = ORIENTED_EDGE ( 'NONE', *, *, #7011, .T. ) ;
#6199 = EDGE_CURVE ( 'NONE', #2468, #1581, #7984, .T. ) ;
#6200 = LINE ( 'NONE', #1764, #6846 ) ;
#6201 = ORIENTED_EDGE ( 'NONE', *, *, #217, .T. ) ;
#6202 =( NAMED_UNIT ( * ) PLANE_ANGLE_UNIT ( ) SI_UNIT ( $, .RADIAN. ) );
#6203 = ORIENTED_EDGE ( 'NONE', *, *, #1542, .F. ) ;
#6204 =( NAMED_UNIT ( * ) SI_UNIT ( $, .STERADIAN. ) SOLID_ANGLE_UNIT ( ) );
#6205 = DIRECTION ( 'NONE',  ( 1.000000000000000000, 0.000000000000000000, 0.000000000000000000 ) ) ;
#6206 = FILL_AREA_STYLE ('',( #2289 ) ) ;
#6207 = COLOUR_RGB ( '',0.8509803921568627194, 0.8509803921568627194, 0.8509803921568627194 ) ;
#6208 = FACE_OUTER_BOUND ( 'NONE', #2596, .T. ) ;
#6209 = EDGE_LOOP ( 'NONE', ( #5332, #3451, #1485, #2374 ) ) ;
#6210 = FACE_OUTER_BOUND ( 'NONE', #6855, .T. ) ;
#6211 = LINE ( 'NONE', #7415, #7596 ) ;
#6212 = DIRECTION ( 'NONE',  ( -1.000000000000000000, -1.070816960479511117E-16, 1.734723475976807094E-14 ) ) ;
#6213 = LINE ( 'NONE', #5595, #4041 ) ;
#6214 = ADVANCED_FACE ( 'NONE', ( #4641 ), #2060, .F. ) ;
#6215 =( NAMED_UNIT ( * ) SI_UNIT ( $, .STERADIAN. ) SOLID_ANGLE_UNIT ( ) );
#6216 = SURFACE_STYLE_USAGE ( .BOTH. , #5690 ) ;
#6217 = ORIENTED_EDGE ( 'NONE', *, *, #6922, .F. ) ;
#6218 = PRESENTATION_LAYER_ASSIGNMENT (  '', '', ( #2227 ) ) ;
#6219 = LINE ( 'NONE', #4141, #2971 ) ;
#6220 = SURFACE_STYLE_USAGE ( .BOTH. , #8276 ) ;
#6221 = SURFACE_SIDE_STYLE ('',( #6917 ) ) ;
#6222 = UNCERTAINTY_MEASURE_WITH_UNIT (LENGTH_MEASURE( 1.000000000000000082E-05 ), #4184, 'distance_accuracy_value', 'NONE');
#6223 = FILL_AREA_STYLE_COLOUR ( '', #4423 ) ;
#6224 = DIRECTION ( 'NONE',  ( -0.000000000000000000, 0.000000000000000000, -1.000000000000000000 ) ) ;
#6225 =( NAMED_UNIT ( * ) PLANE_ANGLE_UNIT ( ) SI_UNIT ( $, .RADIAN. ) );
#6226 = AXIS2_PLACEMENT_3D ( 'NONE', #4680, #804, #3387 ) ;
#6227 = ORIENTED_EDGE ( 'NONE', *, *, #2332, .F. ) ;
#6228 = ORIENTED_EDGE ( 'NONE', *, *, #2263, .F. ) ;
#6229 = DIRECTION ( 'NONE',  ( 1.070816960479510870E-16, -1.000000000000000000, -0.000000000000000000 ) ) ;
#6230 = EDGE_CURVE ( 'NONE', #6816, #3758, #2222, .T. ) ;
#6231 = DIRECTION ( 'NONE',  ( -1.000000000000000000, -0.000000000000000000, 2.602085213965194864E-15 ) ) ;
#6232 = DIRECTION ( 'NONE',  ( -2.081668171172165673E-14, 0.000000000000000000, -1.000000000000000000 ) ) ;
#6233 = TOROIDAL_SURFACE ( 'NONE', #8508, 0.1999999999999997613, 0.1000000000000000056 ) ;
#6234 = DIRECTION ( 'NONE',  ( 0.000000000000000000, 0.000000000000000000, -1.000000000000000000 ) ) ;
#6235 = DIRECTION ( 'NONE',  ( -1.000000000000000000, -1.070816960479511117E-16, -2.081668171172165989E-14 ) ) ;
#6236 = LINE ( 'NONE', #1626, #4136 ) ;
#6237 = CARTESIAN_POINT ( 'NONE',  ( 1.899999999999999689, -0.8250000000000002887, 0.2000000000000000111 ) ) ;
#6238 = PRESENTATION_LAYER_ASSIGNMENT (  '', '', ( #6928 ) ) ;
#6239 = VERTEX_POINT ( 'NONE', #7506 ) ;
#6240 = VERTEX_POINT ( 'NONE', #8116 ) ;
#6241 = PRESENTATION_STYLE_ASSIGNMENT (( #946 ) ) ;
#6242 = ORIENTED_EDGE ( 'NONE', *, *, #1096, .F. ) ;
#6243 = CARTESIAN_POINT ( 'NONE',  ( -1.899999999999999689, -0.8250000000000002887, 0.2000000000000000111 ) ) ;
#6244 = DIRECTION ( 'NONE',  ( 0.000000000000000000, 1.000000000000000000, 0.000000000000000000 ) ) ;
#6245 = ORIENTED_EDGE ( 'NONE', *, *, #7614, .T. ) ;
#6246 = CARTESIAN_POINT ( 'NONE',  ( -1.375000000000014655, -1.149999999999999911, 0.4955507190333255929 ) ) ;
#6247 = PRESENTATION_LAYER_ASSIGNMENT (  '', '', ( #7379 ) ) ;
#6248 = VERTEX_POINT ( 'NONE', #5513 ) ;
#6249 = CARTESIAN_POINT ( 'NONE',  ( -1.899999999999999689, -1.325000000000000178, 0.1499999999999895861 ) ) ;
#6250 = DIRECTION ( 'NONE',  ( -1.070816960479510870E-16, 1.000000000000000000, -0.000000000000000000 ) ) ;
#6251 = DIRECTION ( 'NONE',  ( 0.000000000000000000, 0.000000000000000000, 1.000000000000000000 ) ) ;
#6252 = CARTESIAN_POINT ( 'NONE',  ( 1.474999999999998979, 0.9500000000000000666, 0.5999999999999994227 ) ) ;
#6253 = SURFACE_STYLE_FILL_AREA ( #7633 ) ;
#6254 =( NAMED_UNIT ( * ) SI_UNIT ( $, .STERADIAN. ) SOLID_ANGLE_UNIT ( ) );
#6255 = ORIENTED_EDGE ( 'NONE', *, *, #8112, .F. ) ;
#6256 = SURFACE_STYLE_USAGE ( .BOTH. , #2334 ) ;
#6257 =( LENGTH_UNIT ( ) NAMED_UNIT ( * ) SI_UNIT ( .MILLI., .METRE. ) );
#6258 = SURFACE_STYLE_FILL_AREA ( #2815 ) ;
#6259 =( LENGTH_UNIT ( ) NAMED_UNIT ( * ) SI_UNIT ( .MILLI., .METRE. ) );
#6260 = VECTOR ( 'NONE', #6974, 1000.000000000000000 ) ;
#6261 = DIRECTION ( 'NONE',  ( -2.081668171172165673E-14, -0.000000000000000000, 1.000000000000000000 ) ) ;
#6262 = VERTEX_POINT ( 'NONE', #853 ) ;
#6263 = FILL_AREA_STYLE ('',( #1612 ) ) ;
#6264 =( GEOMETRIC_REPRESENTATION_CONTEXT ( 3 ) GLOBAL_UNCERTAINTY_ASSIGNED_CONTEXT ( ( #2587 ) ) GLOBAL_UNIT_ASSIGNED_CONTEXT ( ( #7436, #7401, #8083 ) ) REPRESENTATION_CONTEXT ( 'NONE', 'WORKASPACE' ) );
#6265 = CIRCLE ( 'NONE', #8120, 0.1000000000000000472 ) ;
#6266 = CARTESIAN_POINT ( 'NONE',  ( 2.174999999999999822, 0.9500000000000001776, 1.299999999999998268 ) ) ;
#6267 =( NAMED_UNIT ( * ) PLANE_ANGLE_UNIT ( ) SI_UNIT ( $, .RADIAN. ) );
#6268 = SURFACE_STYLE_USAGE ( .BOTH. , #6316 ) ;
#6269 = COLOUR_RGB ( '',0.8431372549019607865, 0.8156862745098039102, 0.7529411764705882248 ) ;
#6270 = ORIENTED_EDGE ( 'NONE', *, *, #1237, .T. ) ;
#6271 = VERTEX_POINT ( 'NONE', #5442 ) ;
#6272 = LINE ( 'NONE', #4284, #6260 ) ;
#6273 = CARTESIAN_POINT ( 'NONE',  ( -0.8499999999999999778, 0.2499999999999997780, -0.4000000000000000222 ) ) ;
#6274 = EDGE_CURVE ( 'NONE', #5847, #3960, #5562, .T. ) ;
#6275 = DIRECTION ( 'NONE',  ( -2.081668171172165989E-14, 0.000000000000000000, 1.000000000000000000 ) ) ;
#6276 =( GEOMETRIC_REPRESENTATION_CONTEXT ( 3 ) GLOBAL_UNCERTAINTY_ASSIGNED_CONTEXT ( ( #7652 ) ) GLOBAL_UNIT_ASSIGNED_CONTEXT ( ( #7603, #4277, #2910 ) ) REPRESENTATION_CONTEXT ( 'NONE', 'WORKASPACE' ) );
#6277 = VECTOR ( 'NONE', #8251, 1000.000000000000000 ) ;
#6278 = VECTOR ( 'NONE', #2564, 1000.000000000000000 ) ;
#6279 =( NAMED_UNIT ( * ) PLANE_ANGLE_UNIT ( ) SI_UNIT ( $, .RADIAN. ) );
#6280 = AXIS2_PLACEMENT_3D ( 'NONE', #6568, #4585, #5291 ) ;
#6281 = ORIENTED_EDGE ( 'NONE', *, *, #5266, .F. ) ;
#6282 = LINE ( 'NONE', #3606, #3107 ) ;
#6283 = ADVANCED_FACE ( 'NONE', ( #3118 ), #7467, .T. ) ;
#6284 = SURFACE_STYLE_USAGE ( .BOTH. , #5525 ) ;
#6285 = EDGE_CURVE ( 'NONE', #6869, #6239, #6189, .T. ) ;
#6286 = ORIENTED_EDGE ( 'NONE', *, *, #3639, .F. ) ;
#6287 = EDGE_CURVE ( 'NONE', #3055, #1669, #479, .T. ) ;
#6288 = FILL_AREA_STYLE ('',( #1673 ) ) ;
#6289 = ORIENTED_EDGE ( 'NONE', *, *, #566, .F. ) ;
#6290 = ORIENTED_EDGE ( 'NONE', *, *, #7987, .F. ) ;
#6291 = AXIS2_PLACEMENT_3D ( 'NONE', #64, #770, #5398 ) ;
#6292 = DIRECTION ( 'NONE',  ( 0.000000000000000000, -1.000000000000000000, -1.160982074886210068E-31 ) ) ;
#6293 = AXIS2_PLACEMENT_3D ( 'NONE', #6064, #2758, #7510 ) ;
#6294 = CARTESIAN_POINT ( 'NONE',  ( -1.450000000000003952, 1.149999999999999689, 1.749999999999999334 ) ) ;
#6295 = ORIENTED_EDGE ( 'NONE', *, *, #5806, .F. ) ;
#6296 = SURFACE_STYLE_FILL_AREA ( #4167 ) ;
#6297 = DIRECTION ( 'NONE',  ( -1.000000000000000000, 0.000000000000000000, 0.000000000000000000 ) ) ;
#6298 = SURFACE_STYLE_FILL_AREA ( #210 ) ;
#6299 = COLOUR_RGB ( '',0.8509803921568627194, 0.8509803921568627194, 0.8509803921568627194 ) ;
#6300 = ORIENTED_EDGE ( 'NONE', *, *, #4027, .F. ) ;
#6301 = SURFACE_SIDE_STYLE ('',( #6953 ) ) ;
#6302 = EDGE_CURVE ( 'NONE', #8559, #5199, #4149, .T. ) ;
#6303 = CARTESIAN_POINT ( 'NONE',  ( 1.574999999999999067, 0.9500000000000001776, 0.5999999999999994227 ) ) ;
#6304 = AXIS2_PLACEMENT_3D ( 'NONE', #3211, #2044, #5914 ) ;
#6305 =( NAMED_UNIT ( * ) PLANE_ANGLE_UNIT ( ) SI_UNIT ( $, .RADIAN. ) );
#6306 = LINE ( 'NONE', #4954, #7660 ) ;
#6307 = CARTESIAN_POINT ( 'NONE',  ( 0.9000000000000001332, 1.149999999999999911, 1.299999999999999822 ) ) ;
#6308 = ORIENTED_EDGE ( 'NONE', *, *, #1725, .F. ) ;
#6309 = FILL_AREA_STYLE ('',( #395 ) ) ;
#6310 = EDGE_CURVE ( 'NONE', #6188, #1733, #4885, .T. ) ;
#6311 = CARTESIAN_POINT ( 'NONE',  ( 0.6500000000000001332, 0.2499999999999997780, -0.4000000000000000222 ) ) ;
#6312 = AXIS2_PLACEMENT_3D ( 'NONE', #7294, #7374, #4705 ) ;
#6313 = CARTESIAN_POINT ( 'NONE',  ( -2.274999999999998579, 0.9499999999999997335, 1.400000000000000577 ) ) ;
#6314 = PLANE ( 'NONE',  #5308 ) ;
#6315 = UNCERTAINTY_MEASURE_WITH_UNIT (LENGTH_MEASURE( 1.000000000000000082E-05 ), #5593, 'distance_accuracy_value', 'NONE');
#6316 = SURFACE_SIDE_STYLE ('',( #8231 ) ) ;
#6317 = CARTESIAN_POINT ( 'NONE',  ( -1.874999999999999334, 0.9499999999999997335, 1.199999999999998401 ) ) ;
#6318 = MECHANICAL_DESIGN_GEOMETRIC_PRESENTATION_REPRESENTATION (  '', ( #1496 ), #3923 ) ;
#6319 = ORIENTED_EDGE ( 'NONE', *, *, #5639, .F. ) ;
#6320 = ORIENTED_EDGE ( 'NONE', *, *, #3671, .T. ) ;
#6321 = CARTESIAN_POINT ( 'NONE',  ( -1.375000000000024869, -0.6250000000000003331, -1.040834085586005371E-14 ) ) ;
#6322 = CARTESIAN_POINT ( 'NONE',  ( 2.175000000000000266, 0.9500000000000001776, 1.749999999999999334 ) ) ;
#6323 = COLOUR_RGB ( '',0.8431372549019607865, 0.8156862745098039102, 0.7529411764705882248 ) ;
#6324 = SURFACE_SIDE_STYLE ('',( #4325 ) ) ;
#6325 = EDGE_CURVE ( 'NONE', #730, #5555, #7428, .T. ) ;
#6326 = DIRECTION ( 'NONE',  ( -0.000000000000000000, -0.000000000000000000, -1.000000000000000000 ) ) ;
#6328 = AXIS2_PLACEMENT_3D ( 'NONE', #1007, #6758, #4183 ) ;
#6327 = PRESENTATION_LAYER_ASSIGNMENT (  '', '', ( #5219 ) ) ;
#6329 = ORIENTED_EDGE ( 'NONE', *, *, #6823, .F. ) ;
#6330 = LINE ( 'NONE', #4390, #2583 ) ;
#6331 = VERTEX_POINT ( 'NONE', #8285 ) ;
#6332 = VERTEX_POINT ( 'NONE', #238 ) ;
#6333 = LINE ( 'NONE', #6246, #396 ) ;
#6334 = LINE ( 'NONE', #419, #2167 ) ;
#6335 = EDGE_CURVE ( 'NONE', #7545, #4471, #6696, .T. ) ;
#6336 = ADVANCED_FACE ( 'NONE', ( #1660 ), #3751, .F. ) ;
#6337 = VERTEX_POINT ( 'NONE', #3212 ) ;
#6338 = PRESENTATION_STYLE_ASSIGNMENT (( #5729 ) ) ;
#6339 = CARTESIAN_POINT ( 'NONE',  ( 1.574999999999999512, 1.250000000000000000, 0.5999999999999995337 ) ) ;
#6340 = PLANE ( 'NONE',  #7271 ) ;
#6341 = CARTESIAN_POINT ( 'NONE',  ( 1.375000000000024869, -0.6250000000000003331, -1.040834085586005371E-14 ) ) ;
#6342 = EDGE_CURVE ( 'NONE', #1523, #7381, #572, .T. ) ;
#6343 = COLOUR_RGB ( '',0.8431372549019607865, 0.8156862745098039102, 0.7529411764705882248 ) ;
#6344 = PRESENTATION_LAYER_ASSIGNMENT (  '', '', ( #5488 ) ) ;
#6345 =( LENGTH_UNIT ( ) NAMED_UNIT ( * ) SI_UNIT ( .MILLI., .METRE. ) );
#6346 = DIRECTION ( 'NONE',  ( 1.000000000000000000, -0.000000000000000000, -0.000000000000000000 ) ) ;
#6347 = CARTESIAN_POINT ( 'NONE',  ( -1.499999999999999778, -0.7750000000000002442, 0.5999999999999999778 ) ) ;
#6348 = STYLED_ITEM ( 'NONE', ( #4346 ), #116 ) ;
#6349 = CARTESIAN_POINT ( 'NONE',  ( -0.9500000000000003997, 0.9499999999999998446, 0.5499999999999997113 ) ) ;
#6350 = VECTOR ( 'NONE', #4578, 1000.000000000000000 ) ;
#6351 = ORIENTED_EDGE ( 'NONE', *, *, #3909, .T. ) ;
#6352 = PRESENTATION_LAYER_ASSIGNMENT (  '', '', ( #847 ) ) ;
#6353 = LINE ( 'NONE', #7015, #3412 ) ;
#6354 =( LENGTH_UNIT ( ) NAMED_UNIT ( * ) SI_UNIT ( .MILLI., .METRE. ) );
#6355 = STYLED_ITEM ( 'NONE', ( #1316 ), #4441 ) ;
#6356 = DIRECTION ( 'NONE',  ( -0.000000000000000000, -0.000000000000000000, -1.000000000000000000 ) ) ;
#6357 = CARTESIAN_POINT ( 'NONE',  ( 1.374999999999999778, -1.150000000000000355, 1.199999999999981082 ) ) ;
#6358 = ORIENTED_EDGE ( 'NONE', *, *, #4924, .T. ) ;
#6359 = ORIENTED_EDGE ( 'NONE', *, *, #3384, .F. ) ;
#6360 = DIRECTION ( 'NONE',  ( 9.531447670202286736E-17, -1.000000000000000000, -0.000000000000000000 ) ) ;
#6361 =( NAMED_UNIT ( * ) PLANE_ANGLE_UNIT ( ) SI_UNIT ( $, .RADIAN. ) );
#6363 = UNCERTAINTY_MEASURE_WITH_UNIT (LENGTH_MEASURE( 1.000000000000000082E-05 ), #515, 'distance_accuracy_value', 'NONE');
#6362 = SURFACE_SIDE_STYLE ('',( #5055 ) ) ;
#6364 = DIRECTION ( 'NONE',  ( 1.000000000000000000, 0.000000000000000000, -1.084202172485504040E-15 ) ) ;
#6365 = DIRECTION ( 'NONE',  ( -2.433562623096157742E-45, 1.000000000000000000, 1.160982074886210068E-31 ) ) ;
#6366 = LINE ( 'NONE', #1932, #5629 ) ;
#6367 = ORIENTED_EDGE ( 'NONE', *, *, #921, .F. ) ;
#6368 = CARTESIAN_POINT ( 'NONE',  ( -1.474999999999998312, 1.149999999999999689, 0.4999999999999986122 ) ) ;
#6369 = VECTOR ( 'NONE', #726, 1000.000000000000000 ) ;
#6370 = VERTEX_POINT ( 'NONE', #3892 ) ;
#6371 = FILL_AREA_STYLE ('',( #6417 ) ) ;
#6372 = ORIENTED_EDGE ( 'NONE', *, *, #2336, .F. ) ;
#6373 = UNCERTAINTY_MEASURE_WITH_UNIT (LENGTH_MEASURE( 1.000000000000000082E-05 ), #4689, 'distance_accuracy_value', 'NONE');
#6374 = CARTESIAN_POINT ( 'NONE',  ( 1.499999999999999778, -1.325000000000000178, -1.040834085586084257E-14 ) ) ;
#6375 = LINE ( 'NONE', #1851, #3677 ) ;
#6376 = ORIENTED_EDGE ( 'NONE', *, *, #7470, .T. ) ;
#6377 = COLOUR_RGB ( '',0.2235294117647058654, 0.2235294117647058654, 0.2235294117647058654 ) ;
#6378 = DIRECTION ( 'NONE',  ( -1.070816960479511117E-16, 1.000000000000000000, -0.000000000000000000 ) ) ;
#6379 =( LENGTH_UNIT ( ) NAMED_UNIT ( * ) SI_UNIT ( .MILLI., .METRE. ) );
#6380 = DIRECTION ( 'NONE',  ( 0.000000000000000000, 0.000000000000000000, 1.000000000000000000 ) ) ;
#6381 = DIRECTION ( 'NONE',  ( 1.000000000000000000, 1.070816960479510993E-16, -0.000000000000000000 ) ) ;
#6382 = VECTOR ( 'NONE', #5490, 1000.000000000000000 ) ;
#6383 = FACE_OUTER_BOUND ( 'NONE', #6991, .T. ) ;
#6384 = CARTESIAN_POINT ( 'NONE',  ( 1.774999999999999467, 0.9500000000000001776, 1.299999999999999600 ) ) ;
#6385 = EDGE_CURVE ( 'NONE', #6248, #7545, #620, .T. ) ;
#6386 = SURFACE_STYLE_FILL_AREA ( #4356 ) ;
#6387 = FILL_AREA_STYLE ('',( #1132 ) ) ;
#6388 = LINE ( 'NONE', #7101, #3597 ) ;
#6389 = AXIS2_PLACEMENT_3D ( 'NONE', #7186, #1721, #383 ) ;
#6390 = ORIENTED_EDGE ( 'NONE', *, *, #5908, .F. ) ;
#6391 = FILL_AREA_STYLE_COLOUR ( '', #2867 ) ;
#6392 =( NAMED_UNIT ( * ) PLANE_ANGLE_UNIT ( ) SI_UNIT ( $, .RADIAN. ) );
#6393 = ADVANCED_FACE ( 'NONE', ( #1356 ), #5747, .F. ) ;
#6394 = CIRCLE ( 'NONE', #7511, 0.1000000000000000472 ) ;
#6395 = AXIS2_PLACEMENT_3D ( 'NONE', #7119, #4371, #7027 ) ;
#6396 = FACE_OUTER_BOUND ( 'NONE', #6509, .T. ) ;
#6397 = STYLED_ITEM ( 'NONE', ( #3089 ), #8601 ) ;
#6398 = DIRECTION ( 'NONE',  ( -0.000000000000000000, 0.000000000000000000, -1.000000000000000000 ) ) ;
#6399 = EDGE_LOOP ( 'NONE', ( #6781, #6845, #8501, #2958 ) ) ;
#6400 = ORIENTED_EDGE ( 'NONE', *, *, #6385, .T. ) ;
#6401 = VECTOR ( 'NONE', #1801, 1000.000000000000000 ) ;
#6402 = ORIENTED_EDGE ( 'NONE', *, *, #1440, .F. ) ;
#6403 = CARTESIAN_POINT ( 'NONE',  ( 1.374999999999999778, -0.6250000000000003331, 1.199999999999981082 ) ) ;
#6404 = DIRECTION ( 'NONE',  ( 1.000000000000000000, 0.000000000000000000, 0.000000000000000000 ) ) ;
#6405 = CARTESIAN_POINT ( 'NONE',  ( -1.899999999999999689, -0.8250000000000002887, 0.1499999999999948597 ) ) ;
#6406 = AXIS2_PLACEMENT_3D ( 'NONE', #1181, #1099, #1790 ) ;
#6407 = ADVANCED_FACE ( 'NONE', ( #6575 ), #3972, .F. ) ;
#6408 = UNCERTAINTY_MEASURE_WITH_UNIT (LENGTH_MEASURE( 1.000000000000000082E-05 ), #6481, 'distance_accuracy_value', 'NONE');
#6409 = CARTESIAN_POINT ( 'NONE',  ( -1.474999999999999423, 0.9499999999999998446, 0.5999999999999994227 ) ) ;
#6410 = CARTESIAN_POINT ( 'NONE',  ( -2.024999999999998579, 1.149999999999999689, 1.299999999999999156 ) ) ;
#6411 = UNCERTAINTY_MEASURE_WITH_UNIT (LENGTH_MEASURE( 1.000000000000000082E-05 ), #7383, 'distance_accuracy_value', 'NONE');
#6412 = PRESENTATION_LAYER_ASSIGNMENT (  '', '', ( #7695 ) ) ;
#6413 = ORIENTED_EDGE ( 'NONE', *, *, #5273, .F. ) ;
#6414 = CARTESIAN_POINT ( 'NONE',  ( -1.574999999999999067, 0.9499999999999997335, 1.299999999999998712 ) ) ;
#6415 = COLOUR_RGB ( '',0.8509803921568627194, 0.8509803921568627194, 0.8509803921568627194 ) ;
#6416 = ORIENTED_EDGE ( 'NONE', *, *, #8152, .T. ) ;
#6417 = FILL_AREA_STYLE_COLOUR ( '', #1015 ) ;
#6418 = ORIENTED_EDGE ( 'NONE', *, *, #5266, .T. ) ;
#6419 = CARTESIAN_POINT ( 'NONE',  ( -1.499999999999999778, -0.7750000000000002442, 1.779999999999980931 ) ) ;
#6420 = CIRCLE ( 'NONE', #4339, 0.05000000000000514450 ) ;
#6421 = FILL_AREA_STYLE ('',( #3781 ) ) ;
#6422 = AXIS2_PLACEMENT_3D ( 'NONE', #1613, #2301, #4828 ) ;
#6423 = PRESENTATION_LAYER_ASSIGNMENT (  '', '', ( #2578 ) ) ;
#6424 = ORIENTED_EDGE ( 'NONE', *, *, #4373, .T. ) ;
#6425 = DIRECTION ( 'NONE',  ( 1.000000000000000000, 0.000000000000000000, -0.000000000000000000 ) ) ;
#6426 = FACE_OUTER_BOUND ( 'NONE', #3997, .T. ) ;
#6427 = FILL_AREA_STYLE ('',( #7918 ) ) ;
#6428 = CARTESIAN_POINT ( 'NONE',  ( -1.874999999999987566, -1.150000000000000355, 0.000000000000000000 ) ) ;
#6429 = DIRECTION ( 'NONE',  ( -1.070816960479511117E-16, 1.000000000000000000, -0.000000000000000000 ) ) ;
#6430 = ORIENTED_EDGE ( 'NONE', *, *, #1072, .T. ) ;
#6431 = CARTESIAN_POINT ( 'NONE',  ( 1.474999999999999423, 0.3799999999999988387, 1.299999999999999600 ) ) ;
#6432 = CIRCLE ( 'NONE', #6570, 0.09999999999999999167 ) ;
#6433 = DIRECTION ( 'NONE',  ( 0.000000000000000000, 0.000000000000000000, -1.000000000000000000 ) ) ;
#6434 = LINE ( 'NONE', #4355, #6975 ) ;
#6435 = LINE ( 'NONE', #3065, #7981 ) ;
#6436 = DIRECTION ( 'NONE',  ( -4.818676322157799347E-16, 0.000000000000000000, -1.000000000000000000 ) ) ;
#6437 = PRESENTATION_LAYER_ASSIGNMENT (  '', '', ( #7566 ) ) ;
#6438 = FACE_OUTER_BOUND ( 'NONE', #8584, .T. ) ;
#6439 = AXIS2_PLACEMENT_3D ( 'NONE', #4478, #7816, #4297 ) ;
#6440 = PRESENTATION_STYLE_ASSIGNMENT (( #7060 ) ) ;
#6441 = ADVANCED_FACE ( 'NONE', ( #1515 ), #3367, .T. ) ;
#6442 = FILL_AREA_STYLE_COLOUR ( '', #8412 ) ;
#6443 = ADVANCED_FACE ( 'NONE', ( #1432 ), #6827, .F. ) ;
#6444 = LINE ( 'NONE', #7062, #3532 ) ;
#6445 = MECHANICAL_DESIGN_GEOMETRIC_PRESENTATION_REPRESENTATION (  '', ( #514 ), #3681 ) ;
#6446 = CARTESIAN_POINT ( 'NONE',  ( 1.450000000000003508, 1.150000000000000133, 1.799999999999999822 ) ) ;
#6447 = PRESENTATION_STYLE_ASSIGNMENT (( #3809 ) ) ;
#6448 = EDGE_CURVE ( 'NONE', #2963, #1623, #5954, .T. ) ;
#6449 = ORIENTED_EDGE ( 'NONE', *, *, #6718, .T. ) ;
#6450 = EDGE_CURVE ( 'NONE', #7674, #4479, #4781, .T. ) ;
#6451 = EDGE_CURVE ( 'NONE', #6660, #1581, #8137, .T. ) ;
#6452 = ORIENTED_EDGE ( 'NONE', *, *, #1923, .T. ) ;
#6453 = DIRECTION ( 'NONE',  ( -1.000000000000000000, 0.000000000000000000, 0.000000000000000000 ) ) ;
#6454 = EDGE_CURVE ( 'NONE', #5624, #226, #1001, .T. ) ;
#6456 = UNCERTAINTY_MEASURE_WITH_UNIT (LENGTH_MEASURE( 1.000000000000000082E-05 ), #5445, 'distance_accuracy_value', 'NONE');
#6455 = LINE ( 'NONE', #583, #1213 ) ;
#6457 = CARTESIAN_POINT ( 'NONE',  ( -2.075000000000000178, 0.8999999999999996891, 0.4999999999999989453 ) ) ;
#6458 = COLOUR_RGB ( '',0.8509803921568627194, 0.8509803921568627194, 0.8509803921568627194 ) ;
#6459 = ORIENTED_EDGE ( 'NONE', *, *, #5882, .F. ) ;
#6460 = CARTESIAN_POINT ( 'NONE',  ( 0.8499999999999998668, 2.349999999999999645, 1.349999999999999645 ) ) ;
#6461 = DIRECTION ( 'NONE',  ( 1.000000000000000000, 9.531447670202287969E-17, 0.000000000000000000 ) ) ;
#6462 = DIRECTION ( 'NONE',  ( 0.000000000000000000, 0.000000000000000000, 1.000000000000000000 ) ) ;
#6463 = ORIENTED_EDGE ( 'NONE', *, *, #6139, .F. ) ;
#6464 = ORIENTED_EDGE ( 'NONE', *, *, #5628, .F. ) ;
#6465 = UNCERTAINTY_MEASURE_WITH_UNIT (LENGTH_MEASURE( 1.000000000000000082E-05 ), #4224, 'distance_accuracy_value', 'NONE');
#6466 = CARTESIAN_POINT ( 'NONE',  ( -1.899999999999999689, -0.7750000000000003553, 0.2000000000000000111 ) ) ;
#6467 = CARTESIAN_POINT ( 'NONE',  ( 1.774999999999999245, 1.150000000000000133, 1.299999999999999600 ) ) ;
#6468 = ORIENTED_EDGE ( 'NONE', *, *, #8047, .T. ) ;
#6469 = CARTESIAN_POINT ( 'NONE',  ( -2.075000000000000622, 0.4799999999999993716, 0.3999999999999988565 ) ) ;
#6470 =( LENGTH_UNIT ( ) NAMED_UNIT ( * ) SI_UNIT ( .MILLI., .METRE. ) );
#6471 = CIRCLE ( 'NONE', #2061, 0.09999999999999982514 ) ;
#6472 = COLOUR_RGB ( '',1.000000000000000000, 1.000000000000000000, 1.000000000000000000 ) ;
#6473 = DIRECTION ( 'NONE',  ( 1.000000000000000000, 0.000000000000000000, 0.000000000000000000 ) ) ;
#6474 = EDGE_CURVE ( 'NONE', #4138, #3655, #5567, .T. ) ;
#6475 = FILL_AREA_STYLE ('',( #605 ) ) ;
#6476 = VERTEX_POINT ( 'NONE', #1037 ) ;
#6477 = PRESENTATION_LAYER_ASSIGNMENT (  '', '', ( #3987 ) ) ;
#6478 = PRESENTATION_STYLE_ASSIGNMENT (( #8439 ) ) ;
#6479 = SURFACE_SIDE_STYLE ('',( #5642 ) ) ;
#6480 = LINE ( 'NONE', #8621, #6685 ) ;
#6481 =( LENGTH_UNIT ( ) NAMED_UNIT ( * ) SI_UNIT ( .MILLI., .METRE. ) );
#6482 = EDGE_LOOP ( 'NONE', ( #2327, #2608, #7620, #3938, #2345, #4616 ) ) ;
#6483 = DIRECTION ( 'NONE',  ( 3.614007241618347785E-16, 3.444672090321739649E-32, -1.000000000000000000 ) ) ;
#6484 = PRESENTATION_LAYER_ASSIGNMENT (  '', '', ( #269 ) ) ;
#6485 = FACE_OUTER_BOUND ( 'NONE', #5335, .T. ) ;
#6486 = ORIENTED_EDGE ( 'NONE', *, *, #1863, .F. ) ;
#6487 = MECHANICAL_DESIGN_GEOMETRIC_PRESENTATION_REPRESENTATION (  '', ( #7208 ), #1656 ) ;
#6488 = DIRECTION ( 'NONE',  ( 0.000000000000000000, 6.862039066364035213E-17, 1.000000000000000000 ) ) ;
#6489 = AXIS2_PLACEMENT_3D ( 'NONE', #2955, #4882, #1499 ) ;
#6490 = DIRECTION ( 'NONE',  ( 0.000000000000000000, 1.000000000000000000, 0.000000000000000000 ) ) ;
#6491 = ORIENTED_EDGE ( 'NONE', *, *, #4270, .F. ) ;
#6492 = ORIENTED_EDGE ( 'NONE', *, *, #4387, .F. ) ;
#6493 = ORIENTED_EDGE ( 'NONE', *, *, #2738, .F. ) ;
#6494 = VERTEX_POINT ( 'NONE', #5590 ) ;
#6495 = VECTOR ( 'NONE', #4137, 1000.000000000000000 ) ;
#6496 = FILL_AREA_STYLE_COLOUR ( '', #187 ) ;
#6497 = SURFACE_STYLE_USAGE ( .BOTH. , #1281 ) ;
#6498 =( LENGTH_UNIT ( ) NAMED_UNIT ( * ) SI_UNIT ( .MILLI., .METRE. ) );
#6499 = CARTESIAN_POINT ( 'NONE',  ( 1.899999999999999689, -0.8250000000000002887, 0.1499999999999948597 ) ) ;
#6500 =( NAMED_UNIT ( * ) SI_UNIT ( $, .STERADIAN. ) SOLID_ANGLE_UNIT ( ) );
#6501 = ADVANCED_FACE ( 'NONE', ( #1776 ), #917, .F. ) ;
#6502 = COLOUR_RGB ( '',0.8431372549019607865, 0.8156862745098039102, 0.7529411764705882248 ) ;
#6503 = EDGE_CURVE ( 'NONE', #6869, #5162, #7148, .T. ) ;
#6504 = LINE ( 'NONE', #1843, #4116 ) ;
#6505 = VERTEX_POINT ( 'NONE', #8349 ) ;
#6506 = CARTESIAN_POINT ( 'NONE',  ( 0.6989513836793942447, -1.150000000000000355, 1.800000000000000044 ) ) ;
#6507 = SURFACE_STYLE_FILL_AREA ( #1846 ) ;
#6508 = LINE ( 'NONE', #4525, #659 ) ;
#6509 = EDGE_LOOP ( 'NONE', ( #7990, #4391, #2915 ) ) ;
#6510 = DIRECTION ( 'NONE',  ( -1.000000000000000000, -9.531447670202286736E-17, -0.000000000000000000 ) ) ;
#6511 =( NAMED_UNIT ( * ) SI_UNIT ( $, .STERADIAN. ) SOLID_ANGLE_UNIT ( ) );
#6512 = ORIENTED_EDGE ( 'NONE', *, *, #6325, .F. ) ;
#6513 = PLANE ( 'NONE',  #3998 ) ;
#6514 = DIRECTION ( 'NONE',  ( 1.070816960479510993E-16, -1.000000000000000000, 0.000000000000000000 ) ) ;
#6515 = DIRECTION ( 'NONE',  ( 1.000000000000000000, 0.000000000000000000, 0.000000000000000000 ) ) ;
#6516 = ORIENTED_EDGE ( 'NONE', *, *, #7491, .F. ) ;
#6517 = DIRECTION ( 'NONE',  ( 1.000000000000000000, 1.141265444721583264E-16, 0.000000000000000000 ) ) ;
#6518 = FILL_AREA_STYLE_COLOUR ( '', #1239 ) ;
#6519 = DIRECTION ( 'NONE',  ( -8.340016711426956274E-16, -1.000000000000000000, 0.000000000000000000 ) ) ;
#6520 =( NAMED_UNIT ( * ) SI_UNIT ( $, .STERADIAN. ) SOLID_ANGLE_UNIT ( ) );
#6521 = CARTESIAN_POINT ( 'NONE',  ( -2.274999999999994138, 1.149999999999999689, 1.650000000000001021 ) ) ;
#6522 = DIRECTION ( 'NONE',  ( -1.070816960479511117E-16, 1.000000000000000000, 0.000000000000000000 ) ) ;
#6523 = DIRECTION ( 'NONE',  ( -1.070816960479510993E-16, 1.000000000000000000, -4.379057701015053347E-47 ) ) ;
#6524 = ORIENTED_EDGE ( 'NONE', *, *, #5695, .T. ) ;
#6525 = CARTESIAN_POINT ( 'NONE',  ( -2.074999999999997957, -0.6250000000000004441, 0.5999999999999999778 ) ) ;
#6526 = ORIENTED_EDGE ( 'NONE', *, *, #3671, .F. ) ;
#6527 = COLOUR_RGB ( '',0.8509803921568627194, 0.8509803921568627194, 0.8509803921568627194 ) ;
#6528 = DIRECTION ( 'NONE',  ( 8.340016711426956274E-16, 1.000000000000000000, -0.000000000000000000 ) ) ;
#6529 = FILL_AREA_STYLE_COLOUR ( '', #2185 ) ;
#6530 = LINE ( 'NONE', #2575, #7710 ) ;
#6531 = MECHANICAL_DESIGN_GEOMETRIC_PRESENTATION_REPRESENTATION (  '', ( #1565 ), #4602 ) ;
#6532 = CARTESIAN_POINT ( 'NONE',  ( 2.024999999999999911, 0.9000000000000002442, 1.800000000000000044 ) ) ;
#6533 =( NAMED_UNIT ( * ) PLANE_ANGLE_UNIT ( ) SI_UNIT ( $, .RADIAN. ) );
#6534 = ORIENTED_EDGE ( 'NONE', *, *, #969, .F. ) ;
#6535 = AXIS2_PLACEMENT_3D ( 'NONE', #3911, #1150, #3142 ) ;
#6536 = CIRCLE ( 'NONE', #2817, 0.1000000000000000472 ) ;
#6537 = DIRECTION ( 'NONE',  ( 0.000000000000000000, 1.000000000000000000, 0.000000000000000000 ) ) ;
#6539 = UNCERTAINTY_MEASURE_WITH_UNIT (LENGTH_MEASURE( 1.000000000000000082E-05 ), #792, 'distance_accuracy_value', 'NONE');
#6538 = DIRECTION ( 'NONE',  ( -1.070816960479511117E-16, 1.000000000000000000, -0.000000000000000000 ) ) ;
#6540 = SURFACE_STYLE_FILL_AREA ( #3306 ) ;
#6541 = CIRCLE ( 'NONE', #2135, 0.05000000000000012768 ) ;
#6542 = MECHANICAL_DESIGN_GEOMETRIC_PRESENTATION_REPRESENTATION (  '', ( #1027 ), #4043 ) ;
#6543 = ORIENTED_EDGE ( 'NONE', *, *, #4701, .T. ) ;
#6544 = CARTESIAN_POINT ( 'NONE',  ( -1.574999999999999956, 1.149999999999999689, -0.04999999999999999584 ) ) ;
#6545 = ADVANCED_FACE ( 'NONE', ( #6210 ), #8387, .F. ) ;
#6546 = CARTESIAN_POINT ( 'NONE',  ( 0.6989513836793942447, -0.9180000000000003713, 1.800000000000000044 ) ) ;
#6547 = VECTOR ( 'NONE', #3906, 1000.000000000000000 ) ;
#6548 = EDGE_LOOP ( 'NONE', ( #402, #1462, #1074, #1570, #7411, #46 ) ) ;
#6549 = UNCERTAINTY_MEASURE_WITH_UNIT (LENGTH_MEASURE( 1.000000000000000082E-05 ), #7950, 'distance_accuracy_value', 'NONE');
#6550 = ORIENTED_EDGE ( 'NONE', *, *, #7319, .T. ) ;
#6551 = PLANE ( 'NONE',  #4993 ) ;
#6552 = PRESENTATION_STYLE_ASSIGNMENT (( #4070 ) ) ;
#6553 = CIRCLE ( 'NONE', #7546, 0.1000000000000000472 ) ;
#6554 = EDGE_CURVE ( 'NONE', #7581, #401, #3020, .T. ) ;
#6555 = VECTOR ( 'NONE', #3948, 1000.000000000000000 ) ;
#6556 = EDGE_CURVE ( 'NONE', #6332, #3176, #2383, .T. ) ;
#6557 = SURFACE_STYLE_FILL_AREA ( #8568 ) ;
#6558 = EDGE_CURVE ( 'NONE', #361, #2367, #658, .T. ) ;
#6559 = LINE ( 'NONE', #3061, #7843 ) ;
#6560 = CARTESIAN_POINT ( 'NONE',  ( -0.7058717852661396952, -0.9578422717728223290, 1.299999999999983835 ) ) ;
#6561 = ORIENTED_EDGE ( 'NONE', *, *, #1749, .T. ) ;
#6562 = PLANE ( 'NONE',  #789 ) ;
#6563 = VECTOR ( 'NONE', #7737, 1000.000000000000000 ) ;
#6564 = STYLED_ITEM ( 'NONE', ( #1486 ), #7365 ) ;
#6565 = DIRECTION ( 'NONE',  ( 2.710505431213761578E-16, 0.000000000000000000, 1.000000000000000000 ) ) ;
#6566 = PRESENTATION_LAYER_ASSIGNMENT (  '', '', ( #1735 ) ) ;
#6567 = CARTESIAN_POINT ( 'NONE',  ( 2.074999999999998845, -0.6250000000000004441, 0.5999999999999999778 ) ) ;
#6568 = CARTESIAN_POINT ( 'NONE',  ( -9.054875286692171660E-17, 0.9499999999999999556, -1.884924567824053539E-30 ) ) ;
#6569 = PLANE ( 'NONE',  #5134 ) ;
#6570 = AXIS2_PLACEMENT_3D ( 'NONE', #4477, #5153, #7134 ) ;
#6571 = DIRECTION ( 'NONE',  ( -0.000000000000000000, -1.000000000000000000, -0.000000000000000000 ) ) ;
#6572 = FILL_AREA_STYLE_COLOUR ( '', #6721 ) ;
#6573 = VECTOR ( 'NONE', #5688, 1000.000000000000000 ) ;
#6574 = EDGE_CURVE ( 'NONE', #2054, #7885, #8437, .T. ) ;
#6575 = FACE_OUTER_BOUND ( 'NONE', #4419, .T. ) ;
#6576 = CARTESIAN_POINT ( 'NONE',  ( -1.774999999999999467, 1.249999999999999778, 1.199999999999999512 ) ) ;
#6577 = UNCERTAINTY_MEASURE_WITH_UNIT (LENGTH_MEASURE( 1.000000000000000082E-05 ), #8043, 'distance_accuracy_value', 'NONE');
#6578 = SURFACE_SIDE_STYLE ('',( #4594 ) ) ;
#6579 = EDGE_CURVE ( 'NONE', #6332, #4797, #1909, .T. ) ;
#6580 = VECTOR ( 'NONE', #3136, 1000.000000000000000 ) ;
#6581 = LINE ( 'NONE', #7220, #3520 ) ;
#6582 = CARTESIAN_POINT ( 'NONE',  ( 1.874999999999987788, 0.9500000000000001776, 0.000000000000000000 ) ) ;
#6583 = FACE_OUTER_BOUND ( 'NONE', #1029, .T. ) ;
#6584 = SURFACE_STYLE_FILL_AREA ( #3944 ) ;
#6585 = PRESENTATION_LAYER_ASSIGNMENT (  '', '', ( #2312 ) ) ;
#6586 = CARTESIAN_POINT ( 'NONE',  ( -0.8500000000000005329, 2.349999999999999645, 0.5499999999999997113 ) ) ;
#6587 = VERTEX_POINT ( 'NONE', #7193 ) ;
#6588 = SURFACE_STYLE_FILL_AREA ( #7309 ) ;
#6589 = DIRECTION ( 'NONE',  ( 0.000000000000000000, 0.000000000000000000, 1.000000000000000000 ) ) ;
#6590 = SURFACE_SIDE_STYLE ('',( #6630 ) ) ;
#6591 = CARTESIAN_POINT ( 'NONE',  ( 0.8499999999999998668, 2.350000000000000089, 1.249999999999999556 ) ) ;
#6592 = ORIENTED_EDGE ( 'NONE', *, *, #5375, .T. ) ;
#6593 = CIRCLE ( 'NONE', #6173, 0.1000000000000000472 ) ;
#6594 = VERTEX_POINT ( 'NONE', #5120 ) ;
#6595 = SURFACE_STYLE_USAGE ( .BOTH. , #2646 ) ;
#6596 = LINE ( 'NONE', #21, #7188 ) ;
#6597 = AXIS2_PLACEMENT_3D ( 'NONE', #5121, #7828, #428 ) ;
#6598 = CARTESIAN_POINT ( 'NONE',  ( 2.274999999999999911, 0.9000000000000002442, 0.000000000000000000 ) ) ;
#6599 = ORIENTED_EDGE ( 'NONE', *, *, #6091, .T. ) ;
#6600 =( NAMED_UNIT ( * ) SI_UNIT ( $, .STERADIAN. ) SOLID_ANGLE_UNIT ( ) );
#6601 = EDGE_CURVE ( 'NONE', #416, #7794, #1819, .T. ) ;
#6602 = PRESENTATION_STYLE_ASSIGNMENT (( #8003 ) ) ;
#6603 = AXIS2_PLACEMENT_3D ( 'NONE', #4296, #7671, #6941 ) ;
#6604 = CARTESIAN_POINT ( 'NONE',  ( -2.024999999999998579, 0.9499999999999997335, 1.299999999999999156 ) ) ;
#6605 = VECTOR ( 'NONE', #3919, 1000.000000000000000 ) ;
#6606 = ORIENTED_EDGE ( 'NONE', *, *, #306, .F. ) ;
#6607 = CARTESIAN_POINT ( 'NONE',  ( -1.774999999999998801, 1.149999999999999689, 1.299999999999998490 ) ) ;
#6608 = DIRECTION ( 'NONE',  ( -1.070816960479548588E-16, -1.000000000000000000, 1.807003620809151213E-16 ) ) ;
#6609 =( NAMED_UNIT ( * ) SI_UNIT ( $, .STERADIAN. ) SOLID_ANGLE_UNIT ( ) );
#6610 = DIRECTION ( 'NONE',  ( -1.000000000000000000, -0.000000000000000000, -0.000000000000000000 ) ) ;
#6611 = EDGE_CURVE ( 'NONE', #4471, #2121, #3881, .T. ) ;
#6612 = PRESENTATION_STYLE_ASSIGNMENT (( #7291 ) ) ;
#6613 = ORIENTED_EDGE ( 'NONE', *, *, #4373, .F. ) ;
#6614 = AXIS2_PLACEMENT_3D ( 'NONE', #8347, #913, #3539 ) ;
#6615 = SURFACE_STYLE_USAGE ( .BOTH. , #3933 ) ;
#6616 = DIRECTION ( 'NONE',  ( 1.000000000000000000, 9.531447670202286736E-17, 0.000000000000000000 ) ) ;
#6617 = CYLINDRICAL_SURFACE ( 'NONE', #7260, 0.09999999999999982514 ) ;
#6618 = SURFACE_SIDE_STYLE ('',( #6000 ) ) ;
#6619 = CARTESIAN_POINT ( 'NONE',  ( -1.574999999999999512, 1.249999999999999778, 1.299999999999999600 ) ) ;
#6620 = EDGE_LOOP ( 'NONE', ( #4875, #3248, #2743, #8306 ) ) ;
#6621 = FACE_OUTER_BOUND ( 'NONE', #3699, .T. ) ;
#6622 = AXIS2_PLACEMENT_3D ( 'NONE', #3210, #1175, #5250 ) ;
#6623 = FILL_AREA_STYLE ('',( #7 ) ) ;
#6624 = CARTESIAN_POINT ( 'NONE',  ( 2.074999999999998845, -0.9578422717728219959, 1.299999999999998934 ) ) ;
#6625 = DIRECTION ( 'NONE',  ( 0.000000000000000000, 0.000000000000000000, -1.000000000000000000 ) ) ;
#6626 = LINE ( 'NONE', #4024, #4803 ) ;
#6627 = VERTEX_POINT ( 'NONE', #7785 ) ;
#6628 = CARTESIAN_POINT ( 'NONE',  ( 1.375000000000024869, 9.637352644315598941E-17, 2.895181201260512737E-14 ) ) ;
#6629 = SHAPE_DEFINITION_REPRESENTATION ( #5258, #2919 ) ;
#6630 = SURFACE_STYLE_FILL_AREA ( #8608 ) ;
#6631 = ORIENTED_EDGE ( 'NONE', *, *, #4526, .T. ) ;
#6632 = STYLED_ITEM ( 'NONE', ( #6089 ), #4514 ) ;
#6633 = SURFACE_STYLE_USAGE ( .BOTH. , #8514 ) ;
#6634 = ORIENTED_EDGE ( 'NONE', *, *, #4039, .T. ) ;
#6635 = SURFACE_STYLE_FILL_AREA ( #117 ) ;
#6636 = LINE ( 'NONE', #7399, #3977 ) ;
#6637 = CARTESIAN_POINT ( 'NONE',  ( 1.375000000000012212, -0.9578422717728221070, 0.5999999999999894307 ) ) ;
#6638 = AXIS2_PLACEMENT_3D ( 'NONE', #5950, #4698, #6040 ) ;
#6639 = CARTESIAN_POINT ( 'NONE',  ( 1.374999999999987121, -0.6250000000000002220, 1.799999999999981171 ) ) ;
#6640 = ORIENTED_EDGE ( 'NONE', *, *, #2398, .T. ) ;
#6641 = CARTESIAN_POINT ( 'NONE',  ( -0.9500000000000003997, 0.9499999999999998446, 0.4499999999999997335 ) ) ;
#6642 = ORIENTED_EDGE ( 'NONE', *, *, #2100, .T. ) ;
#6643 = CARTESIAN_POINT ( 'NONE',  ( -2.024999999999999467, 1.149999999999999689, 1.800000000000000044 ) ) ;
#6644 = FILL_AREA_STYLE_COLOUR ( '', #7998 ) ;
#6645 = DIRECTION ( 'NONE',  ( -1.070816960479510870E-16, 1.000000000000000000, -0.000000000000000000 ) ) ;
#6646 = ORIENTED_EDGE ( 'NONE', *, *, #375, .F. ) ;
#6647 = CARTESIAN_POINT ( 'NONE',  ( 1.574999999999999512, 1.250000000000000000, 1.199999999999999512 ) ) ;
#6648 = CARTESIAN_POINT ( 'NONE',  ( -1.899999999999999689, -1.325000000000000178, 0.1499999999999895861 ) ) ;
#6649 = SURFACE_STYLE_USAGE ( .BOTH. , #4007 ) ;
#6650 = AXIS2_PLACEMENT_3D ( 'NONE', #360, #5605, #8324 ) ;
#6651 = DIRECTION ( 'NONE',  ( 1.000000000000000000, 1.070816960479511117E-16, 1.734723475976807094E-14 ) ) ;
#6652 = ADVANCED_FACE ( 'NONE', ( #4440 ), #1127, .F. ) ;
#6653 = CARTESIAN_POINT ( 'NONE',  ( -0.8500000000000004219, 0.9499999999999998446, 0.5499999999999997113 ) ) ;
#6654 = CARTESIAN_POINT ( 'NONE',  ( 0.8499999999999994227, 2.250000000000000444, 0.5499999999999998224 ) ) ;
#6655 = FACE_OUTER_BOUND ( 'NONE', #6907, .T. ) ;
#6656 = DIRECTION ( 'NONE',  ( 1.000000000000000000, 0.000000000000000000, 0.000000000000000000 ) ) ;
#6657 = VECTOR ( 'NONE', #3253, 1000.000000000000000 ) ;
#6658 = ORIENTED_EDGE ( 'NONE', *, *, #4553, .T. ) ;
#6659 = ADVANCED_FACE ( 'NONE', ( #1261 ), #6562, .F. ) ;
#6660 = VERTEX_POINT ( 'NONE', #5285 ) ;
#6661 = ADVANCED_FACE ( 'NONE', ( #3481 ), #1347, .F. ) ;
#6662 = EDGE_CURVE ( 'NONE', #7107, #344, #5331, .T. ) ;
#6663 =( NAMED_UNIT ( * ) PLANE_ANGLE_UNIT ( ) SI_UNIT ( $, .RADIAN. ) );
#6664 =( NAMED_UNIT ( * ) PLANE_ANGLE_UNIT ( ) SI_UNIT ( $, .RADIAN. ) );
#6665 = PRESENTATION_LAYER_ASSIGNMENT (  '', '', ( #7664 ) ) ;
#6666 = CARTESIAN_POINT ( 'NONE',  ( -1.574999999999999956, 0.8999999999999998002, 0.000000000000000000 ) ) ;
#6667 = UNCERTAINTY_MEASURE_WITH_UNIT (LENGTH_MEASURE( 1.000000000000000082E-05 ), #3563, 'distance_accuracy_value', 'NONE');
#6668 = DIRECTION ( 'NONE',  ( 1.000000000000000000, 0.000000000000000000, -0.000000000000000000 ) ) ;
#6669 = VECTOR ( 'NONE', #643, 1000.000000000000000 ) ;
#6670 = CYLINDRICAL_SURFACE ( 'NONE', #3981, 0.1000000000000000472 ) ;
#6671 = DIRECTION ( 'NONE',  ( 0.000000000000000000, 0.000000000000000000, -1.000000000000000000 ) ) ;
#6672 = PLANE ( 'NONE',  #1575 ) ;
#6673 = CARTESIAN_POINT ( 'NONE',  ( 0.6989513836793942447, -0.9578422717728219959, 0.4955507190332824607 ) ) ;
#6674 = VERTEX_POINT ( 'NONE', #8128 ) ;
#6675 = AXIS2_PLACEMENT_3D ( 'NONE', #2268, #3560, #8287 ) ;
#6676 = PRESENTATION_LAYER_ASSIGNMENT (  '', '', ( #7102 ) ) ;
#6677 = FILL_AREA_STYLE_COLOUR ( '', #3131 ) ;
#6678 = CARTESIAN_POINT ( 'NONE',  ( -1.874999999999987788, 0.9499999999999997335, 0.000000000000000000 ) ) ;
#6680 = ORIENTED_EDGE ( 'NONE', *, *, #7594, .F. ) ;
#6679 = SURFACE_STYLE_USAGE ( .BOTH. , #737 ) ;
#6681 = EDGE_LOOP ( 'NONE', ( #1293, #597, #2967, #8606 ) ) ;
#6682 = CARTESIAN_POINT ( 'NONE',  ( -1.474999999999999201, 1.149999999999999689, 1.199999999999998845 ) ) ;
#6683 = CARTESIAN_POINT ( 'NONE',  ( -1.474999999999999423, 1.349999999999999867, 1.199999999999999512 ) ) ;
#6684 = VECTOR ( 'NONE', #3837, 1000.000000000000000 ) ;
#6685 = VECTOR ( 'NONE', #4662, 1000.000000000000000 ) ;
#6686 = ORIENTED_EDGE ( 'NONE', *, *, #1808, .F. ) ;
#6687 = EDGE_LOOP ( 'NONE', ( #8502, #1845, #8316, #1745 ) ) ;
#6688 =( GEOMETRIC_REPRESENTATION_CONTEXT ( 3 ) GLOBAL_UNCERTAINTY_ASSIGNED_CONTEXT ( ( #7706 ) ) GLOBAL_UNIT_ASSIGNED_CONTEXT ( ( #2320, #1019, #372 ) ) REPRESENTATION_CONTEXT ( 'NONE', 'WORKASPACE' ) );
#6689 = CARTESIAN_POINT ( 'NONE',  ( 2.075000000000000622, 0.4799999999999999267, 0.5000000000000000000 ) ) ;
#6690 = FILL_AREA_STYLE_COLOUR ( '', #6084 ) ;
#6691 = CARTESIAN_POINT ( 'NONE',  ( -0.8999999999999992450, 1.149999999999999911, 0.3999999999999996336 ) ) ;
#6692 = ORIENTED_EDGE ( 'NONE', *, *, #4542, .F. ) ;
#6693 = DIRECTION ( 'NONE',  ( -0.000000000000000000, -0.000000000000000000, -1.000000000000000000 ) ) ;
#6694 = AXIS2_PLACEMENT_3D ( 'NONE', #1028, #2423, #1117 ) ;
#6695 = VECTOR ( 'NONE', #8597, 1000.000000000000000 ) ;
#6696 = CIRCLE ( 'NONE', #8001, 0.1000000000000000472 ) ;
#6697 = SURFACE_STYLE_USAGE ( .BOTH. , #2694 ) ;
#6698 = ADVANCED_FACE ( 'NONE', ( #3444 ), #4120, .T. ) ;
#6699 = CIRCLE ( 'NONE', #1739, 0.1000000000000000472 ) ;
#6700 = VECTOR ( 'NONE', #3680, 1000.000000000000000 ) ;
#6701 =( GEOMETRIC_REPRESENTATION_CONTEXT ( 3 ) GLOBAL_UNCERTAINTY_ASSIGNED_CONTEXT ( ( #523 ) ) GLOBAL_UNIT_ASSIGNED_CONTEXT ( ( #5489, #7630, #6204 ) ) REPRESENTATION_CONTEXT ( 'NONE', 'WORKASPACE' ) );
#6702 = VERTEX_POINT ( 'NONE', #7282 ) ;
#6703 = ORIENTED_EDGE ( 'NONE', *, *, #3486, .T. ) ;
#6704 = VECTOR ( 'NONE', #6356, 1000.000000000000000 ) ;
#6705 = VECTOR ( 'NONE', #2190, 1000.000000000000000 ) ;
#6706 = STYLED_ITEM ( 'NONE', ( #2064 ), #1852 ) ;
#6707 = LINE ( 'NONE', #6466, #2443 ) ;
#6708 = EDGE_CURVE ( 'NONE', #798, #3727, #25, .T. ) ;
#6709 = ADVANCED_FACE ( 'NONE', ( #3358 ), #1568, .T. ) ;
#6710 = EDGE_CURVE ( 'NONE', #3217, #7107, #6394, .T. ) ;
#6711 = DIRECTION ( 'NONE',  ( 1.000000000000000000, 1.070816960479510993E-16, 0.000000000000000000 ) ) ;
#6712 = CARTESIAN_POINT ( 'NONE',  ( 1.474999999999999201, 1.150000000000000133, 0.4999999999999994449 ) ) ;
#6713 = PRESENTATION_STYLE_ASSIGNMENT (( #4062 ) ) ;
#6714 = VECTOR ( 'NONE', #939, 1000.000000000000000 ) ;
#6715 = SURFACE_SIDE_STYLE ('',( #7388 ) ) ;
#6716 = LINE ( 'NONE', #6061, #8298 ) ;
#6717 = MECHANICAL_DESIGN_GEOMETRIC_PRESENTATION_REPRESENTATION (  '', ( #6862 ), #4906 ) ;
#6718 = EDGE_CURVE ( 'NONE', #5156, #4329, #1022, .T. ) ;
#6719 = SURFACE_STYLE_USAGE ( .BOTH. , #4066 ) ;
#6720 = CARTESIAN_POINT ( 'NONE',  ( -1.499999999999999778, -0.7750000000000003553, 0.2000000000000000111 ) ) ;
#6721 = COLOUR_RGB ( '',0.8509803921568627194, 0.8509803921568627194, 0.8509803921568627194 ) ;
#6722 = PRESENTATION_LAYER_ASSIGNMENT (  '', '', ( #1907 ) ) ;
#6723 = LINE ( 'NONE', #7761, #6017 ) ;
#6724 =( LENGTH_UNIT ( ) NAMED_UNIT ( * ) SI_UNIT ( .MILLI., .METRE. ) );
#6725 = CARTESIAN_POINT ( 'NONE',  ( 1.499999999999999778, -1.325000000000000178, 0.1499999999999895861 ) ) ;
#6726 = ORIENTED_EDGE ( 'NONE', *, *, #8407, .T. ) ;
#6727 =( GEOMETRIC_REPRESENTATION_CONTEXT ( 3 ) GLOBAL_UNCERTAINTY_ASSIGNED_CONTEXT ( ( #5888 ) ) GLOBAL_UNIT_ASSIGNED_CONTEXT ( ( #5340, #7368, #6786 ) ) REPRESENTATION_CONTEXT ( 'NONE', 'WORKASPACE' ) );
#6728 = CARTESIAN_POINT ( 'NONE',  ( 1.474999999999999201, 1.150000000000000133, 0.5999999999999994227 ) ) ;
#6729 = LINE ( 'NONE', #6683, #8178 ) ;
#6730 = ORIENTED_EDGE ( 'NONE', *, *, #2981, .F. ) ;
#6731 = FILL_AREA_STYLE ('',( #4691 ) ) ;
#6732 = AXIS2_PLACEMENT_3D ( 'NONE', #4502, #1180, #8451 ) ;
#6733 = VERTEX_POINT ( 'NONE', #3005 ) ;
#6734 = UNCERTAINTY_MEASURE_WITH_UNIT (LENGTH_MEASURE( 1.000000000000000082E-05 ), #4153, 'distance_accuracy_value', 'NONE');
#6735 = SURFACE_SIDE_STYLE ('',( #7481 ) ) ;
#6736 = FILL_AREA_STYLE_COLOUR ( '', #4630 ) ;
#6737 = AXIS2_PLACEMENT_3D ( 'NONE', #7961, #73, #4034 ) ;
#6738 = VERTEX_POINT ( 'NONE', #2323 ) ;
#6739 = ADVANCED_FACE ( 'NONE', ( #6896 ), #5527, .F. ) ;
#6740 = ORIENTED_EDGE ( 'NONE', *, *, #2005, .F. ) ;
#6741 =( NAMED_UNIT ( * ) SI_UNIT ( $, .STERADIAN. ) SOLID_ANGLE_UNIT ( ) );
#6742 = PRESENTATION_LAYER_ASSIGNMENT (  '', '', ( #2324 ) ) ;
#6743 = CARTESIAN_POINT ( 'NONE',  ( -2.274999999999992362, 0.9499999999999997335, 1.749999999999975575 ) ) ;
#6744 = FILL_AREA_STYLE ('',( #2164 ) ) ;
#6745 = ORIENTED_EDGE ( 'NONE', *, *, #1509, .T. ) ;
#6746 = AXIS2_PLACEMENT_3D ( 'NONE', #1152, #5109, #3056 ) ;
#6747 = UNCERTAINTY_MEASURE_WITH_UNIT (LENGTH_MEASURE( 1.000000000000000082E-05 ), #1421, 'distance_accuracy_value', 'NONE');
#6748 = DIRECTION ( 'NONE',  ( 0.000000000000000000, 0.000000000000000000, 1.000000000000000000 ) ) ;
#6749 =( NAMED_UNIT ( * ) SI_UNIT ( $, .STERADIAN. ) SOLID_ANGLE_UNIT ( ) );
#6750 =( NAMED_UNIT ( * ) SI_UNIT ( $, .STERADIAN. ) SOLID_ANGLE_UNIT ( ) );
#6751 = FILL_AREA_STYLE_COLOUR ( '', #7219 ) ;
#6752 = VERTEX_POINT ( 'NONE', #2279 ) ;
#6754 = PRESENTATION_LAYER_ASSIGNMENT (  '', '', ( #400 ) ) ;
#6753 = PRESENTATION_LAYER_ASSIGNMENT (  '', '', ( #1507 ) ) ;
#6755 = ORIENTED_EDGE ( 'NONE', *, *, #4499, .F. ) ;
#6756 = EDGE_LOOP ( 'NONE', ( #410, #5207, #3557, #865 ) ) ;
#6757 = FACE_BOUND ( 'NONE', #4337, .T. ) ;
#6758 = DIRECTION ( 'NONE',  ( 1.070816960479510993E-16, -1.000000000000000000, 1.094764425253763580E-47 ) ) ;
#6759 = DIRECTION ( 'NONE',  ( -1.000000000000000000, -0.000000000000000000, -0.000000000000000000 ) ) ;
#6760 = CIRCLE ( 'NONE', #3853, 0.1000000000000000472 ) ;
#6761 = UNCERTAINTY_MEASURE_WITH_UNIT (LENGTH_MEASURE( 1.000000000000000082E-05 ), #2199, 'distance_accuracy_value', 'NONE');
#6762 =( NAMED_UNIT ( * ) PLANE_ANGLE_UNIT ( ) SI_UNIT ( $, .RADIAN. ) );
#6763 =( NAMED_UNIT ( * ) PLANE_ANGLE_UNIT ( ) SI_UNIT ( $, .RADIAN. ) );
#6764 = FACE_OUTER_BOUND ( 'NONE', #5849, .T. ) ;
#6765 = FILL_AREA_STYLE ('',( #4106 ) ) ;
#6766 = PRESENTATION_LAYER_ASSIGNMENT (  '', '', ( #1941 ) ) ;
#6767 = DIRECTION ( 'NONE',  ( -2.096124200138641695E-14, -1.807003620809173892E-16, -1.000000000000000000 ) ) ;
#6768 = FILL_AREA_STYLE_COLOUR ( '', #3396 ) ;
#6769 = CARTESIAN_POINT ( 'NONE',  ( 1.874999999999999334, 1.150000000000000133, 1.199999999999999512 ) ) ;
#6770 = COLOUR_RGB ( '',0.8431372549019607865, 0.8156862745098039102, 0.7529411764705882248 ) ;
#6771 = DIRECTION ( 'NONE',  ( -1.000000000000000000, -9.531447670202286736E-17, 2.081668171172165989E-14 ) ) ;
#6772 = FILL_AREA_STYLE ('',( #3400 ) ) ;
#6773 = ORIENTED_EDGE ( 'NONE', *, *, #4320, .F. ) ;
#6774 = CARTESIAN_POINT ( 'NONE',  ( 0.6989513836793942447, -0.9180000000000003713, 1.800000000000000044 ) ) ;
#6775 = EDGE_LOOP ( 'NONE', ( #2196, #3076, #7955 ) ) ;
#6776 = CARTESIAN_POINT ( 'NONE',  ( -1.474999999999999423, 1.349999999999999867, 0.5999999999999994227 ) ) ;
#6777 = VECTOR ( 'NONE', #984, 1000.000000000000000 ) ;
#6778 = ORIENTED_EDGE ( 'NONE', *, *, #970, .T. ) ;
#6779 = SURFACE_STYLE_USAGE ( .BOTH. , #1505 ) ;
#6780 =( NAMED_UNIT ( * ) PLANE_ANGLE_UNIT ( ) SI_UNIT ( $, .RADIAN. ) );
#6781 = ORIENTED_EDGE ( 'NONE', *, *, #1634, .T. ) ;
#6782 = CARTESIAN_POINT ( 'NONE',  ( 1.899999999999999689, -0.6250000000000003331, 1.779999999999980931 ) ) ;
#6783 = SURFACE_STYLE_FILL_AREA ( #1680 ) ;
#6784 = PRESENTATION_LAYER_ASSIGNMENT (  '', '', ( #1959 ) ) ;
#6785 = LINE ( 'NONE', #4126, #5786 ) ;
#6786 =( NAMED_UNIT ( * ) SI_UNIT ( $, .STERADIAN. ) SOLID_ANGLE_UNIT ( ) );
#6787 = ORIENTED_EDGE ( 'NONE', *, *, #8452, .T. ) ;
#6788 = DIRECTION ( 'NONE',  ( -1.070816960479510870E-16, 1.000000000000000000, 0.000000000000000000 ) ) ;
#6789 =( NAMED_UNIT ( * ) SI_UNIT ( $, .STERADIAN. ) SOLID_ANGLE_UNIT ( ) );
#6790 = CARTESIAN_POINT ( 'NONE',  ( -0.8500000000000005329, 2.250000000000000444, 0.5499999999999997113 ) ) ;
#6791 = ORIENTED_EDGE ( 'NONE', *, *, #4955, .T. ) ;
#6792 = ORIENTED_EDGE ( 'NONE', *, *, #4768, .T. ) ;
#6793 = CIRCLE ( 'NONE', #3213, 0.05000000000000514450 ) ;
#6794 = DIRECTION ( 'NONE',  ( 0.000000000000000000, 1.000000000000000000, 0.000000000000000000 ) ) ;
#6795 = AXIS2_PLACEMENT_3D ( 'NONE', #1044, #5645, #2297 ) ;
#6796 = ORIENTED_EDGE ( 'NONE', *, *, #2361, .T. ) ;
#6797 = FILL_AREA_STYLE ('',( #55 ) ) ;
#6798 = ORIENTED_EDGE ( 'NONE', *, *, #863, .T. ) ;
#6799 = FILL_AREA_STYLE ('',( #852 ) ) ;
#6800 = ORIENTED_EDGE ( 'NONE', *, *, #1344, .T. ) ;
#6801 = CARTESIAN_POINT ( 'NONE',  ( -1.774999999999998357, 1.149999999999999689, 0.5999999999999983125 ) ) ;
#6802 =( GEOMETRIC_REPRESENTATION_CONTEXT ( 3 ) GLOBAL_UNCERTAINTY_ASSIGNED_CONTEXT ( ( #8087 ) ) GLOBAL_UNIT_ASSIGNED_CONTEXT ( ( #2894, #3015, #4851 ) ) REPRESENTATION_CONTEXT ( 'NONE', 'WORKASPACE' ) );
#6803 = SURFACE_SIDE_STYLE ('',( #2360 ) ) ;
#6804 = LINE ( 'NONE', #6567, #2136 ) ;
#6805 = CARTESIAN_POINT ( 'NONE',  ( -1.774999999999999467, 1.349999999999999867, 0.5999999999999994227 ) ) ;
#6806 = COLOUR_RGB ( '',0.8509803921568627194, 0.8509803921568627194, 0.8509803921568627194 ) ;
#6807 = EDGE_CURVE ( 'NONE', #3916, #1908, #7624, .T. ) ;
#6808 = PLANE ( 'NONE',  #8470 ) ;
#6809 = ADVANCED_FACE ( 'NONE', ( #3052 ), #1672, .F. ) ;
#6810 = LINE ( 'NONE', #7571, #2705 ) ;
#6811 = FILL_AREA_STYLE_COLOUR ( '', #5701 ) ;
#6812 = ORIENTED_EDGE ( 'NONE', *, *, #5522, .T. ) ;
#6813 = SURFACE_STYLE_USAGE ( .BOTH. , #4158 ) ;
#6814 = LINE ( 'NONE', #5874, #4894 ) ;
#6815 = PRESENTATION_LAYER_ASSIGNMENT (  '', '', ( #3914 ) ) ;
#6816 = VERTEX_POINT ( 'NONE', #7178 ) ;
#6817 = AXIS2_PLACEMENT_3D ( 'NONE', #1630, #947, #7516 ) ;
#6818 = SURFACE_STYLE_FILL_AREA ( #2159 ) ;
#6819 = ADVANCED_FACE ( 'NONE', ( #7812 ), #8557, .T. ) ;
#6820 = EDGE_CURVE ( 'NONE', #5053, #2465, #5196, .T. ) ;
#6821 = ORIENTED_EDGE ( 'NONE', *, *, #6451, .T. ) ;
#6822 = DIRECTION ( 'NONE',  ( -1.000000000000000000, -1.070816960479510993E-16, 0.000000000000000000 ) ) ;
#6823 = EDGE_CURVE ( 'NONE', #2121, #4841, #5537, .T. ) ;
#6824 = VECTOR ( 'NONE', #5975, 1000.000000000000000 ) ;
#6825 = VECTOR ( 'NONE', #6100, 1000.000000000000000 ) ;
#6826 = ORIENTED_EDGE ( 'NONE', *, *, #7937, .T. ) ;
#6827 = CYLINDRICAL_SURFACE ( 'NONE', #8418, 0.05000000000000012768 ) ;
#6828 = VECTOR ( 'NONE', #5191, 1000.000000000000000 ) ;
#6829 = DIRECTION ( 'NONE',  ( 1.734723475976807094E-14, 0.000000000000000000, 1.000000000000000000 ) ) ;
#6830 =( LENGTH_UNIT ( ) NAMED_UNIT ( * ) SI_UNIT ( .MILLI., .METRE. ) );
#6831 = ORIENTED_EDGE ( 'NONE', *, *, #5259, .T. ) ;
#6832 = CIRCLE ( 'NONE', #3106, 0.1000000000000000472 ) ;
#6833 = ORIENTED_EDGE ( 'NONE', *, *, #6169, .T. ) ;
#6834 = CARTESIAN_POINT ( 'NONE',  ( -1.374999999999997558, -1.150000000000000355, 1.299999999999998934 ) ) ;
#6835 = VECTOR ( 'NONE', #8384, 1000.000000000000000 ) ;
#6836 = MECHANICAL_DESIGN_GEOMETRIC_PRESENTATION_REPRESENTATION (  '', ( #5005 ), #2710 ) ;
#6837 = VECTOR ( 'NONE', #6145, 1000.000000000000000 ) ;
#6838 = UNCERTAINTY_MEASURE_WITH_UNIT (LENGTH_MEASURE( 1.000000000000000082E-05 ), #355, 'distance_accuracy_value', 'NONE');
#6839 = DIRECTION ( 'NONE',  ( -1.070816960479510993E-16, 1.000000000000000000, 0.000000000000000000 ) ) ;
#6840 = DIRECTION ( 'NONE',  ( 9.531447670202286736E-17, -1.000000000000000000, -0.000000000000000000 ) ) ;
#6841 = FACE_OUTER_BOUND ( 'NONE', #1249, .T. ) ;
#6842 = EDGE_CURVE ( 'NONE', #7133, #3458, #3189, .T. ) ;
#6843 = CARTESIAN_POINT ( 'NONE',  ( -1.499999999999999778, -1.325000000000000178, 0.1499999999999895861 ) ) ;
#6844 = VECTOR ( 'NONE', #5312, 1000.000000000000000 ) ;
#6845 = ORIENTED_EDGE ( 'NONE', *, *, #6342, .F. ) ;
#6847 =( LENGTH_UNIT ( ) NAMED_UNIT ( * ) SI_UNIT ( .MILLI., .METRE. ) );
#6846 = VECTOR ( 'NONE', #1635, 1000.000000000000000 ) ;
#6848 =( GEOMETRIC_REPRESENTATION_CONTEXT ( 3 ) GLOBAL_UNCERTAINTY_ASSIGNED_CONTEXT ( ( #6539 ) ) GLOBAL_UNIT_ASSIGNED_CONTEXT ( ( #792, #873, #3496 ) ) REPRESENTATION_CONTEXT ( 'NONE', 'WORKASPACE' ) );
#6849 =( GEOMETRIC_REPRESENTATION_CONTEXT ( 3 ) GLOBAL_UNCERTAINTY_ASSIGNED_CONTEXT ( ( #4405 ) ) GLOBAL_UNIT_ASSIGNED_CONTEXT ( ( #1131, #6225, #310 ) ) REPRESENTATION_CONTEXT ( 'NONE', 'WORKASPACE' ) );
#6850 = LINE ( 'NONE', #2189, #3633 ) ;
#6851 = DIRECTION ( 'NONE',  ( -1.000000000000000000, 0.000000000000000000, 0.000000000000000000 ) ) ;
#6852 =( NAMED_UNIT ( * ) SI_UNIT ( $, .STERADIAN. ) SOLID_ANGLE_UNIT ( ) );
#6853 = STYLED_ITEM ( 'NONE', ( #8511 ), #7770 ) ;
#6854 = PLANE ( 'NONE',  #7195 ) ;
#6855 = EDGE_LOOP ( 'NONE', ( #3197, #645, #6885, #394 ) ) ;
#6856 =( NAMED_UNIT ( * ) SI_UNIT ( $, .STERADIAN. ) SOLID_ANGLE_UNIT ( ) );
#6857 = FILL_AREA_STYLE ('',( #4808 ) ) ;
#6858 = EDGE_LOOP ( 'NONE', ( #1277, #4688, #290, #2375 ) ) ;
#6859 = CIRCLE ( 'NONE', #3137, 0.05000000000000012768 ) ;
#6860 = PRODUCT_DEFINITION ( 'Î´Öª', '', #4862, #637 ) ;
#6861 = CARTESIAN_POINT ( 'NONE',  ( 1.874999999999999556, 1.350000000000000311, 0.5999999999999994227 ) ) ;
#6862 = STYLED_ITEM ( 'NONE', ( #683 ), #2113 ) ;
#6863 = VERTEX_POINT ( 'NONE', #1897 ) ;
#6864 = DIRECTION ( 'NONE',  ( 1.000000000000000000, -0.000000000000000000, -0.000000000000000000 ) ) ;
#6865 = CARTESIAN_POINT ( 'NONE',  ( -2.024999999999998579, 0.3799999999999983946, 1.749999999999998002 ) ) ;
#6866 = ORIENTED_EDGE ( 'NONE', *, *, #7275, .F. ) ;
#6867 = CARTESIAN_POINT ( 'NONE',  ( -1.374999999999987121, -0.6250000000000002220, 1.799999999999981171 ) ) ;
#6868 = CARTESIAN_POINT ( 'NONE',  ( -2.074999999999998401, 0.9499999999999997335, 1.299999999999998934 ) ) ;
#6869 = VERTEX_POINT ( 'NONE', #5147 ) ;
#6870 = VECTOR ( 'NONE', #4056, 1000.000000000000000 ) ;
#6871 = DIRECTION ( 'NONE',  ( -1.000000000000000000, -9.531447670202286736E-17, 0.000000000000000000 ) ) ;
#6872 = VECTOR ( 'NONE', #260, 1000.000000000000000 ) ;
#6873 = ADVANCED_FACE ( 'NONE', ( #1936 ), #4432, .T. ) ;
#6874 = FILL_AREA_STYLE_COLOUR ( '', #6502 ) ;
#6875 = ORIENTED_EDGE ( 'NONE', *, *, #1725, .T. ) ;
#6876 = SURFACE_SIDE_STYLE ('',( #4225 ) ) ;
#6877 = STYLED_ITEM ( 'NONE', ( #1423 ), #709 ) ;
#6878 = LINE ( 'NONE', #6093, #7702 ) ;
#6879 = SURFACE_STYLE_USAGE ( .BOTH. , #1654 ) ;
#6880 = PRESENTATION_STYLE_ASSIGNMENT (( #7021 ) ) ;
#6881 = DIRECTION ( 'NONE',  ( -1.000000000000000000, 0.000000000000000000, 0.000000000000000000 ) ) ;
#6882 = FACE_OUTER_BOUND ( 'NONE', #7266, .T. ) ;
#6883 = CIRCLE ( 'NONE', #7607, 0.1999999999999997613 ) ;
#6884 = ORIENTED_EDGE ( 'NONE', *, *, #4008, .T. ) ;
#6885 = ORIENTED_EDGE ( 'NONE', *, *, #7371, .T. ) ;
#6886 = DIRECTION ( 'NONE',  ( 2.410830550270208228E-46, -2.251393692149440783E-30, 1.000000000000000000 ) ) ;
#6887 = PRESENTATION_LAYER_ASSIGNMENT (  '', '', ( #1935 ) ) ;
#6888 = FILL_AREA_STYLE ('',( #4239 ) ) ;
#6889 = EDGE_CURVE ( 'NONE', #6733, #6752, #1455, .T. ) ;
#6890 = DIRECTION ( 'NONE',  ( 0.000000000000000000, 1.000000000000000000, 0.000000000000000000 ) ) ;
#6891 = LINE ( 'NONE', #4244, #8211 ) ;
#6892 = CARTESIAN_POINT ( 'NONE',  ( 0.5500000000000001554, 0.2499999999999998335, -0.3000000000000000444 ) ) ;
#6893 = ORIENTED_EDGE ( 'NONE', *, *, #6977, .F. ) ;
#6894 = DIRECTION ( 'NONE',  ( -1.000000000000000000, 0.000000000000000000, 0.000000000000000000 ) ) ;
#6895 = FACE_OUTER_BOUND ( 'NONE', #619, .T. ) ;
#6896 = FACE_OUTER_BOUND ( 'NONE', #7951, .T. ) ;
#6897 = ORIENTED_EDGE ( 'NONE', *, *, #1815, .F. ) ;
#6898 = COLOUR_RGB ( '',0.2235294117647058654, 0.2235294117647058654, 0.2235294117647058654 ) ;
#6899 = CARTESIAN_POINT ( 'NONE',  ( -2.174999999999998490, 1.149999999999999689, 1.399999999999998801 ) ) ;
#6900 =( GEOMETRIC_REPRESENTATION_CONTEXT ( 3 ) GLOBAL_UNCERTAINTY_ASSIGNED_CONTEXT ( ( #2790 ) ) GLOBAL_UNIT_ASSIGNED_CONTEXT ( ( #3386, #104, #3426 ) ) REPRESENTATION_CONTEXT ( 'NONE', 'WORKASPACE' ) );
#6901 = ORIENTED_EDGE ( 'NONE', *, *, #7944, .T. ) ;
#6902 = LINE ( 'NONE', #2931, #5400 ) ;
#6903 = DIRECTION ( 'NONE',  ( -1.000000000000000000, 0.000000000000000000, 0.000000000000000000 ) ) ;
#6904 = DIRECTION ( 'NONE',  ( -2.096124200138642642E-14, -4.495959036929448608E-30, 1.000000000000000000 ) ) ;
#6905 = SURFACE_STYLE_FILL_AREA ( #1552 ) ;
#6906 = STYLED_ITEM ( 'NONE', ( #1108 ), #4498 ) ;
#6907 = EDGE_LOOP ( 'NONE', ( #5666, #3225, #4353, #8436 ) ) ;
#6908 = UNCERTAINTY_MEASURE_WITH_UNIT (LENGTH_MEASURE( 1.000000000000000082E-05 ), #4765, 'distance_accuracy_value', 'NONE');
#6909 = DIRECTION ( 'NONE',  ( 0.000000000000000000, 1.000000000000000000, -6.862039066364035213E-17 ) ) ;
#6910 = AXIS2_PLACEMENT_3D ( 'NONE', #2531, #3209, #1871 ) ;
#6911 = DIRECTION ( 'NONE',  ( -1.000000000000000000, -9.531447670202287969E-17, 0.000000000000000000 ) ) ;
#6912 = DIRECTION ( 'NONE',  ( -1.000000000000000000, 0.000000000000000000, 0.000000000000000000 ) ) ;
#6913 = ORIENTED_EDGE ( 'NONE', *, *, #4744, .T. ) ;
#6914 = ADVANCED_FACE ( 'NONE', ( #732 ), #14, .F. ) ;
#6915 = VECTOR ( 'NONE', #6904, 1000.000000000000000 ) ;
#6916 = SURFACE_STYLE_USAGE ( .BOTH. , #5550 ) ;
#6917 = SURFACE_STYLE_FILL_AREA ( #972 ) ;
#6918 = PRESENTATION_STYLE_ASSIGNMENT (( #6268 ) ) ;
#6919 = SURFACE_STYLE_FILL_AREA ( #7694 ) ;
#6920 = EDGE_CURVE ( 'NONE', #468, #6029, #755, .T. ) ;
#6921 = EDGE_CURVE ( 'NONE', #3570, #2415, #4107, .T. ) ;
#6922 = EDGE_CURVE ( 'NONE', #7921, #3245, #1979, .T. ) ;
#6923 = ORIENTED_EDGE ( 'NONE', *, *, #4122, .T. ) ;
#6924 = VERTEX_POINT ( 'NONE', #4605 ) ;
#6925 = DIRECTION ( 'NONE',  ( 1.070816960479510870E-16, -1.000000000000000000, -0.000000000000000000 ) ) ;
#6926 = CARTESIAN_POINT ( 'NONE',  ( -1.000000000000000000, 0.9499999999999998446, 1.299999999999999156 ) ) ;
#6927 =( NAMED_UNIT ( * ) SI_UNIT ( $, .STERADIAN. ) SOLID_ANGLE_UNIT ( ) );
#6928 = STYLED_ITEM ( 'NONE', ( #3757 ), #3640 ) ;
#6929 = CARTESIAN_POINT ( 'NONE',  ( -1.574999999999998401, 1.149999999999999689, 0.4999999999999986122 ) ) ;
#6930 = LINE ( 'NONE', #5012, #3278 ) ;
#6931 = FILL_AREA_STYLE ('',( #4802 ) ) ;
#6932 =( LENGTH_UNIT ( ) NAMED_UNIT ( * ) SI_UNIT ( .MILLI., .METRE. ) );
#6933 = MECHANICAL_DESIGN_GEOMETRIC_PRESENTATION_REPRESENTATION (  '', ( #7379 ), #2116 ) ;
#6934 = EDGE_CURVE ( 'NONE', #945, #916, #8078, .T. ) ;
#6935 = VERTEX_POINT ( 'NONE', #5397 ) ;
#6936 = FACE_OUTER_BOUND ( 'NONE', #1174, .T. ) ;
#6937 = ORIENTED_EDGE ( 'NONE', *, *, #3487, .T. ) ;
#6938 = CARTESIAN_POINT ( 'NONE',  ( -0.8499999999999999778, 0.2499999999999997780, -0.3000000000000000444 ) ) ;
#6939 = SURFACE_STYLE_USAGE ( .BOTH. , #4939 ) ;
#6940 = EDGE_LOOP ( 'NONE', ( #5305, #1149, #5570, #1335, #7166, #1956 ) ) ;
#6941 = DIRECTION ( 'NONE',  ( 0.000000000000000000, 0.000000000000000000, -1.000000000000000000 ) ) ;
#6942 = COLOUR_RGB ( '',0.8431372549019607865, 0.8156862745098039102, 0.7529411764705882248 ) ;
#6943 = LINE ( 'NONE', #7726, #8018 ) ;
#6944 = VERTEX_POINT ( 'NONE', #3348 ) ;
#6945 = CARTESIAN_POINT ( 'NONE',  ( 0.8499999999999998668, 2.250000000000000444, 1.249999999999999556 ) ) ;
#6946 = LINE ( 'NONE', #7631, #6382 ) ;
#6947 = DIRECTION ( 'NONE',  ( -1.000000000000000000, -1.070816960479511117E-16, 2.081668171172165989E-14 ) ) ;
#6948 = EDGE_CURVE ( 'NONE', #5500, #5304, #8117, .T. ) ;
#6949 = SURFACE_STYLE_USAGE ( .BOTH. , #4303 ) ;
#6950 = CYLINDRICAL_SURFACE ( 'NONE', #8039, 0.2500000000000002220 ) ;
#6951 =( GEOMETRIC_REPRESENTATION_CONTEXT ( 3 ) GLOBAL_UNCERTAINTY_ASSIGNED_CONTEXT ( ( #3453 ) ) GLOBAL_UNIT_ASSIGNED_CONTEXT ( ( #1503, #1388, #5944 ) ) REPRESENTATION_CONTEXT ( 'NONE', 'WORKASPACE' ) );
#6952 = VECTOR ( 'NONE', #7972, 1000.000000000000000 ) ;
#6953 = SURFACE_STYLE_FILL_AREA ( #5032 ) ;
#6954 =( NAMED_UNIT ( * ) PLANE_ANGLE_UNIT ( ) SI_UNIT ( $, .RADIAN. ) );
#6955 = DIRECTION ( 'NONE',  ( 0.000000000000000000, 0.000000000000000000, -1.000000000000000000 ) ) ;
#6956 = CARTESIAN_POINT ( 'NONE',  ( 2.275000000000000355, 0.3800000000000001155, 0.2000000000000000944 ) ) ;
#6957 = AXIS2_PLACEMENT_3D ( 'NONE', #1883, #7026, #6453 ) ;
#6958 = AXIS2_PLACEMENT_3D ( 'NONE', #8166, #3471, #240 ) ;
#6959 = PRESENTATION_STYLE_ASSIGNMENT (( #7598 ) ) ;
#6960 = DIRECTION ( 'NONE',  ( 1.070816960479510993E-16, -1.000000000000000000, 0.000000000000000000 ) ) ;
#6961 = STYLED_ITEM ( 'NONE', ( #3650 ), #8561 ) ;
#6962 = ORIENTED_EDGE ( 'NONE', *, *, #7605, .T. ) ;
#6963 = DIRECTION ( 'NONE',  ( -1.070816960479510993E-16, 1.000000000000000000, 0.000000000000000000 ) ) ;
#6964 =( GEOMETRIC_REPRESENTATION_CONTEXT ( 3 ) GLOBAL_UNCERTAINTY_ASSIGNED_CONTEXT ( ( #4564 ) ) GLOBAL_UNIT_ASSIGNED_CONTEXT ( ( #7588, #4169, #958 ) ) REPRESENTATION_CONTEXT ( 'NONE', 'WORKASPACE' ) );
#6965 =( GEOMETRIC_REPRESENTATION_CONTEXT ( 3 ) GLOBAL_UNCERTAINTY_ASSIGNED_CONTEXT ( ( #1752 ) ) GLOBAL_UNIT_ASSIGNED_CONTEXT ( ( #565, #5037, #6520 ) ) REPRESENTATION_CONTEXT ( 'NONE', 'WORKASPACE' ) );
#6966 = DIRECTION ( 'NONE',  ( 0.000000000000000000, 0.000000000000000000, -1.000000000000000000 ) ) ;
#6967 = DIRECTION ( 'NONE',  ( -1.000000000000000000, -1.070816960479511117E-16, 2.081668171172165989E-14 ) ) ;
#6968 = EDGE_CURVE ( 'NONE', #3635, #1057, #8037, .T. ) ;
#6969 =( NAMED_UNIT ( * ) SI_UNIT ( $, .STERADIAN. ) SOLID_ANGLE_UNIT ( ) );
#6970 =( LENGTH_UNIT ( ) NAMED_UNIT ( * ) SI_UNIT ( .MILLI., .METRE. ) );
#6971 = VECTOR ( 'NONE', #5618, 1000.000000000000000 ) ;
#6972 = ORIENTED_EDGE ( 'NONE', *, *, #858, .F. ) ;
#6973 = ORIENTED_EDGE ( 'NONE', *, *, #4642, .T. ) ;
#6974 = DIRECTION ( 'NONE',  ( 1.000000000000000000, -0.000000000000000000, -0.000000000000000000 ) ) ;
#6975 = VECTOR ( 'NONE', #431, 1000.000000000000000 ) ;
#6976 =( GEOMETRIC_REPRESENTATION_CONTEXT ( 3 ) GLOBAL_UNCERTAINTY_ASSIGNED_CONTEXT ( ( #8523 ) ) GLOBAL_UNIT_ASSIGNED_CONTEXT ( ( #5009, #2456, #1143 ) ) REPRESENTATION_CONTEXT ( 'NONE', 'WORKASPACE' ) );
#6977 = EDGE_CURVE ( 'NONE', #8252, #2468, #7270, .T. ) ;
#6978 = AXIS2_PLACEMENT_3D ( 'NONE', #5176, #4497, #7886 ) ;
#6979 = DIRECTION ( 'NONE',  ( -1.141265444721583264E-16, 1.000000000000000000, 5.499388775776784303E-32 ) ) ;
#6980 = EDGE_CURVE ( 'NONE', #1156, #4160, #7310, .T. ) ;
#6981 = LINE ( 'NONE', #3722, #4866 ) ;
#6982 = PLANE ( 'NONE',  #2042 ) ;
#6983 = CARTESIAN_POINT ( 'NONE',  ( 2.274999999999999023, -1.149999999999999911, 1.299999999999999156 ) ) ;
#6984 = AXIS2_PLACEMENT_3D ( 'NONE', #305, #930, #3684 ) ;
#6985 = CIRCLE ( 'NONE', #7560, 0.09999999999999993616 ) ;
#6986 = ADVANCED_FACE ( 'NONE', ( #5892 ), #6672, .F. ) ;
#6987 = VECTOR ( 'NONE', #8059, 1000.000000000000000 ) ;
#6988 = DIRECTION ( 'NONE',  ( -1.000000000000000000, 0.000000000000000000, -0.000000000000000000 ) ) ;
#6989 = AXIS2_PLACEMENT_3D ( 'NONE', #1781, #2568, #7831 ) ;
#6990 = ORIENTED_EDGE ( 'NONE', *, *, #7646, .F. ) ;
#6991 = EDGE_LOOP ( 'NONE', ( #6319, #986, #6516, #8521 ) ) ;
#6992 = FILL_AREA_STYLE ('',( #4331 ) ) ;
#6993 = ORIENTED_EDGE ( 'NONE', *, *, #2855, .T. ) ;
#6994 = FILL_AREA_STYLE_COLOUR ( '', #7387 ) ;
#6995 = CARTESIAN_POINT ( 'NONE',  ( 1.899999999999999689, -1.325000000000000178, -1.040834085586084257E-14 ) ) ;
#6996 = EDGE_LOOP ( 'NONE', ( #5016, #5026, #6107, #4829 ) ) ;
#6997 = ORIENTED_EDGE ( 'NONE', *, *, #2716, .F. ) ;
#6998 = COLOUR_RGB ( '',0.8431372549019607865, 0.8156862745098039102, 0.7529411764705882248 ) ;
#6999 = CARTESIAN_POINT ( 'NONE',  ( 2.274999999999998579, 0.9500000000000001776, 1.299999999999999156 ) ) ;
#7000 = AXIS2_PLACEMENT_3D ( 'NONE', #2842, #7997, #7404 ) ;
#7001 = MECHANICAL_DESIGN_GEOMETRIC_PRESENTATION_REPRESENTATION (  '', ( #5450 ), #4507 ) ;
#7002 = LINE ( 'NONE', #1081, #7567 ) ;
#7003 = ORIENTED_EDGE ( 'NONE', *, *, #880, .T. ) ;
#7004 = CARTESIAN_POINT ( 'NONE',  ( -1.874999999999998890, 1.149999999999999689, 1.199999999999998401 ) ) ;
#7005 = SURFACE_STYLE_FILL_AREA ( #6206 ) ;
#7006 = VECTOR ( 'NONE', #7262, 1000.000000000000000 ) ;
#7007 = CARTESIAN_POINT ( 'NONE',  ( 1.774999999999999245, 0.3799999999999988387, 1.199999999999999512 ) ) ;
#7008 = VECTOR ( 'NONE', #5662, 1000.000000000000000 ) ;
#7009 = VERTEX_POINT ( 'NONE', #3514 ) ;
#7010 = SURFACE_STYLE_FILL_AREA ( #2291 ) ;
#7011 = EDGE_CURVE ( 'NONE', #2121, #6816, #4859, .T. ) ;
#7012 = PRESENTATION_STYLE_ASSIGNMENT (( #3795 ) ) ;
#7013 =( GEOMETRIC_REPRESENTATION_CONTEXT ( 3 ) GLOBAL_UNCERTAINTY_ASSIGNED_CONTEXT ( ( #5100 ) ) GLOBAL_UNIT_ASSIGNED_CONTEXT ( ( #707, #1513, #5251 ) ) REPRESENTATION_CONTEXT ( 'NONE', 'WORKASPACE' ) );
#7014 = CARTESIAN_POINT ( 'NONE',  ( -1.499999999999999778, -0.7750000000000002442, 1.779999999999980931 ) ) ;
#7015 = CARTESIAN_POINT ( 'NONE',  ( -1.574999999999999956, 0.9499999999999997335, 1.800000000000000044 ) ) ;
#7016 = FILL_AREA_STYLE ('',( #8450 ) ) ;
#7017 =( GEOMETRIC_REPRESENTATION_CONTEXT ( 3 ) GLOBAL_UNCERTAINTY_ASSIGNED_CONTEXT ( ( #2181 ) ) GLOBAL_UNIT_ASSIGNED_CONTEXT ( ( #3551, #928, #268 ) ) REPRESENTATION_CONTEXT ( 'NONE', 'WORKASPACE' ) );
#7018 = DIRECTION ( 'NONE',  ( -8.673617379884013778E-16, -9.287856599089658869E-32, 1.000000000000000000 ) ) ;
#7019 = PRESENTATION_STYLE_ASSIGNMENT (( #4455 ) ) ;
#7020 = UNCERTAINTY_MEASURE_WITH_UNIT (LENGTH_MEASURE( 1.000000000000000082E-05 ), #6, 'distance_accuracy_value', 'NONE');
#7021 = SURFACE_STYLE_USAGE ( .BOTH. , #2304 ) ;
#7022 = CIRCLE ( 'NONE', #5901, 0.1000000000000000472 ) ;
#7023 = ORIENTED_EDGE ( 'NONE', *, *, #6921, .T. ) ;
#7024 = VECTOR ( 'NONE', #8054, 1000.000000000000000 ) ;
#7025 = ORIENTED_EDGE ( 'NONE', *, *, #5378, .F. ) ;
#7026 = DIRECTION ( 'NONE',  ( -1.070816960479510993E-16, 1.000000000000000000, 0.000000000000000000 ) ) ;
#7027 = DIRECTION ( 'NONE',  ( 0.000000000000000000, 0.000000000000000000, -1.000000000000000000 ) ) ;
#7028 = CIRCLE ( 'NONE', #3429, 0.1000000000000000472 ) ;
#7029 = FILL_AREA_STYLE_COLOUR ( '', #4181 ) ;
#7030 = SURFACE_STYLE_FILL_AREA ( #2314 ) ;
#7031 = DIRECTION ( 'NONE',  ( 1.000000000000000000, 0.000000000000000000, 1.084202172485504237E-15 ) ) ;
#7032 = ORIENTED_EDGE ( 'NONE', *, *, #7958, .T. ) ;
#7033 = SURFACE_SIDE_STYLE ('',( #4430 ) ) ;
#7034 = VECTOR ( 'NONE', #2604, 1000.000000000000000 ) ;
#7035 = SURFACE_SIDE_STYLE ('',( #4388 ) ) ;
#7036 = EDGE_CURVE ( 'NONE', #2065, #5624, #1444, .T. ) ;
#7037 = SURFACE_STYLE_USAGE ( .BOTH. , #1586 ) ;
#7038 = ORIENTED_EDGE ( 'NONE', *, *, #4072, .F. ) ;
#7039 = DIRECTION ( 'NONE',  ( 0.000000000000000000, -2.251393692149440783E-30, 1.000000000000000000 ) ) ;
#7040 = CARTESIAN_POINT ( 'NONE',  ( 0.8999999999999995781, 0.3799999999999990608, 1.399999999999999689 ) ) ;
#7041 = STYLED_ITEM ( 'NONE', ( #2635 ), #5394 ) ;
#7042 = ORIENTED_EDGE ( 'NONE', *, *, #5683, .T. ) ;
#7043 = FILL_AREA_STYLE ('',( #5772 ) ) ;
#7044 = SURFACE_STYLE_FILL_AREA ( #556 ) ;
#7045 = CARTESIAN_POINT ( 'NONE',  ( -2.074999999999998401, 0.9499999999999997335, 0.5999999999999999778 ) ) ;
#7046 = EDGE_CURVE ( 'NONE', #6239, #7656, #5977, .T. ) ;
#7047 = CARTESIAN_POINT ( 'NONE',  ( -1.774999999999998357, 0.9499999999999997335, 0.4999999999999986122 ) ) ;
#7048 = CARTESIAN_POINT ( 'NONE',  ( -1.874999999999998890, 0.9499999999999997335, 0.5999999999999980904 ) ) ;
#7049 = ORIENTED_EDGE ( 'NONE', *, *, #6448, .T. ) ;
#7050 = COLOUR_RGB ( '',0.8509803921568627194, 0.8509803921568627194, 0.8509803921568627194 ) ;
#7051 = CARTESIAN_POINT ( 'NONE',  ( -1.474999999999999423, 1.249999999999999778, 0.5999999999999994227 ) ) ;
#7052 = LINE ( 'NONE', #1091, #5716 ) ;
#7053 = LINE ( 'NONE', #1170, #1171 ) ;
#7054 = DIRECTION ( 'NONE',  ( 1.000000000000000000, -0.000000000000000000, -0.000000000000000000 ) ) ;
#7055 = CARTESIAN_POINT ( 'NONE',  ( -2.024999999999999911, 0.8999999999999996891, 1.800000000000000044 ) ) ;
#7056 = VECTOR ( 'NONE', #422, 1000.000000000000000 ) ;
#7057 = FILL_AREA_STYLE_COLOUR ( '', #8080 ) ;
#7058 = EDGE_LOOP ( 'NONE', ( #1470, #778, #5433, #500 ) ) ;
#7059 = MECHANICAL_DESIGN_GEOMETRIC_PRESENTATION_REPRESENTATION (  '', ( #2215 ), #8638 ) ;
#7060 = SURFACE_STYLE_USAGE ( .BOTH. , #4410 ) ;
#7061 = SURFACE_STYLE_FILL_AREA ( #528 ) ;
#7062 = CARTESIAN_POINT ( 'NONE',  ( 1.574999999999999512, 1.350000000000000089, 1.199999999999999512 ) ) ;
#7063 = VECTOR ( 'NONE', #5960, 1000.000000000000000 ) ;
#7064 = CARTESIAN_POINT ( 'NONE',  ( 0.6989513836793942447, -1.150000000000000355, 1.800000000000000044 ) ) ;
#7065 = FILL_AREA_STYLE ('',( #7604 ) ) ;
#7066 = ORIENTED_EDGE ( 'NONE', *, *, #1075, .T. ) ;
#7067 = CIRCLE ( 'NONE', #991, 0.09999999999999982514 ) ;
#7068 = ORIENTED_EDGE ( 'NONE', *, *, #1237, .F. ) ;
#7069 =( LENGTH_UNIT ( ) NAMED_UNIT ( * ) SI_UNIT ( .MILLI., .METRE. ) );
#7071 = UNCERTAINTY_MEASURE_WITH_UNIT (LENGTH_MEASURE( 1.000000000000000082E-05 ), #5823, 'distance_accuracy_value', 'NONE');
#7070 = SURFACE_STYLE_USAGE ( .BOTH. , #6362 ) ;
#7072 = DIRECTION ( 'NONE',  ( 2.096124200138641695E-14, -0.000000000000000000, 1.000000000000000000 ) ) ;
#7073 = DIRECTION ( 'NONE',  ( 1.000000000000000000, -0.000000000000000000, -0.000000000000000000 ) ) ;
#7074 = ORIENTED_EDGE ( 'NONE', *, *, #5014, .T. ) ;
#7075 = DIRECTION ( 'NONE',  ( -1.000000000000000000, 0.000000000000000000, 0.000000000000000000 ) ) ;
#7076 =( NAMED_UNIT ( * ) SI_UNIT ( $, .STERADIAN. ) SOLID_ANGLE_UNIT ( ) );
#7077 = ORIENTED_EDGE ( 'NONE', *, *, #5388, .T. ) ;
#7078 = ORIENTED_EDGE ( 'NONE', *, *, #7371, .F. ) ;
#7079 = UNCERTAINTY_MEASURE_WITH_UNIT (LENGTH_MEASURE( 1.000000000000000082E-05 ), #3492, 'distance_accuracy_value', 'NONE');
#7080 = DIRECTION ( 'NONE',  ( 0.000000000000000000, -1.000000000000000000, 0.000000000000000000 ) ) ;
#7081 = DIRECTION ( 'NONE',  ( -1.000000000000000000, 0.000000000000000000, 0.000000000000000000 ) ) ;
#7082 = EDGE_CURVE ( 'NONE', #1279, #1021, #8236, .T. ) ;
#7083 = EDGE_LOOP ( 'NONE', ( #2661, #5476, #8628, #4097 ) ) ;
#7084 = STYLED_ITEM ( 'NONE', ( #6959 ), #3789 ) ;
#7085 =( NAMED_UNIT ( * ) PLANE_ANGLE_UNIT ( ) SI_UNIT ( $, .RADIAN. ) );
#7086 = CARTESIAN_POINT ( 'NONE',  ( -0.8500000000000005329, 2.250000000000000444, 1.249999999999999556 ) ) ;
#7087 = LINE ( 'NONE', #3738, #2200 ) ;
#7088 = CARTESIAN_POINT ( 'NONE',  ( 1.574999999999999734, 0.9499999999999999556, 0.05000000000000000278 ) ) ;
#7089 = CARTESIAN_POINT ( 'NONE',  ( -0.8499999999999999778, 0.2499999999999997780, -0.4000000000000000222 ) ) ;
#7090 = FILL_AREA_STYLE ('',( #8572 ) ) ;
#7091 = VECTOR ( 'NONE', #6522, 1000.000000000000000 ) ;
#7092 = ADVANCED_FACE ( 'NONE', ( #3637 ), #4238, .T. ) ;
#7093 =( NAMED_UNIT ( * ) SI_UNIT ( $, .STERADIAN. ) SOLID_ANGLE_UNIT ( ) );
#7094 = EDGE_CURVE ( 'NONE', #8507, #5938, #6272, .T. ) ;
#7095 = EDGE_CURVE ( 'NONE', #7697, #3171, #6850, .T. ) ;
#7096 = DIRECTION ( 'NONE',  ( -1.070816960479510993E-16, 1.000000000000000000, 0.000000000000000000 ) ) ;
#7097 =( NAMED_UNIT ( * ) SI_UNIT ( $, .STERADIAN. ) SOLID_ANGLE_UNIT ( ) );
#7098 = UNCERTAINTY_MEASURE_WITH_UNIT (LENGTH_MEASURE( 1.000000000000000082E-05 ), #1426, 'distance_accuracy_value', 'NONE');
#7099 = CYLINDRICAL_SURFACE ( 'NONE', #3669, 0.09999999999999993616 ) ;
#7100 = COLOUR_RGB ( '',0.8431372549019607865, 0.8156862745098039102, 0.7529411764705882248 ) ;
#7101 = CARTESIAN_POINT ( 'NONE',  ( -2.174999999999998490, 0.9499999999999997335, 1.299999999999998934 ) ) ;
#7102 = STYLED_ITEM ( 'NONE', ( #582 ), #2708 ) ;
#7103 = ORIENTED_EDGE ( 'NONE', *, *, #6977, .T. ) ;
#7104 = CARTESIAN_POINT ( 'NONE',  ( -1.374999999999999778, -0.7750000000000002442, 1.199999999999981082 ) ) ;
#7105 = EDGE_CURVE ( 'NONE', #1126, #6627, #1533, .T. ) ;
#7106 = DIRECTION ( 'NONE',  ( 1.000000000000000000, 1.070816960479511117E-16, 2.081668171172165989E-14 ) ) ;
#7107 = VERTEX_POINT ( 'NONE', #8202 ) ;
#7108 =( LENGTH_UNIT ( ) NAMED_UNIT ( * ) SI_UNIT ( .MILLI., .METRE. ) );
#7109 = DIRECTION ( 'NONE',  ( 1.000000000000000000, -0.000000000000000000, -0.000000000000000000 ) ) ;
#7110 = VECTOR ( 'NONE', #1144, 1000.000000000000000 ) ;
#7111 = LINE ( 'NONE', #7064, #6704 ) ;
#7112 = UNCERTAINTY_MEASURE_WITH_UNIT (LENGTH_MEASURE( 1.000000000000000082E-05 ), #1911, 'distance_accuracy_value', 'NONE');
#7113 = SURFACE_STYLE_USAGE ( .BOTH. , #6578 ) ;
#7114 = EDGE_LOOP ( 'NONE', ( #6826, #5138, #1657 ) ) ;
#7115 = ORIENTED_EDGE ( 'NONE', *, *, #2767, .T. ) ;
#7116 = VECTOR ( 'NONE', #5447, 1000.000000000000000 ) ;
#7117 = ORIENTED_EDGE ( 'NONE', *, *, #6948, .F. ) ;
#7118 = FILL_AREA_STYLE ('',( #6496 ) ) ;
#7119 = CARTESIAN_POINT ( 'NONE',  ( -1.899999999999999689, -0.8250000000000002887, 0.2000000000000000111 ) ) ;
#7120 = AXIS2_PLACEMENT_3D ( 'NONE', #5168, #3205, #1042 ) ;
#7121 = PRESENTATION_LAYER_ASSIGNMENT (  '', '', ( #2277 ) ) ;
#7122 = EDGE_CURVE ( 'NONE', #3898, #2053, #6541, .T. ) ;
#7123 = SURFACE_STYLE_USAGE ( .BOTH. , #7263 ) ;
#7124 = UNCERTAINTY_MEASURE_WITH_UNIT (LENGTH_MEASURE( 1.000000000000000082E-05 ), #8085, 'distance_accuracy_value', 'NONE');
#7125 =( NAMED_UNIT ( * ) PLANE_ANGLE_UNIT ( ) SI_UNIT ( $, .RADIAN. ) );
#7126 = COLOUR_RGB ( '',0.8509803921568627194, 0.8509803921568627194, 0.8509803921568627194 ) ;
#7127 = ORIENTED_EDGE ( 'NONE', *, *, #1688, .F. ) ;
#7128 = PRESENTATION_LAYER_ASSIGNMENT (  '', '', ( #5005 ) ) ;
#7129 = DIRECTION ( 'NONE',  ( -1.141265444721584251E-16, 1.000000000000000000, 0.000000000000000000 ) ) ;
#7130 = VECTOR ( 'NONE', #1918, 1000.000000000000000 ) ;
#7131 = DIRECTION ( 'NONE',  ( 1.000000000000000000, 0.000000000000000000, 1.084202172485504237E-15 ) ) ;
#7132 = DIRECTION ( 'NONE',  ( -1.000000000000000000, -1.141265444721583264E-16, 0.000000000000000000 ) ) ;
#7133 = VERTEX_POINT ( 'NONE', #6926 ) ;
#7134 = DIRECTION ( 'NONE',  ( 0.000000000000000000, 1.000000000000000000, 0.000000000000000000 ) ) ;
#7135 =( GEOMETRIC_REPRESENTATION_CONTEXT ( 3 ) GLOBAL_UNCERTAINTY_ASSIGNED_CONTEXT ( ( #3123 ) ) GLOBAL_UNIT_ASSIGNED_CONTEXT ( ( #7527, #1547, #8131 ) ) REPRESENTATION_CONTEXT ( 'NONE', 'WORKASPACE' ) );
#7136 = DIRECTION ( 'NONE',  ( -5.241713633441424076E-48, 5.499388775776784303E-32, -1.000000000000000000 ) ) ;
#7137 = STYLED_ITEM ( 'NONE', ( #2441 ), #7423 ) ;
#7138 = COLOUR_RGB ( '',0.8431372549019607865, 0.8156862745098039102, 0.7529411764705882248 ) ;
#7139 = ORIENTED_EDGE ( 'NONE', *, *, #6556, .T. ) ;
#7140 = CARTESIAN_POINT ( 'NONE',  ( 2.024999999999999467, 0.3799999999999988387, 0.5000000000000000000 ) ) ;
#7141 =( NAMED_UNIT ( * ) PLANE_ANGLE_UNIT ( ) SI_UNIT ( $, .RADIAN. ) );
#7142 = CARTESIAN_POINT ( 'NONE',  ( 1.375000000000024869, -0.6250000000000003331, -1.040834085586005371E-14 ) ) ;
#7143 = PRESENTATION_STYLE_ASSIGNMENT (( #1857 ) ) ;
#7144 = EDGE_CURVE ( 'NONE', #8494, #8475, #3503, .T. ) ;
#7145 = ORIENTED_EDGE ( 'NONE', *, *, #621, .T. ) ;
#7146 = COLOUR_RGB ( '',0.8509803921568627194, 0.8509803921568627194, 0.8509803921568627194 ) ;
#7147 = STYLED_ITEM ( 'NONE', ( #4800 ), #7795 ) ;
#7148 = CIRCLE ( 'NONE', #3397, 0.2999999999999998224 ) ;
#7149 = VECTOR ( 'NONE', #2922, 1000.000000000000000 ) ;
#7150 = SURFACE_STYLE_FILL_AREA ( #4487 ) ;
#7151 = DIRECTION ( 'NONE',  ( 1.070816960479510870E-16, -1.000000000000000000, -0.000000000000000000 ) ) ;
#7152 = DIRECTION ( 'NONE',  ( 1.000000000000000000, 1.070816960479510993E-16, 0.000000000000000000 ) ) ;
#7153 = PRESENTATION_STYLE_ASSIGNMENT (( #4490 ) ) ;
#7154 =( GEOMETRIC_REPRESENTATION_CONTEXT ( 3 ) GLOBAL_UNCERTAINTY_ASSIGNED_CONTEXT ( ( #7649 ) ) GLOBAL_UNIT_ASSIGNED_CONTEXT ( ( #2747, #5928, #3424 ) ) REPRESENTATION_CONTEXT ( 'NONE', 'WORKASPACE' ) );
#7155 = FILL_AREA_STYLE_COLOUR ( '', #5106 ) ;
#7156 = VECTOR ( 'NONE', #3907, 1000.000000000000000 ) ;
#7157 = CYLINDRICAL_SURFACE ( 'NONE', #5486, 0.1000000000000000472 ) ;
#7158 = DIRECTION ( 'NONE',  ( 1.070816960479510993E-16, -1.000000000000000000, 0.000000000000000000 ) ) ;
#7159 = EDGE_LOOP ( 'NONE', ( #3790, #5408, #2936, #1699, #6990, #3051 ) ) ;
#7160 = FILL_AREA_STYLE ('',( #2941 ) ) ;
#7161 = CARTESIAN_POINT ( 'NONE',  ( 2.024999999999999911, 0.9000000000000002442, 0.000000000000000000 ) ) ;
#7162 =( GEOMETRIC_REPRESENTATION_CONTEXT ( 3 ) GLOBAL_UNCERTAINTY_ASSIGNED_CONTEXT ( ( #1823 ) ) GLOBAL_UNIT_ASSIGNED_CONTEXT ( ( #4681, #6763, #8074 ) ) REPRESENTATION_CONTEXT ( 'NONE', 'WORKASPACE' ) );
#7163 =( NAMED_UNIT ( * ) PLANE_ANGLE_UNIT ( ) SI_UNIT ( $, .RADIAN. ) );
#7164 = EDGE_CURVE ( 'NONE', #4304, #7250, #3238, .T. ) ;
#7165 = LINE ( 'NONE', #5091, #5678 ) ;
#7166 = ORIENTED_EDGE ( 'NONE', *, *, #4383, .T. ) ;
#7167 = PRESENTATION_LAYER_ASSIGNMENT (  '', '', ( #8590 ) ) ;
#7168 = ORIENTED_EDGE ( 'NONE', *, *, #621, .F. ) ;
#7169 = STYLED_ITEM ( 'NONE', ( #7935 ), #534 ) ;
#7170 = DIRECTION ( 'NONE',  ( 1.000000000000000000, 0.000000000000000000, 0.000000000000000000 ) ) ;
#7171 = DIRECTION ( 'NONE',  ( 9.531447670202286736E-17, -1.000000000000000000, -0.000000000000000000 ) ) ;
#7173 = UNCERTAINTY_MEASURE_WITH_UNIT (LENGTH_MEASURE( 1.000000000000000082E-05 ), #469, 'distance_accuracy_value', 'NONE');
#7172 = SURFACE_STYLE_FILL_AREA ( #1145 ) ;
#7174 = CARTESIAN_POINT ( 'NONE',  ( -0.8999999999999999112, 1.149999999999999911, 1.299999999999999822 ) ) ;
#7175 = STYLED_ITEM ( 'NONE', ( #3670 ), #677 ) ;
#7176 = DIRECTION ( 'NONE',  ( 1.000000000000000000, 0.000000000000000000, 0.000000000000000000 ) ) ;
#7177 = PRESENTATION_STYLE_ASSIGNMENT (( #591 ) ) ;
#7178 = CARTESIAN_POINT ( 'NONE',  ( 1.574999999999999289, 1.250000000000000000, 0.4999999999999993339 ) ) ;
#7179 = EDGE_CURVE ( 'NONE', #6816, #2004, #8545, .T. ) ;
#7180 = AXIS2_PLACEMENT_3D ( 'NONE', #6077, #2804, #1546 ) ;
#7181 = ORIENTED_EDGE ( 'NONE', *, *, #4122, .F. ) ;
#7182 = ORIENTED_EDGE ( 'NONE', *, *, #6574, .F. ) ;
#7183 = UNCERTAINTY_MEASURE_WITH_UNIT (LENGTH_MEASURE( 1.000000000000000082E-05 ), #5184, 'distance_accuracy_value', 'NONE');
#7184 = CARTESIAN_POINT ( 'NONE',  ( 1.574999999999999067, 0.9500000000000001776, 0.4999999999999995559 ) ) ;
#7185 = VERTEX_POINT ( 'NONE', #536 ) ;
#7186 = CARTESIAN_POINT ( 'NONE',  ( -0.7058717852661396952, -1.150000000000000355, 1.800000000000000044 ) ) ;
#7187 = SURFACE_SIDE_STYLE ('',( #7044 ) ) ;
#7189 = CIRCLE ( 'NONE', #3434, 0.1000000000000000472 ) ;
#7188 = VECTOR ( 'NONE', #3318, 1000.000000000000000 ) ;
#7190 = FILL_AREA_STYLE_COLOUR ( '', #5424 ) ;
#7191 = SURFACE_SIDE_STYLE ('',( #3739 ) ) ;
#7192 = ORIENTED_EDGE ( 'NONE', *, *, #7246, .T. ) ;
#7193 = CARTESIAN_POINT ( 'NONE',  ( 1.574999999999999734, 1.150000000000000133, -1.355252715606880543E-17 ) ) ;
#7194 = UNCERTAINTY_MEASURE_WITH_UNIT (LENGTH_MEASURE( 1.000000000000000082E-05 ), #6354, 'distance_accuracy_value', 'NONE');
#7195 = AXIS2_PLACEMENT_3D ( 'NONE', #3726, #5193, #4519 ) ;
#7196 = SURFACE_STYLE_FILL_AREA ( #4538 ) ;
#7197 = DIRECTION ( 'NONE',  ( 0.000000000000000000, 6.862039066364035213E-17, 1.000000000000000000 ) ) ;
#7198 = PRESENTATION_STYLE_ASSIGNMENT (( #4911 ) ) ;
#7199 = FILL_AREA_STYLE_COLOUR ( '', #8280 ) ;
#7200 = LINE ( 'NONE', #1304, #7091 ) ;
#7201 =( LENGTH_UNIT ( ) NAMED_UNIT ( * ) SI_UNIT ( .MILLI., .METRE. ) );
#7202 = ORIENTED_EDGE ( 'NONE', *, *, #2128, .F. ) ;
#7203 = CARTESIAN_POINT ( 'NONE',  ( -2.274999999999987033, -0.6250000000000003331, 1.799999999999999822 ) ) ;
#7204 = CIRCLE ( 'NONE', #4561, 0.1000000000000000472 ) ;
#7205 = CARTESIAN_POINT ( 'NONE',  ( 2.275000000000018563, -0.9578422717728219959, 0.4955507190332495981 ) ) ;
#7206 = ORIENTED_EDGE ( 'NONE', *, *, #7237, .T. ) ;
#7207 =( NAMED_UNIT ( * ) SI_UNIT ( $, .STERADIAN. ) SOLID_ANGLE_UNIT ( ) );
#7208 = STYLED_ITEM ( 'NONE', ( #8219 ), #81 ) ;
#7209 = FILL_AREA_STYLE ('',( #5255 ) ) ;
#7210 = SURFACE_SIDE_STYLE ('',( #4550 ) ) ;
#7211 = CARTESIAN_POINT ( 'NONE',  ( -1.774999999999999467, 1.249999999999999778, 0.4999999999999994449 ) ) ;
#7212 = PRESENTATION_LAYER_ASSIGNMENT (  '', '', ( #4815 ) ) ;
#7213 = MECHANICAL_DESIGN_GEOMETRIC_PRESENTATION_REPRESENTATION (  '', ( #8070 ), #5931 ) ;
#7214 = EDGE_CURVE ( 'NONE', #1733, #5723, #5657, .T. ) ;
#7215 = SURFACE_STYLE_FILL_AREA ( #1706 ) ;
#7216 = EDGE_CURVE ( 'NONE', #826, #7699, #1837, .T. ) ;
#7217 = VERTEX_POINT ( 'NONE', #6403 ) ;
#7218 = VERTEX_POINT ( 'NONE', #1241 ) ;
#7219 = COLOUR_RGB ( '',0.8431372549019607865, 0.8156862745098039102, 0.7529411764705882248 ) ;
#7220 = CARTESIAN_POINT ( 'NONE',  ( 1.375000000000012212, -1.150000000000000355, 0.5999999999999894307 ) ) ;
#7221 = SURFACE_STYLE_FILL_AREA ( #3859 ) ;
#7222 = PRESENTATION_STYLE_ASSIGNMENT (( #7070 ) ) ;
#7223 = ADVANCED_FACE ( 'NONE', ( #7803 ), #4559, .T. ) ;
#7224 = UNCERTAINTY_MEASURE_WITH_UNIT (LENGTH_MEASURE( 1.000000000000000082E-05 ), #2485, 'distance_accuracy_value', 'NONE');
#7225 = ADVANCED_FACE ( 'NONE', ( #8367 ), #3219, .F. ) ;
#7226 = EDGE_CURVE ( 'NONE', #5624, #4749, #5964, .T. ) ;
#7227 = CARTESIAN_POINT ( 'NONE',  ( 1.874999999999999556, 0.9500000000000001776, 1.199999999999999512 ) ) ;
#7228 = AXIS2_PLACEMENT_3D ( 'NONE', #4992, #4306, #7743 ) ;
#7229 = AXIS2_PLACEMENT_3D ( 'NONE', #2701, #2056, #4676 ) ;
#7230 = DIRECTION ( 'NONE',  ( -1.000000000000000000, -1.141265444721583264E-16, -5.706327223607918787E-17 ) ) ;
#7231 = ORIENTED_EDGE ( 'NONE', *, *, #2336, .T. ) ;
#7232 = CARTESIAN_POINT ( 'NONE',  ( -0.9500000000000003997, 0.9499999999999998446, 1.249999999999999556 ) ) ;
#7233 = AXIS2_PLACEMENT_3D ( 'NONE', #4903, #7632, #4985 ) ;
#7234 = SURFACE_STYLE_USAGE ( .BOTH. , #644 ) ;
#7235 = VERTEX_POINT ( 'NONE', #4711 ) ;
#7236 = ORIENTED_EDGE ( 'NONE', *, *, #7036, .F. ) ;
#7237 = EDGE_CURVE ( 'NONE', #1279, #5017, #3261, .T. ) ;
#7238 = DIRECTION ( 'NONE',  ( -1.000000000000000000, -1.070816960479510993E-16, 2.081668171172165989E-14 ) ) ;
#7239 = VECTOR ( 'NONE', #6881, 1000.000000000000000 ) ;
#7240 = CARTESIAN_POINT ( 'NONE',  ( 2.274999999999999911, 0.9000000000000000222, 0.5000000000000000000 ) ) ;
#7241 = SURFACE_STYLE_USAGE ( .BOTH. , #3319 ) ;
#7242 = ORIENTED_EDGE ( 'NONE', *, *, #7980, .F. ) ;
#7243 = DIRECTION ( 'NONE',  ( 0.000000000000000000, 1.000000000000000000, 0.000000000000000000 ) ) ;
#7244 = MECHANICAL_DESIGN_GEOMETRIC_PRESENTATION_REPRESENTATION (  '', ( #2394 ), #1840 ) ;
#7245 = DIRECTION ( 'NONE',  ( 1.000000000000000000, 0.000000000000000000, -0.000000000000000000 ) ) ;
#7246 = EDGE_CURVE ( 'NONE', #2996, #7629, #640, .T. ) ;
#7247 = FILL_AREA_STYLE_COLOUR ( '', #6147 ) ;
#7248 = CARTESIAN_POINT ( 'NONE',  ( -1.774999999999999467, 1.349999999999999867, 0.4999999999999994449 ) ) ;
#7249 = SURFACE_STYLE_FILL_AREA ( #3112 ) ;
#7250 = VERTEX_POINT ( 'NONE', #1366 ) ;
#7251 = CARTESIAN_POINT ( 'NONE',  ( 1.574999999999999289, 1.350000000000000089, 0.5999999999999995337 ) ) ;
#7252 = AXIS2_PLACEMENT_3D ( 'NONE', #2288, #6205, #7484 ) ;
#7253 = CARTESIAN_POINT ( 'NONE',  ( 1.574999999999999512, 1.250000000000000000, 1.299999999999999600 ) ) ;
#7254 = SURFACE_SIDE_STYLE ('',( #3251 ) ) ;
#7255 = CARTESIAN_POINT ( 'NONE',  ( -1.574999999999999289, 1.349999999999999867, 0.5999999999999994227 ) ) ;
#7256 = CARTESIAN_POINT ( 'NONE',  ( 1.499999999999999778, -0.8250000000000002887, 0.1499999999999948597 ) ) ;
#7257 = VECTOR ( 'NONE', #5190, 1000.000000000000000 ) ;
#7258 = SURFACE_STYLE_FILL_AREA ( #3897 ) ;
#7259 = MECHANICAL_DESIGN_GEOMETRIC_PRESENTATION_REPRESENTATION (  '', ( #2942 ), #8250 ) ;
#7260 = AXIS2_PLACEMENT_3D ( 'NONE', #1435, #3415, #4048 ) ;
#7261 = CARTESIAN_POINT ( 'NONE',  ( -0.8500000000000005329, 2.350000000000000089, 0.5499999999999997113 ) ) ;
#7262 = DIRECTION ( 'NONE',  ( -0.000000000000000000, -0.000000000000000000, -1.000000000000000000 ) ) ;
#7263 = SURFACE_SIDE_STYLE ('',( #8031 ) ) ;
#7264 = AXIS2_PLACEMENT_3D ( 'NONE', #5123, #7829, #1865 ) ;
#7265 = LINE ( 'NONE', #3430, #5351 ) ;
#7266 = EDGE_LOOP ( 'NONE', ( #7752, #5873, #8595, #3230 ) ) ;
#7267 = CARTESIAN_POINT ( 'NONE',  ( 1.899999999999999689, -0.6250000000000003331, 1.779999999999980931 ) ) ;
#7268 = EDGE_CURVE ( 'NONE', #5963, #3411, #5996, .T. ) ;
#7269 = ADVANCED_FACE ( 'NONE', ( #1280, #5307, #6621, #632 ), #2137, .T. ) ;
#7270 = LINE ( 'NONE', #854, #6824 ) ;
#7271 = AXIS2_PLACEMENT_3D ( 'NONE', #1683, #6297, #2896 ) ;
#7272 = SURFACE_SIDE_STYLE ('',( #5198 ) ) ;
#7273 = CIRCLE ( 'NONE', #8126, 0.05000000000000012768 ) ;
#7274 = VERTEX_POINT ( 'NONE', #722 ) ;
#7275 = EDGE_CURVE ( 'NONE', #3655, #4203, #4017, .T. ) ;
#7276 = ORIENTED_EDGE ( 'NONE', *, *, #5273, .T. ) ;
#7277 = CARTESIAN_POINT ( 'NONE',  ( 1.899999999999999689, -0.7750000000000003553, 0.2000000000000000111 ) ) ;
#7278 = AXIS2_PLACEMENT_3D ( 'NONE', #4444, #7151, #2527 ) ;
#7279 = AXIS2_PLACEMENT_3D ( 'NONE', #4807, #2883, #4842 ) ;
#7280 = FILL_AREA_STYLE ('',( #2724 ) ) ;
#7281 = EDGE_LOOP ( 'NONE', ( #3718, #4720, #1924, #3316 ) ) ;
#7282 = CARTESIAN_POINT ( 'NONE',  ( -1.450000000000003952, 1.149999999999999689, 1.799999999999999822 ) ) ;
#7283 = COLOUR_RGB ( '',0.8431372549019607865, 0.8156862745098039102, 0.7529411764705882248 ) ;
#7284 = LINE ( 'NONE', #3963, #4240 ) ;
#7285 = FACE_OUTER_BOUND ( 'NONE', #503, .T. ) ;
#7286 = DIRECTION ( 'NONE',  ( 0.000000000000000000, 0.000000000000000000, 1.000000000000000000 ) ) ;
#7287 = CARTESIAN_POINT ( 'NONE',  ( -1.499999999999999778, -0.8250000000000002887, 0.1499999999999948597 ) ) ;
#7288 = MECHANICAL_DESIGN_GEOMETRIC_PRESENTATION_REPRESENTATION (  '', ( #4350 ), #84 ) ;
#7289 = STYLED_ITEM ( 'NONE', ( #746 ), #7585 ) ;
#7290 =( NAMED_UNIT ( * ) PLANE_ANGLE_UNIT ( ) SI_UNIT ( $, .RADIAN. ) );
#7291 = SURFACE_STYLE_USAGE ( .BOTH. , #2775 ) ;
#7292 = ORIENTED_EDGE ( 'NONE', *, *, #3293, .F. ) ;
#7293 = CARTESIAN_POINT ( 'NONE',  ( -1.574999999999999956, 0.3799999999999988387, 0.05000000000000000278 ) ) ;
#7294 = CARTESIAN_POINT ( 'NONE',  ( -2.024999999999998579, 0.9499999999999997335, 1.299999999999999156 ) ) ;
#7295 = MECHANICAL_DESIGN_GEOMETRIC_PRESENTATION_REPRESENTATION (  '', ( #6853 ), #1893 ) ;
#7296 = PRESENTATION_STYLE_ASSIGNMENT (( #6697 ) ) ;
#7297 = VECTOR ( 'NONE', #4340, 1000.000000000000000 ) ;
#7298 = CARTESIAN_POINT ( 'NONE',  ( 1.874999999999999112, 1.150000000000000133, 1.199999999999999512 ) ) ;
#7299 = PRESENTATION_LAYER_ASSIGNMENT (  '', '', ( #4770 ) ) ;
#7300 = DIRECTION ( 'NONE',  ( -1.000000000000000000, 0.000000000000000000, 0.000000000000000000 ) ) ;
#7301 =( NAMED_UNIT ( * ) SI_UNIT ( $, .STERADIAN. ) SOLID_ANGLE_UNIT ( ) );
#7302 = PLANE ( 'NONE',  #5044 ) ;
#7303 = CARTESIAN_POINT ( 'NONE',  ( -0.8999999999999991340, 0.3799999999999990608, 1.399999999999999689 ) ) ;
#7304 =( LENGTH_UNIT ( ) NAMED_UNIT ( * ) SI_UNIT ( .MILLI., .METRE. ) );
#7305 = UNCERTAINTY_MEASURE_WITH_UNIT (LENGTH_MEASURE( 1.000000000000000082E-05 ), #7572, 'distance_accuracy_value', 'NONE');
#7306 = VECTOR ( 'NONE', #4622, 1000.000000000000000 ) ;
#7307 = LINE ( 'NONE', #1371, #1516 ) ;
#7308 = ORIENTED_EDGE ( 'NONE', *, *, #2231, .T. ) ;
#7309 = FILL_AREA_STYLE ('',( #146 ) ) ;
#7310 = LINE ( 'NONE', #2016, #2417 ) ;
#7311 = COLOUR_RGB ( '',0.8509803921568627194, 0.8509803921568627194, 0.8509803921568627194 ) ;
#7312 = SURFACE_SIDE_STYLE ('',( #2756 ) ) ;
#7313 = ORIENTED_EDGE ( 'NONE', *, *, #467, .F. ) ;
#7314 = PRESENTATION_LAYER_ASSIGNMENT (  '', '', ( #4378 ) ) ;
#7315 = FACE_OUTER_BOUND ( 'NONE', #3596, .T. ) ;
#7316 = VERTEX_POINT ( 'NONE', #7261 ) ;
#7317 = PRESENTATION_STYLE_ASSIGNMENT (( #2675 ) ) ;
#7318 = CYLINDRICAL_SURFACE ( 'NONE', #7916, 0.1000000000000000472 ) ;
#7319 = EDGE_CURVE ( 'NONE', #5838, #6738, #6581, .T. ) ;
#7320 = ORIENTED_EDGE ( 'NONE', *, *, #7592, .T. ) ;
#7321 = PRESENTATION_LAYER_ASSIGNMENT (  '', '', ( #819 ) ) ;
#7322 = DIRECTION ( 'NONE',  ( -1.000000000000000000, 0.000000000000000000, 0.000000000000000000 ) ) ;
#7323 = PLANE ( 'NONE',  #6817 ) ;
#7324 = VERTEX_POINT ( 'NONE', #7943 ) ;
#7325 = CYLINDRICAL_SURFACE ( 'NONE', #7180, 0.1000000000000000472 ) ;
#7326 =( NAMED_UNIT ( * ) PLANE_ANGLE_UNIT ( ) SI_UNIT ( $, .RADIAN. ) );
#7327 = DIRECTION ( 'NONE',  ( 0.000000000000000000, 0.000000000000000000, -1.000000000000000000 ) ) ;
#7328 = PRESENTATION_LAYER_ASSIGNMENT (  '', '', ( #962 ) ) ;
#7329 = ORIENTED_EDGE ( 'NONE', *, *, #5916, .F. ) ;
#7330 = ADVANCED_FACE ( 'NONE', ( #4632 ), #8025, .T. ) ;
#7331 = PLANE ( 'NONE',  #7252 ) ;
#7332 = EDGE_CURVE ( 'NONE', #3345, #7324, #6219, .T. ) ;
#7333 = DIRECTION ( 'NONE',  ( 1.000000000000000000, 0.000000000000000000, -0.000000000000000000 ) ) ;
#7334 = SURFACE_STYLE_USAGE ( .BOTH. , #4779 ) ;
#7335 = DIRECTION ( 'NONE',  ( -1.000000000000000000, 0.000000000000000000, 0.000000000000000000 ) ) ;
#7336 = CARTESIAN_POINT ( 'NONE',  ( 2.074999999999998845, -1.149999999999999911, 1.299999999999998934 ) ) ;
#7337 =( GEOMETRIC_REPRESENTATION_CONTEXT ( 3 ) GLOBAL_UNCERTAINTY_ASSIGNED_CONTEXT ( ( #5769 ) ) GLOBAL_UNIT_ASSIGNED_CONTEXT ( ( #8291, #6196, #6151 ) ) REPRESENTATION_CONTEXT ( 'NONE', 'WORKASPACE' ) );
#7338 = CARTESIAN_POINT ( 'NONE',  ( 1.899999999999999689, -0.7750000000000002442, 1.199999999999991962 ) ) ;
#7339 = SURFACE_STYLE_FILL_AREA ( #4012 ) ;
#7340 = SURFACE_SIDE_STYLE ('',( #794 ) ) ;
#7341 = DIRECTION ( 'NONE',  ( -1.000000000000000000, 0.000000000000000000, 0.000000000000000000 ) ) ;
#7342 = VECTOR ( 'NONE', #6187, 1000.000000000000000 ) ;
#7343 = CARTESIAN_POINT ( 'NONE',  ( 1.375000000000024869, 9.637352644315598941E-17, 2.895181201260515261E-14 ) ) ;
#7344 = EDGE_LOOP ( 'NONE', ( #2513, #3899, #8283, #6053 ) ) ;
#7345 = VERTEX_POINT ( 'NONE', #6266 ) ;
#7346 = SURFACE_STYLE_FILL_AREA ( #1320 ) ;
#7347 =( GEOMETRIC_REPRESENTATION_CONTEXT ( 3 ) GLOBAL_UNCERTAINTY_ASSIGNED_CONTEXT ( ( #3533 ) ) GLOBAL_UNIT_ASSIGNED_CONTEXT ( ( #6470, #3833, #2603 ) ) REPRESENTATION_CONTEXT ( 'NONE', 'WORKASPACE' ) );
#7348 = LINE ( 'NONE', #7426, #6870 ) ;
#7349 = LINE ( 'NONE', #6666, #7558 ) ;
#7350 = DIRECTION ( 'NONE',  ( -1.000000000000000000, -9.531447670202286736E-17, 0.000000000000000000 ) ) ;
#7351 = EDGE_CURVE ( 'NONE', #688, #4713, #354, .T. ) ;
#7352 =( LENGTH_UNIT ( ) NAMED_UNIT ( * ) SI_UNIT ( .MILLI., .METRE. ) );
#7353 = FACE_OUTER_BOUND ( 'NONE', #4343, .T. ) ;
#7354 =( LENGTH_UNIT ( ) NAMED_UNIT ( * ) SI_UNIT ( .MILLI., .METRE. ) );
#7355 = FILL_AREA_STYLE_COLOUR ( '', #47 ) ;
#7356 = ORIENTED_EDGE ( 'NONE', *, *, #1330, .F. ) ;
#7357 =( GEOMETRIC_REPRESENTATION_CONTEXT ( 3 ) GLOBAL_UNCERTAINTY_ASSIGNED_CONTEXT ( ( #6734 ) ) GLOBAL_UNIT_ASSIGNED_CONTEXT ( ( #4153, #8123, #897 ) ) REPRESENTATION_CONTEXT ( 'NONE', 'WORKASPACE' ) );
#7358 = ORIENTED_EDGE ( 'NONE', *, *, #1284, .T. ) ;
#7359 =( NAMED_UNIT ( * ) PLANE_ANGLE_UNIT ( ) SI_UNIT ( $, .RADIAN. ) );
#7360 = MECHANICAL_DESIGN_GEOMETRIC_PRESENTATION_REPRESENTATION (  '', ( #2786 ), #728 ) ;
#7361 = ORIENTED_EDGE ( 'NONE', *, *, #2999, .T. ) ;
#7362 = PRESENTATION_STYLE_ASSIGNMENT (( #6108 ) ) ;
#7363 = EDGE_CURVE ( 'NONE', #4749, #4367, #1564, .T. ) ;
#7364 = SURFACE_STYLE_USAGE ( .BOTH. , #5990 ) ;
#7365 = ADVANCED_FACE ( 'NONE', ( #7424, #267, #4182, #6757 ), #8321, .F. ) ;
#7366 = AXIS2_PLACEMENT_3D ( 'NONE', #8232, #6840, #442 ) ;
#7367 =( NAMED_UNIT ( * ) PLANE_ANGLE_UNIT ( ) SI_UNIT ( $, .RADIAN. ) );
#7368 =( NAMED_UNIT ( * ) PLANE_ANGLE_UNIT ( ) SI_UNIT ( $, .RADIAN. ) );
#7369 = VERTEX_POINT ( 'NONE', #6834 ) ;
#7370 = EDGE_CURVE ( 'NONE', #8150, #688, #3255, .T. ) ;
#7371 = EDGE_CURVE ( 'NONE', #2206, #2420, #6878, .T. ) ;
#7372 =( GEOMETRIC_REPRESENTATION_CONTEXT ( 3 ) GLOBAL_UNCERTAINTY_ASSIGNED_CONTEXT ( ( #1063 ) ) GLOBAL_UNIT_ASSIGNED_CONTEXT ( ( #7893, #1315, #575 ) ) REPRESENTATION_CONTEXT ( 'NONE', 'WORKASPACE' ) );
#7373 = EDGE_CURVE ( 'NONE', #1102, #5989, #3937, .T. ) ;
#7374 = DIRECTION ( 'NONE',  ( 1.734723475976796642E-15, 1.857571319817924986E-31, -1.000000000000000000 ) ) ;
#7375 = FACE_OUTER_BOUND ( 'NONE', #2034, .T. ) ;
#7376 = FILL_AREA_STYLE_COLOUR ( '', #615 ) ;
#7377 =( LENGTH_UNIT ( ) NAMED_UNIT ( * ) SI_UNIT ( .MILLI., .METRE. ) );
#7378 = EDGE_CURVE ( 'NONE', #978, #1057, #4788, .T. ) ;
#7379 = STYLED_ITEM ( 'NONE', ( #3208 ), #3862 ) ;
#7380 = ORIENTED_EDGE ( 'NONE', *, *, #429, .T. ) ;
#7381 = VERTEX_POINT ( 'NONE', #5504 ) ;
#7382 = FILL_AREA_STYLE ('',( #3979 ) ) ;
#7383 =( LENGTH_UNIT ( ) NAMED_UNIT ( * ) SI_UNIT ( .MILLI., .METRE. ) );
#7384 = SURFACE_SIDE_STYLE ('',( #4792 ) ) ;
#7385 = PRESENTATION_STYLE_ASSIGNMENT (( #2098 ) ) ;
#7386 =( NAMED_UNIT ( * ) PLANE_ANGLE_UNIT ( ) SI_UNIT ( $, .RADIAN. ) );
#7387 = COLOUR_RGB ( '',0.8509803921568627194, 0.8509803921568627194, 0.8509803921568627194 ) ;
#7388 = SURFACE_STYLE_FILL_AREA ( #4682 ) ;
#7389 = CARTESIAN_POINT ( 'NONE',  ( -1.899999999999999689, -1.325000000000000178, -1.040834085586084257E-14 ) ) ;
#7390 = PRESENTATION_LAYER_ASSIGNMENT (  '', '', ( #7512 ) ) ;
#7391 =( NAMED_UNIT ( * ) PLANE_ANGLE_UNIT ( ) SI_UNIT ( $, .RADIAN. ) );
#7392 = CARTESIAN_POINT ( 'NONE',  ( -2.074999999999997957, -0.6250000000000004441, 1.299999999999998934 ) ) ;
#7393 = DIRECTION ( 'NONE',  ( -1.000000000000000000, -0.000000000000000000, -0.000000000000000000 ) ) ;
#7394 = EDGE_CURVE ( 'NONE', #7133, #2550, #2438, .T. ) ;
#7395 =( GEOMETRIC_REPRESENTATION_CONTEXT ( 3 ) GLOBAL_UNCERTAINTY_ASSIGNED_CONTEXT ( ( #492 ) ) GLOBAL_UNIT_ASSIGNED_CONTEXT ( ( #812, #62, #3988 ) ) REPRESENTATION_CONTEXT ( 'NONE', 'WORKASPACE' ) );
#7396 = PRESENTATION_LAYER_ASSIGNMENT (  '', '', ( #2562 ) ) ;
#7397 = DIRECTION ( 'NONE',  ( -3.614007241618347785E-16, 0.000000000000000000, 1.000000000000000000 ) ) ;
#7398 = LINE ( 'NONE', #7992, #8636 ) ;
#7399 = CARTESIAN_POINT ( 'NONE',  ( 1.499999999999999778, -1.149999999999999911, 0.5999999999999999778 ) ) ;
#7400 = ORIENTED_EDGE ( 'NONE', *, *, #7472, .F. ) ;
#7401 =( NAMED_UNIT ( * ) PLANE_ANGLE_UNIT ( ) SI_UNIT ( $, .RADIAN. ) );
#7402 = LINE ( 'NONE', #6639, #681 ) ;
#7403 = PRESENTATION_LAYER_ASSIGNMENT (  '', '', ( #3510 ) ) ;
#7404 = DIRECTION ( 'NONE',  ( -1.000000000000000000, 0.000000000000000000, 0.000000000000000000 ) ) ;
#7405 = CIRCLE ( 'NONE', #5015, 0.1000000000000000472 ) ;
#7406 = DIRECTION ( 'NONE',  ( -1.000000000000000000, 0.000000000000000000, 0.000000000000000000 ) ) ;
#7407 = VECTOR ( 'NONE', #1110, 1000.000000000000000 ) ;
#7408 =( NAMED_UNIT ( * ) PLANE_ANGLE_UNIT ( ) SI_UNIT ( $, .RADIAN. ) );
#7409 = DIRECTION ( 'NONE',  ( 1.000000000000000000, 1.156482317317878874E-16, 0.000000000000000000 ) ) ;
#7410 = SURFACE_STYLE_USAGE ( .BOTH. , #127 ) ;
#7411 = ORIENTED_EDGE ( 'NONE', *, *, #6450, .T. ) ;
#7412 = SURFACE_SIDE_STYLE ('',( #212 ) ) ;
#7413 =( GEOMETRIC_REPRESENTATION_CONTEXT ( 3 ) GLOBAL_UNCERTAINTY_ASSIGNED_CONTEXT ( ( #7735 ) ) GLOBAL_UNIT_ASSIGNED_CONTEXT ( ( #2868, #1652, #8275 ) ) REPRESENTATION_CONTEXT ( 'NONE', 'WORKASPACE' ) );
#7414 = STYLED_ITEM ( 'NONE', ( #8322 ), #177 ) ;
#7415 = CARTESIAN_POINT ( 'NONE',  ( 2.074999999999998845, -1.149999999999999911, 0.5999999999999999778 ) ) ;
#7416 = PRESENTATION_STYLE_ASSIGNMENT (( #220 ) ) ;
#7417 = STYLED_ITEM ( 'NONE', ( #2992 ), #1128 ) ;
#7418 = VECTOR ( 'NONE', #287, 1000.000000000000000 ) ;
#7419 = VECTOR ( 'NONE', #607, 1000.000000000000000 ) ;
#7420 = VECTOR ( 'NONE', #4945, 1000.000000000000000 ) ;
#7421 = ORIENTED_EDGE ( 'NONE', *, *, #7370, .T. ) ;
#7422 = ORIENTED_EDGE ( 'NONE', *, *, #3967, .T. ) ;
#7423 = ADVANCED_FACE ( 'NONE', ( #2255 ), #7550, .F. ) ;
#7424 = FACE_BOUND ( 'NONE', #8541, .T. ) ;
#7425 = EDGE_CURVE ( 'NONE', #5665, #5042, #1788, .T. ) ;
#7426 = CARTESIAN_POINT ( 'NONE',  ( -1.574999999999999289, 1.349999999999999867, 0.5999999999999994227 ) ) ;
#7427 = MECHANICAL_DESIGN_GEOMETRIC_PRESENTATION_REPRESENTATION (  '', ( #1475 ), #6158 ) ;
#7428 = LINE ( 'NONE', #7561, #6837 ) ;
#7429 = DIRECTION ( 'NONE',  ( 0.000000000000000000, 6.862039066364035213E-17, 1.000000000000000000 ) ) ;
#7430 = CARTESIAN_POINT ( 'NONE',  ( -1.000000000000000000, 0.3799999999999990608, 0.5000000000000003331 ) ) ;
#7431 =( GEOMETRIC_REPRESENTATION_CONTEXT ( 3 ) GLOBAL_UNCERTAINTY_ASSIGNED_CONTEXT ( ( #3308 ) ) GLOBAL_UNIT_ASSIGNED_CONTEXT ( ( #5599, #7645, #5127 ) ) REPRESENTATION_CONTEXT ( 'NONE', 'WORKASPACE' ) );
#7432 = FILL_AREA_STYLE_COLOUR ( '', #3541 ) ;
#7433 = DIRECTION ( 'NONE',  ( -1.000000000000000000, 0.000000000000000000, -0.000000000000000000 ) ) ;
#7434 = PRESENTATION_STYLE_ASSIGNMENT (( #6679 ) ) ;
#7435 = COLOUR_RGB ( '',0.8431372549019607865, 0.8156862745098039102, 0.7529411764705882248 ) ;
#7436 =( LENGTH_UNIT ( ) NAMED_UNIT ( * ) SI_UNIT ( .MILLI., .METRE. ) );
#7437 = VERTEX_POINT ( 'NONE', #6311 ) ;
#7438 = ORIENTED_EDGE ( 'NONE', *, *, #8049, .F. ) ;
#7439 = FILL_AREA_STYLE ('',( #4772 ) ) ;
#7440 = VERTEX_POINT ( 'NONE', #3848 ) ;
#7441 = SURFACE_STYLE_FILL_AREA ( #867 ) ;
#7442 = CARTESIAN_POINT ( 'NONE',  ( 2.074999999999998845, -0.7750000000000002442, 0.5999999999999999778 ) ) ;
#7443 =( GEOMETRIC_REPRESENTATION_CONTEXT ( 3 ) GLOBAL_UNCERTAINTY_ASSIGNED_CONTEXT ( ( #270 ) ) GLOBAL_UNIT_ASSIGNED_CONTEXT ( ( #6345, #6954, #4354 ) ) REPRESENTATION_CONTEXT ( 'NONE', 'WORKASPACE' ) );
#7444 = ORIENTED_EDGE ( 'NONE', *, *, #4651, .F. ) ;
#7445 =( NAMED_UNIT ( * ) SI_UNIT ( $, .STERADIAN. ) SOLID_ANGLE_UNIT ( ) );
#7446 = ORIENTED_EDGE ( 'NONE', *, *, #590, .F. ) ;
#7447 = PRESENTATION_LAYER_ASSIGNMENT (  '', '', ( #2750 ) ) ;
#7448 = UNCERTAINTY_MEASURE_WITH_UNIT (LENGTH_MEASURE( 1.000000000000000082E-05 ), #5731, 'distance_accuracy_value', 'NONE');
#7449 = FILL_AREA_STYLE_COLOUR ( '', #3696 ) ;
#7450 = FILL_AREA_STYLE_COLOUR ( '', #3475 ) ;
#7451 = ORIENTED_EDGE ( 'NONE', *, *, #8407, .F. ) ;
#7453 = AXIS2_PLACEMENT_3D ( 'NONE', #3506, #229, #4868 ) ;
#7452 = MECHANICAL_DESIGN_GEOMETRIC_PRESENTATION_REPRESENTATION (  '', ( #5219 ), #7337 ) ;
#7454 = ORIENTED_EDGE ( 'NONE', *, *, #7698, .T. ) ;
#7455 = ORIENTED_EDGE ( 'NONE', *, *, #593, .T. ) ;
#7456 = CARTESIAN_POINT ( 'NONE',  ( -2.275000000000000355, 0.3799999999999995604, 1.800000000000000044 ) ) ;
#7457 =( NAMED_UNIT ( * ) PLANE_ANGLE_UNIT ( ) SI_UNIT ( $, .RADIAN. ) );
#7458 = EDGE_CURVE ( 'NONE', #1514, #2963, #3807, .T. ) ;
#7459 = PRESENTATION_LAYER_ASSIGNMENT (  '', '', ( #697 ) ) ;
#7460 = UNCERTAINTY_MEASURE_WITH_UNIT (LENGTH_MEASURE( 1.000000000000000082E-05 ), #8142, 'distance_accuracy_value', 'NONE');
#7461 = CARTESIAN_POINT ( 'NONE',  ( 2.274999999999999911, 0.9500000000000001776, 1.749999999999999334 ) ) ;
#7462 = FACE_OUTER_BOUND ( 'NONE', #8063, .T. ) ;
#7463 =( GEOMETRIC_REPRESENTATION_CONTEXT ( 3 ) GLOBAL_UNCERTAINTY_ASSIGNED_CONTEXT ( ( #5090 ) ) GLOBAL_UNIT_ASSIGNED_CONTEXT ( ( #4279, #359, #6969 ) ) REPRESENTATION_CONTEXT ( 'NONE', 'WORKASPACE' ) );
#7464 = EDGE_CURVE ( 'NONE', #7670, #5271, #2536, .T. ) ;
#7465 = SURFACE_SIDE_STYLE ('',( #6141 ) ) ;
#7466 = ORIENTED_EDGE ( 'NONE', *, *, #8532, .T. ) ;
#7467 = PLANE ( 'NONE',  #1331 ) ;
#7468 = MECHANICAL_DESIGN_GEOMETRIC_PRESENTATION_REPRESENTATION (  '', ( #2905 ), #841 ) ;
#7469 = CARTESIAN_POINT ( 'NONE',  ( -2.074999999999997957, -0.9578422717728224400, 1.299999999999998934 ) ) ;
#7470 = EDGE_CURVE ( 'NONE', #4841, #734, #6444, .T. ) ;
#7471 = CARTESIAN_POINT ( 'NONE',  ( -2.418604846313824183E-16, 2.350000000000000089, 5.224419336987945088E-32 ) ) ;
#7472 = EDGE_CURVE ( 'NONE', #3164, #1346, #437, .T. ) ;
#7473 = EDGE_CURVE ( 'NONE', #5137, #7009, #4493, .T. ) ;
#7474 = CARTESIAN_POINT ( 'NONE',  ( -1.499999999999999778, -1.325000000000000178, -1.040834085586084257E-14 ) ) ;
#7475 = SURFACE_STYLE_USAGE ( .BOTH. , #3646 ) ;
#7476 =( LENGTH_UNIT ( ) NAMED_UNIT ( * ) SI_UNIT ( .MILLI., .METRE. ) );
#7477 = SURFACE_STYLE_FILL_AREA ( #6857 ) ;
#7478 = FILL_AREA_STYLE ('',( #5671 ) ) ;
#7479 = DIRECTION ( 'NONE',  ( 0.000000000000000000, -1.000000000000000000, 0.000000000000000000 ) ) ;
#7480 = ORIENTED_EDGE ( 'NONE', *, *, #3511, .F. ) ;
#7481 = SURFACE_STYLE_FILL_AREA ( #4660 ) ;
#7482 = VERTEX_POINT ( 'NONE', #5131 ) ;
#7483 = FACE_OUTER_BOUND ( 'NONE', #3144, .T. ) ;
#7484 = DIRECTION ( 'NONE',  ( 0.000000000000000000, 0.000000000000000000, -1.000000000000000000 ) ) ;
#7485 = STYLED_ITEM ( 'NONE', ( #8445 ), #4738 ) ;
#7486 = PLANE ( 'NONE',  #6614 ) ;
#7487 = CARTESIAN_POINT ( 'NONE',  ( 1.374999999999999778, -0.6250000000000003331, 1.199999999999981082 ) ) ;
#7488 = SURFACE_STYLE_FILL_AREA ( #2897 ) ;
#7489 = DIRECTION ( 'NONE',  ( -1.070816960479510993E-16, 1.000000000000000000, -4.379057701015053347E-47 ) ) ;
#7490 = FILL_AREA_STYLE ('',( #2208 ) ) ;
#7491 = EDGE_CURVE ( 'NONE', #1483, #6029, #8009, .T. ) ;
#7492 = FACE_OUTER_BOUND ( 'NONE', #7929, .T. ) ;
#7493 = CARTESIAN_POINT ( 'NONE',  ( 2.275000000000000355, 0.3800000000000001155, 0.2000000000000000944 ) ) ;
#7494 = ORIENTED_EDGE ( 'NONE', *, *, #7179, .T. ) ;
#7495 =( GEOMETRIC_REPRESENTATION_CONTEXT ( 3 ) GLOBAL_UNCERTAINTY_ASSIGNED_CONTEXT ( ( #3905 ) ) GLOBAL_UNIT_ASSIGNED_CONTEXT ( ( #5842, #5929, #1324 ) ) REPRESENTATION_CONTEXT ( 'NONE', 'WORKASPACE' ) );
#7496 = CARTESIAN_POINT ( 'NONE',  ( -1.899999999999999689, -1.150000000000000355, 0.5999999999999999778 ) ) ;
#7497 = DIRECTION ( 'NONE',  ( -0.000000000000000000, -0.000000000000000000, -1.000000000000000000 ) ) ;
#7498 = MECHANICAL_DESIGN_GEOMETRIC_PRESENTATION_REPRESENTATION (  '', ( #6094 ), #4221 ) ;
#7499 = PLANE ( 'NONE',  #5869 ) ;
#7500 = AXIS2_PLACEMENT_3D ( 'NONE', #2252, #7687, #5545 ) ;
#7501 = CARTESIAN_POINT ( 'NONE',  ( -1.899999999999999689, -1.325000000000000178, -1.040834085586084257E-14 ) ) ;
#7502 = DIRECTION ( 'NONE',  ( 1.000000000000000000, 0.000000000000000000, 5.706327223607918787E-17 ) ) ;
#7503 = ADVANCED_FACE ( 'NONE', ( #1097 ), #7796, .F. ) ;
#7504 = DIRECTION ( 'NONE',  ( -1.000000000000000000, 0.000000000000000000, 0.000000000000000000 ) ) ;
#7505 = ORIENTED_EDGE ( 'NONE', *, *, #6474, .F. ) ;
#7506 = CARTESIAN_POINT ( 'NONE',  ( 1.149999999999999689, 0.2499999999999997780, 0.000000000000000000 ) ) ;
#7507 =( GEOMETRIC_REPRESENTATION_CONTEXT ( 3 ) GLOBAL_UNCERTAINTY_ASSIGNED_CONTEXT ( ( #4658 ) ) GLOBAL_UNIT_ASSIGNED_CONTEXT ( ( #665, #2119, #5911 ) ) REPRESENTATION_CONTEXT ( 'NONE', 'WORKASPACE' ) );
#7508 =( LENGTH_UNIT ( ) NAMED_UNIT ( * ) SI_UNIT ( .MILLI., .METRE. ) );
#7509 = LINE ( 'NONE', #280, #8543 ) ;
#7510 = DIRECTION ( 'NONE',  ( 1.000000000000000000, 0.000000000000000000, 0.000000000000000000 ) ) ;
#7511 = AXIS2_PLACEMENT_3D ( 'NONE', #4076, #2235, #4845 ) ;
#7512 = STYLED_ITEM ( 'NONE', ( #6338 ), #2517 ) ;
#7513 = CARTESIAN_POINT ( 'NONE',  ( -2.024999999999997691, 0.3799999999999983946, 0.4999999999999989453 ) ) ;
#7514 = CARTESIAN_POINT ( 'NONE',  ( -1.899999999999999689, -1.325000000000000178, 0.1499999999999895861 ) ) ;
#7515 = PLANE ( 'NONE',  #4192 ) ;
#7516 = DIRECTION ( 'NONE',  ( 0.000000000000000000, 0.000000000000000000, -1.000000000000000000 ) ) ;
#7517 = VERTEX_POINT ( 'NONE', #1920 ) ;
#7518 = DIRECTION ( 'NONE',  ( 0.000000000000000000, 0.000000000000000000, -1.000000000000000000 ) ) ;
#7519 = AXIS2_PLACEMENT_3D ( 'NONE', #6063, #147, #2794 ) ;
#7520 = CARTESIAN_POINT ( 'NONE',  ( 2.024999999999998579, 0.9500000000000001776, 1.299999999999998712 ) ) ;
#7521 = AXIS2_PLACEMENT_3D ( 'NONE', #6049, #2085, #4629 ) ;
#7522 = EDGE_LOOP ( 'NONE', ( #6090, #7038, #6123, #6680 ) ) ;
#7523 = ORIENTED_EDGE ( 'NONE', *, *, #1751, .F. ) ;
#7524 = ADVANCED_FACE ( 'NONE', ( #3368 ), #3296, .F. ) ;
#7525 = DIRECTION ( 'NONE',  ( -8.340016711426956274E-16, 1.000000000000000000, 0.000000000000000000 ) ) ;
#7526 = MECHANICAL_DESIGN_GEOMETRIC_PRESENTATION_REPRESENTATION (  '', ( #6397 ), #2267 ) ;
#7527 =( LENGTH_UNIT ( ) NAMED_UNIT ( * ) SI_UNIT ( .MILLI., .METRE. ) );
#7528 = ORIENTED_EDGE ( 'NONE', *, *, #3012, .F. ) ;
#7529 = LINE ( 'NONE', #204, #2588 ) ;
#7530 =( NAMED_UNIT ( * ) PLANE_ANGLE_UNIT ( ) SI_UNIT ( $, .RADIAN. ) );
#7531 = VECTOR ( 'NONE', #2669, 1000.000000000000000 ) ;
#7532 = DIRECTION ( 'NONE',  ( -1.000000000000000000, -0.000000000000000000, -0.000000000000000000 ) ) ;
#7533 = AXIS2_PLACEMENT_3D ( 'NONE', #1064, #7707, #1146 ) ;
#7534 = FACE_OUTER_BOUND ( 'NONE', #2642, .T. ) ;
#7535 = FILL_AREA_STYLE_COLOUR ( '', #7435 ) ;
#7536 = VERTEX_POINT ( 'NONE', #8630 ) ;
#7537 = CARTESIAN_POINT ( 'NONE',  ( -1.574999999999999289, 1.349999999999999867, 0.5999999999999994227 ) ) ;
#7538 = VECTOR ( 'NONE', #1136, 1000.000000000000000 ) ;
#7539 = ORIENTED_EDGE ( 'NONE', *, *, #6601, .F. ) ;
#7540 = UNCERTAINTY_MEASURE_WITH_UNIT (LENGTH_MEASURE( 1.000000000000000082E-05 ), #1848, 'distance_accuracy_value', 'NONE');
#7541 = CARTESIAN_POINT ( 'NONE',  ( -0.7999999999999962697, 0.3799999999999990608, 1.849999999999999423 ) ) ;
#7542 =( GEOMETRIC_REPRESENTATION_CONTEXT ( 3 ) GLOBAL_UNCERTAINTY_ASSIGNED_CONTEXT ( ( #4740 ) ) GLOBAL_UNIT_ASSIGNED_CONTEXT ( ( #3017, #999, #295 ) ) REPRESENTATION_CONTEXT ( 'NONE', 'WORKASPACE' ) );
#7543 = SURFACE_SIDE_STYLE ('',( #4858 ) ) ;
#7544 = CARTESIAN_POINT ( 'NONE',  ( 2.274999999999987921, 0.9500000000000001776, 1.799999999999999822 ) ) ;
#7545 = VERTEX_POINT ( 'NONE', #4809 ) ;
#7546 = AXIS2_PLACEMENT_3D ( 'NONE', #6654, #89, #1961 ) ;
#7548 = STYLED_ITEM ( 'NONE', ( #3441 ), #5861 ) ;
#7547 = PRESENTATION_STYLE_ASSIGNMENT (( #3586 ) ) ;
#7549 = EDGE_CURVE ( 'NONE', #8190, #5236, #6985, .T. ) ;
#7550 = PLANE ( 'NONE',  #7863 ) ;
#7551 = PRESENTATION_LAYER_ASSIGNMENT (  '', '', ( #7851 ) ) ;
#7552 = CARTESIAN_POINT ( 'NONE',  ( -1.874999999999999556, 0.9499999999999997335, 0.5999999999999994227 ) ) ;
#7553 = STYLED_ITEM ( 'NONE', ( #5797 ), #7225 ) ;
#7554 = PRESENTATION_LAYER_ASSIGNMENT (  '', '', ( #2447 ) ) ;
#7555 = SURFACE_STYLE_USAGE ( .BOTH. , #4870 ) ;
#7556 = LINE ( 'NONE', #7879, #924 ) ;
#7557 = ORIENTED_EDGE ( 'NONE', *, *, #7666, .T. ) ;
#7558 = VECTOR ( 'NONE', #6056, 1000.000000000000000 ) ;
#7559 = ORIENTED_EDGE ( 'NONE', *, *, #3630, .T. ) ;
#7561 = CARTESIAN_POINT ( 'NONE',  ( 1.045004439896472784E-14, -1.150000000000000355, 0.4955507190332969492 ) ) ;
#7560 = AXIS2_PLACEMENT_3D ( 'NONE', #2046, #2843, #8534 ) ;
#7562 = MECHANICAL_DESIGN_GEOMETRIC_PRESENTATION_REPRESENTATION (  '', ( #224 ), #2023 ) ;
#7563 =( NAMED_UNIT ( * ) PLANE_ANGLE_UNIT ( ) SI_UNIT ( $, .RADIAN. ) );
#7564 = CARTESIAN_POINT ( 'NONE',  ( 2.024999999999999467, 1.150000000000000133, 0.000000000000000000 ) ) ;
#7565 = DIRECTION ( 'NONE',  ( 1.000000000000000000, 0.000000000000000000, 0.000000000000000000 ) ) ;
#7566 = STYLED_ITEM ( 'NONE', ( #8424 ), #7768 ) ;
#7567 = VECTOR ( 'NONE', #3701, 1000.000000000000000 ) ;
#7568 = LINE ( 'NONE', #191, #3864 ) ;
#7569 = FILL_AREA_STYLE ('',( #8169 ) ) ;
#7570 = ORIENTED_EDGE ( 'NONE', *, *, #7122, .F. ) ;
#7571 = CARTESIAN_POINT ( 'NONE',  ( 2.024999999999999467, 0.9500000000000001776, 0.000000000000000000 ) ) ;
#7572 =( LENGTH_UNIT ( ) NAMED_UNIT ( * ) SI_UNIT ( .MILLI., .METRE. ) );
#7573 = ORIENTED_EDGE ( 'NONE', *, *, #1535, .T. ) ;
#7574 = PRESENTATION_STYLE_ASSIGNMENT (( #6813 ) ) ;
#7575 = AXIS2_PLACEMENT_3D ( 'NONE', #2007, #8026, #4635 ) ;
#7576 = SURFACE_STYLE_FILL_AREA ( #6288 ) ;
#7577 = ORIENTED_EDGE ( 'NONE', *, *, #1738, .T. ) ;
#7578 = ORIENTED_EDGE ( 'NONE', *, *, #4600, .T. ) ;
#7579 = PLANE ( 'NONE',  #6746 ) ;
#7580 = PRESENTATION_STYLE_ASSIGNMENT (( #6115 ) ) ;
#7581 = VERTEX_POINT ( 'NONE', #7338 ) ;
#7582 = CARTESIAN_POINT ( 'NONE',  ( -1.774999999999999467, 1.349999999999999867, 0.5999999999999994227 ) ) ;
#7583 = CARTESIAN_POINT ( 'NONE',  ( 1.574999999999999734, 1.150000000000000133, -0.04999999999999999584 ) ) ;
#7584 = SURFACE_STYLE_USAGE ( .BOTH. , #4946 ) ;
#7585 = ADVANCED_FACE ( 'NONE', ( #2622 ), #1996, .T. ) ;
#7586 = STYLED_ITEM ( 'NONE', ( #8493 ), #8248 ) ;
#7587 = CARTESIAN_POINT ( 'NONE',  ( 1.574999999999999289, 1.350000000000000089, 0.5999999999999995337 ) ) ;
#7588 =( LENGTH_UNIT ( ) NAMED_UNIT ( * ) SI_UNIT ( .MILLI., .METRE. ) );
#7589 = FACE_OUTER_BOUND ( 'NONE', #7609, .T. ) ;
#7590 = PRESENTATION_STYLE_ASSIGNMENT (( #6256 ) ) ;
#7591 = ORIENTED_EDGE ( 'NONE', *, *, #8149, .T. ) ;
#7592 = EDGE_CURVE ( 'NONE', #5474, #2820, #1544, .T. ) ;
#7593 = EDGE_CURVE ( 'NONE', #4215, #3626, #6814, .T. ) ;
#7594 = EDGE_CURVE ( 'NONE', #6152, #5345, #1958, .T. ) ;
#7595 = CARTESIAN_POINT ( 'NONE',  ( -1.574999999999999067, 1.149999999999999689, 1.199999999999998623 ) ) ;
#7596 = VECTOR ( 'NONE', #1604, 1000.000000000000000 ) ;
#7597 = LINE ( 'NONE', #2386, #3365 ) ;
#7598 = SURFACE_STYLE_USAGE ( .BOTH. , #2387 ) ;
#7599 = LINE ( 'NONE', #7544, #2092 ) ;
#7600 = ORIENTED_EDGE ( 'NONE', *, *, #4211, .T. ) ;
#7601 = DIRECTION ( 'NONE',  ( -1.000000000000000000, 0.000000000000000000, -0.000000000000000000 ) ) ;
#7602 = MECHANICAL_DESIGN_GEOMETRIC_PRESENTATION_REPRESENTATION (  '', ( #119 ), #2626 ) ;
#7603 =( LENGTH_UNIT ( ) NAMED_UNIT ( * ) SI_UNIT ( .MILLI., .METRE. ) );
#7604 = FILL_AREA_STYLE_COLOUR ( '', #1800 ) ;
#7605 = EDGE_CURVE ( 'NONE', #2415, #7954, #6330, .T. ) ;
#7606 = DIRECTION ( 'NONE',  ( 1.000000000000000000, 1.141265444721583511E-16, 0.000000000000000000 ) ) ;
#7607 = AXIS2_PLACEMENT_3D ( 'NONE', #2422, #5626, #8344 ) ;
#7608 = MECHANICAL_DESIGN_GEOMETRIC_PRESENTATION_REPRESENTATION (  '', ( #5774 ), #399 ) ;
#7609 = EDGE_LOOP ( 'NONE', ( #4148, #5468, #4178, #3280 ) ) ;
#7610 = FILL_AREA_STYLE ('',( #4283 ) ) ;
#7611 = PRESENTATION_STYLE_ASSIGNMENT (( #5609 ) ) ;
#7612 = PRESENTATION_LAYER_ASSIGNMENT (  '', '', ( #1383 ) ) ;
#7613 = PRESENTATION_STYLE_ASSIGNMENT (( #404 ) ) ;
#7614 = EDGE_CURVE ( 'NONE', #2013, #6370, #5019, .T. ) ;
#7615 = SURFACE_STYLE_FILL_AREA ( #2952 ) ;
#7616 = DIRECTION ( 'NONE',  ( -0.000000000000000000, -0.000000000000000000, -1.000000000000000000 ) ) ;
#7617 = LINE ( 'NONE', #8241, #6777 ) ;
#7618 = CIRCLE ( 'NONE', #6622, 0.1000000000000000472 ) ;
#7619 = SURFACE_STYLE_USAGE ( .BOTH. , #7663 ) ;
#7620 = ORIENTED_EDGE ( 'NONE', *, *, #5506, .F. ) ;
#7621 = ORIENTED_EDGE ( 'NONE', *, *, #2090, .T. ) ;
#7622 = DIRECTION ( 'NONE',  ( 1.000000000000000000, 1.070816960479510993E-16, 0.000000000000000000 ) ) ;
#7623 = ORIENTED_EDGE ( 'NONE', *, *, #7011, .F. ) ;
#7624 = LINE ( 'NONE', #3527, #4727 ) ;
#7625 = ORIENTED_EDGE ( 'NONE', *, *, #5259, .F. ) ;
#7626 = ORIENTED_EDGE ( 'NONE', *, *, #7082, .T. ) ;
#7627 = AXIS2_PLACEMENT_3D ( 'NONE', #2880, #8168, #8290 ) ;
#7628 = CARTESIAN_POINT ( 'NONE',  ( 2.274999999999999911, 0.9500000000000001776, 1.399999999999998357 ) ) ;
#7629 = VERTEX_POINT ( 'NONE', #2236 ) ;
#7630 =( NAMED_UNIT ( * ) PLANE_ANGLE_UNIT ( ) SI_UNIT ( $, .RADIAN. ) );
#7631 = CARTESIAN_POINT ( 'NONE',  ( 2.075000000000000622, 0.3799999999999998934, 0.3999999999999999667 ) ) ;
#7632 = DIRECTION ( 'NONE',  ( -1.000000000000000000, -1.070816960479510870E-16, 0.000000000000000000 ) ) ;
#7633 = FILL_AREA_STYLE ('',( #4260 ) ) ;
#7634 =( GEOMETRIC_REPRESENTATION_CONTEXT ( 3 ) GLOBAL_UNCERTAINTY_ASSIGNED_CONTEXT ( ( #2599 ) ) GLOBAL_UNIT_ASSIGNED_CONTEXT ( ( #6830, #2819, #4050 ) ) REPRESENTATION_CONTEXT ( 'NONE', 'WORKASPACE' ) );
#7635 = DIRECTION ( 'NONE',  ( 1.070816960479510993E-16, -1.000000000000000000, 0.000000000000000000 ) ) ;
#7636 = EDGE_CURVE ( 'NONE', #6863, #1021, #7720, .T. ) ;
#7637 = ORIENTED_EDGE ( 'NONE', *, *, #2452, .T. ) ;
#7638 = FILL_AREA_STYLE_COLOUR ( '', #7138 ) ;
#7639 = CARTESIAN_POINT ( 'NONE',  ( 1.499999999999999778, -0.8250000000000002887, 0.2000000000000000111 ) ) ;
#7640 = DIRECTION ( 'NONE',  ( 0.000000000000000000, 0.000000000000000000, 1.000000000000000000 ) ) ;
#7641 = PRESENTATION_LAYER_ASSIGNMENT (  '', '', ( #2786 ) ) ;
#7642 =( NAMED_UNIT ( * ) SI_UNIT ( $, .STERADIAN. ) SOLID_ANGLE_UNIT ( ) );
#7643 = ORIENTED_EDGE ( 'NONE', *, *, #5030, .F. ) ;
#7644 = EDGE_CURVE ( 'NONE', #4396, #4530, #5484, .T. ) ;
#7645 =( NAMED_UNIT ( * ) PLANE_ANGLE_UNIT ( ) SI_UNIT ( $, .RADIAN. ) );
#7646 = EDGE_CURVE ( 'NONE', #1908, #5692, #6200, .T. ) ;
#7647 = CIRCLE ( 'NONE', #3468, 0.1000000000000000472 ) ;
#7648 = PRESENTATION_STYLE_ASSIGNMENT (( #2346 ) ) ;
#7649 = UNCERTAINTY_MEASURE_WITH_UNIT (LENGTH_MEASURE( 1.000000000000000082E-05 ), #2747, 'distance_accuracy_value', 'NONE');
#7650 = SURFACE_STYLE_FILL_AREA ( #4276 ) ;
#7651 = ADVANCED_FACE ( 'NONE', ( #8340 ), #4975, .F. ) ;
#7652 = UNCERTAINTY_MEASURE_WITH_UNIT (LENGTH_MEASURE( 1.000000000000000082E-05 ), #7603, 'distance_accuracy_value', 'NONE');
#7653 = FACE_OUTER_BOUND ( 'NONE', #8107, .T. ) ;
#7654 = PLANE ( 'NONE',  #7811 ) ;
#7655 = CIRCLE ( 'NONE', #6650, 0.2000000000000051459 ) ;
#7656 = VERTEX_POINT ( 'NONE', #7668 ) ;
#7657 = ORIENTED_EDGE ( 'NONE', *, *, #5342, .F. ) ;
#7658 = DIRECTION ( 'NONE',  ( 1.000000000000000000, 0.000000000000000000, 0.000000000000000000 ) ) ;
#7659 = DIRECTION ( 'NONE',  ( 0.000000000000000000, 0.000000000000000000, 1.000000000000000000 ) ) ;
#7660 = VECTOR ( 'NONE', #4223, 1000.000000000000000 ) ;
#7661 = FILL_AREA_STYLE_COLOUR ( '', #5425 ) ;
#7662 = UNCERTAINTY_MEASURE_WITH_UNIT (LENGTH_MEASURE( 1.000000000000000082E-05 ), #2439, 'distance_accuracy_value', 'NONE');
#7663 = SURFACE_SIDE_STYLE ('',( #3522 ) ) ;
#7664 = STYLED_ITEM ( 'NONE', ( #475 ), #3915 ) ;
#7665 = VERTEX_POINT ( 'NONE', #2966 ) ;
#7666 = EDGE_CURVE ( 'NONE', #4288, #3760, #8212, .T. ) ;
#7667 = VERTEX_POINT ( 'NONE', #4335 ) ;
#7668 = CARTESIAN_POINT ( 'NONE',  ( 0.5500000000000001554, 0.2499999999999998335, 0.000000000000000000 ) ) ;
#7669 = ORIENTED_EDGE ( 'NONE', *, *, #4764, .T. ) ;
#7670 = VERTEX_POINT ( 'NONE', #6995 ) ;
#7671 = DIRECTION ( 'NONE',  ( 1.000000000000000000, 0.000000000000000000, 0.000000000000000000 ) ) ;
#7672 = CIRCLE ( 'NONE', #7834, 0.1000000000000000472 ) ;
#7673 = LINE ( 'NONE', #5676, #3936 ) ;
#7674 = VERTEX_POINT ( 'NONE', #4294 ) ;
#7675 = SURFACE_SIDE_STYLE ('',( #1904 ) ) ;
#7676 = SURFACE_STYLE_USAGE ( .BOTH. , #8258 ) ;
#7677 = CARTESIAN_POINT ( 'NONE',  ( 1.375000000000014433, -0.9578422717728221070, 0.4955507190332307244 ) ) ;
#7678 = PLANE ( 'NONE',  #3785 ) ;
#7679 = CARTESIAN_POINT ( 'NONE',  ( 2.024999999999999911, 0.9000000000000002442, 1.800000000000000044 ) ) ;
#7680 = PRESENTATION_LAYER_ASSIGNMENT (  '', '', ( #5699 ) ) ;
#7681 = EDGE_LOOP ( 'NONE', ( #5837, #6658, #2072, #2678 ) ) ;
#7682 =( NAMED_UNIT ( * ) SI_UNIT ( $, .STERADIAN. ) SOLID_ANGLE_UNIT ( ) );
#7683 = CYLINDRICAL_SURFACE ( 'NONE', #4398, 0.09999999999999982514 ) ;
#7684 = CARTESIAN_POINT ( 'NONE',  ( 2.074999999999998401, 0.9500000000000001776, 0.5999999999999999778 ) ) ;
#7685 = PRESENTATION_STYLE_ASSIGNMENT (( #611 ) ) ;
#7686 = VECTOR ( 'NONE', #1748, 1000.000000000000000 ) ;
#7687 = DIRECTION ( 'NONE',  ( 1.000000000000000000, 9.531447670202287969E-17, -0.000000000000000000 ) ) ;
#7688 = ORIENTED_EDGE ( 'NONE', *, *, #5306, .F. ) ;
#7689 = DIRECTION ( 'NONE',  ( 0.000000000000000000, 0.000000000000000000, -1.000000000000000000 ) ) ;
#7690 = AXIS2_PLACEMENT_3D ( 'NONE', #5492, #4814, #2204 ) ;
#7691 = VECTOR ( 'NONE', #1973, 1000.000000000000000 ) ;
#7692 = CARTESIAN_POINT ( 'NONE',  ( -0.8500000000000005329, 2.250000000000000444, 0.5499999999999997113 ) ) ;
#7693 = SURFACE_SIDE_STYLE ('',( #8362 ) ) ;
#7694 = FILL_AREA_STYLE ('',( #3555 ) ) ;
#7695 = STYLED_ITEM ( 'NONE', ( #2171 ), #1379 ) ;
#7696 = CIRCLE ( 'NONE', #3932, 0.1000000000000000472 ) ;
#7697 = VERTEX_POINT ( 'NONE', #7520 ) ;
#7698 = EDGE_CURVE ( 'NONE', #3411, #5137, #330, .T. ) ;
#7699 = VERTEX_POINT ( 'NONE', #3572 ) ;
#7700 = SURFACE_STYLE_USAGE ( .BOTH. , #3079 ) ;
#7701 =( GEOMETRIC_REPRESENTATION_CONTEXT ( 3 ) GLOBAL_UNCERTAINTY_ASSIGNED_CONTEXT ( ( #3812 ) ) GLOBAL_UNIT_ASSIGNED_CONTEXT ( ( #289, #2929, #5456 ) ) REPRESENTATION_CONTEXT ( 'NONE', 'WORKASPACE' ) );
#7702 = VECTOR ( 'NONE', #6180, 1000.000000000000000 ) ;
#7703 = VECTOR ( 'NONE', #2916, 1000.000000000000000 ) ;
#7704 = PLANE ( 'NONE',  #6395 ) ;
#7706 = UNCERTAINTY_MEASURE_WITH_UNIT (LENGTH_MEASURE( 1.000000000000000082E-05 ), #2320, 'distance_accuracy_value', 'NONE');
#7705 = CARTESIAN_POINT ( 'NONE',  ( 2.074999999999998401, 0.9500000000000001776, 1.299999999999998934 ) ) ;
#7707 = DIRECTION ( 'NONE',  ( 9.531447670202286736E-17, -1.000000000000000000, -0.000000000000000000 ) ) ;
#7708 = FILL_AREA_STYLE_COLOUR ( '', #5322 ) ;
#7709 = CARTESIAN_POINT ( 'NONE',  ( 0.9000000000000002442, 0.3799999999999990608, 1.299999999999999822 ) ) ;
#7710 = VECTOR ( 'NONE', #626, 1000.000000000000000 ) ;
#7711 = MECHANICAL_DESIGN_GEOMETRIC_PRESENTATION_REPRESENTATION (  '', ( #8417 ), #496 ) ;
#7712 = AXIS2_PLACEMENT_3D ( 'NONE', #7537, #4349, #389 ) ;
#7713 =( NAMED_UNIT ( * ) PLANE_ANGLE_UNIT ( ) SI_UNIT ( $, .RADIAN. ) );
#7714 = VECTOR ( 'NONE', #2530, 1000.000000000000000 ) ;
#7715 = ORIENTED_EDGE ( 'NONE', *, *, #8038, .T. ) ;
#7716 = ORIENTED_EDGE ( 'NONE', *, *, #3594, .T. ) ;
#7717 = CARTESIAN_POINT ( 'NONE',  ( -2.075000000000000622, 0.3799999999999993938, 1.800000000000000044 ) ) ;
#7718 = PLANE ( 'NONE',  #3770 ) ;
#7719 = EDGE_LOOP ( 'NONE', ( #8264, #7734, #6923, #5852 ) ) ;
#7720 = LINE ( 'NONE', #2418, #7418 ) ;
#7721 = ORIENTED_EDGE ( 'NONE', *, *, #8200, .T. ) ;
#7722 = ORIENTED_EDGE ( 'NONE', *, *, #2962, .T. ) ;
#7723 = PRESENTATION_LAYER_ASSIGNMENT (  '', '', ( #6853 ) ) ;
#7724 = CARTESIAN_POINT ( 'NONE',  ( -2.275000000000000355, 0.4799999999999995937, 0.3999999999999987454 ) ) ;
#7725 = VECTOR ( 'NONE', #2329, 1000.000000000000000 ) ;
#7726 = CARTESIAN_POINT ( 'NONE',  ( 2.024999999999999911, 0.9500000000000001776, 1.300000000000000488 ) ) ;
#7727 = EDGE_LOOP ( 'NONE', ( #3872, #7871, #8243, #258 ) ) ;
#7728 = SURFACE_STYLE_USAGE ( .BOTH. , #7675 ) ;
#7729 = EDGE_CURVE ( 'NONE', #6331, #1120, #2926, .T. ) ;
#7730 = CARTESIAN_POINT ( 'NONE',  ( -0.8999999999999991340, 0.9499999999999999556, 0.3999999999999995226 ) ) ;
#7731 = SURFACE_STYLE_FILL_AREA ( #603 ) ;
#7732 = DIRECTION ( 'NONE',  ( -0.000000000000000000, -0.000000000000000000, -1.000000000000000000 ) ) ;
#7733 = MECHANICAL_DESIGN_GEOMETRIC_PRESENTATION_REPRESENTATION (  '', ( #2600 ), #7162 ) ;
#7734 = ORIENTED_EDGE ( 'NONE', *, *, #7776, .T. ) ;
#7735 = UNCERTAINTY_MEASURE_WITH_UNIT (LENGTH_MEASURE( 1.000000000000000082E-05 ), #2868, 'distance_accuracy_value', 'NONE');
#7736 = SURFACE_STYLE_USAGE ( .BOTH. , #1129 ) ;
#7737 = DIRECTION ( 'NONE',  ( -1.000000000000000000, -1.070816960479510993E-16, 0.000000000000000000 ) ) ;
#7738 = CIRCLE ( 'NONE', #2605, 0.1000000000000000472 ) ;
#7739 = DIRECTION ( 'NONE',  ( -1.070816960479510870E-16, 1.000000000000000000, 0.000000000000000000 ) ) ;
#7740 = UNCERTAINTY_MEASURE_WITH_UNIT (LENGTH_MEASURE( 1.000000000000000082E-05 ), #887, 'distance_accuracy_value', 'NONE');
#7741 = CARTESIAN_POINT ( 'NONE',  ( -1.374999999999997780, -0.9578422717728224400, 1.299999999999998712 ) ) ;
#7742 = SURFACE_STYLE_USAGE ( .BOTH. , #8489 ) ;
#7743 = DIRECTION ( 'NONE',  ( -1.000000000000000000, 0.000000000000000000, -5.204170427930430118E-14 ) ) ;
#7744 = ORIENTED_EDGE ( 'NONE', *, *, #6182, .T. ) ;
#7745 =( NAMED_UNIT ( * ) PLANE_ANGLE_UNIT ( ) SI_UNIT ( $, .RADIAN. ) );
#7746 =( GEOMETRIC_REPRESENTATION_CONTEXT ( 3 ) GLOBAL_UNCERTAINTY_ASSIGNED_CONTEXT ( ( #5013 ) ) GLOBAL_UNIT_ASSIGNED_CONTEXT ( ( #296, #4816, #6166 ) ) REPRESENTATION_CONTEXT ( 'NONE', 'WORKASPACE' ) );
#7747 = MECHANICAL_DESIGN_GEOMETRIC_PRESENTATION_REPRESENTATION (  '', ( #400 ), #4548 ) ;
#7748 = CARTESIAN_POINT ( 'NONE',  ( 2.275000000000035882, -0.9578422717728219959, 1.299999999999908118 ) ) ;
#7749 = DIRECTION ( 'NONE',  ( 0.000000000000000000, 1.000000000000000000, 0.000000000000000000 ) ) ;
#7750 = UNCERTAINTY_MEASURE_WITH_UNIT (LENGTH_MEASURE( 1.000000000000000082E-05 ), #4668, 'distance_accuracy_value', 'NONE');
#7751 =( LENGTH_UNIT ( ) NAMED_UNIT ( * ) SI_UNIT ( .MILLI., .METRE. ) );
#7752 = ORIENTED_EDGE ( 'NONE', *, *, #6023, .T. ) ;
#7753 = ORIENTED_EDGE ( 'NONE', *, *, #6474, .T. ) ;
#7754 = VECTOR ( 'NONE', #6748, 1000.000000000000000 ) ;
#7755 = ORIENTED_EDGE ( 'NONE', *, *, #316, .T. ) ;
#7756 = DIRECTION ( 'NONE',  ( -1.000000000000000000, -9.531447670202286736E-17, 0.000000000000000000 ) ) ;
#7757 = FILL_AREA_STYLE_COLOUR ( '', #1622 ) ;
#7758 = VECTOR ( 'NONE', #3656, 1000.000000000000000 ) ;
#7759 =( GEOMETRIC_REPRESENTATION_CONTEXT ( 3 ) GLOBAL_UNCERTAINTY_ASSIGNED_CONTEXT ( ( #4393 ) ) GLOBAL_UNIT_ASSIGNED_CONTEXT ( ( #2109, #693, #1343 ) ) REPRESENTATION_CONTEXT ( 'NONE', 'WORKASPACE' ) );
#7760 = CARTESIAN_POINT ( 'NONE',  ( -1.899999999999999689, -0.6250000000000004441, 0.2000000000000000111 ) ) ;
#7761 = CARTESIAN_POINT ( 'NONE',  ( 2.274999999999999911, 0.9000000000000002442, 1.800000000000000044 ) ) ;
#7762 = DIRECTION ( 'NONE',  ( -0.000000000000000000, 0.000000000000000000, 1.000000000000000000 ) ) ;
#7763 = VERTEX_POINT ( 'NONE', #4891 ) ;
#7764 = FILL_AREA_STYLE ('',( #1896 ) ) ;
#7765 = ADVANCED_FACE ( 'NONE', ( #3053 ), #8299, .F. ) ;
#7766 =( LENGTH_UNIT ( ) NAMED_UNIT ( * ) SI_UNIT ( .MILLI., .METRE. ) );
#7767 = MECHANICAL_DESIGN_GEOMETRIC_PRESENTATION_REPRESENTATION (  '', ( #3987 ), #3438 ) ;
#7768 = ADVANCED_FACE ( 'NONE', ( #595 ), #2471, .F. ) ;
#7769 = ORIENTED_EDGE ( 'NONE', *, *, #8164, .T. ) ;
#7770 = ADVANCED_FACE ( 'NONE', ( #3775 ), #5149, .T. ) ;
#7771 =( LENGTH_UNIT ( ) NAMED_UNIT ( * ) SI_UNIT ( .MILLI., .METRE. ) );
#7772 =( NAMED_UNIT ( * ) SI_UNIT ( $, .STERADIAN. ) SOLID_ANGLE_UNIT ( ) );
#7773 = ORIENTED_EDGE ( 'NONE', *, *, #7095, .F. ) ;
#7774 = DIRECTION ( 'NONE',  ( -5.421010862427522170E-16, 0.000000000000000000, 1.000000000000000000 ) ) ;
#7775 = LINE ( 'NONE', #381, #7297 ) ;
#7776 = EDGE_CURVE ( 'NONE', #3411, #3611, #6508, .T. ) ;
#7777 = AXIS2_PLACEMENT_3D ( 'NONE', #1579, #6103, #3474 ) ;
#7778 = ORIENTED_EDGE ( 'NONE', *, *, #1698, .F. ) ;
#7779 = PLANE ( 'NONE',  #1300 ) ;
#7780 = SURFACE_SIDE_STYLE ('',( #7731 ) ) ;
#7781 = STYLED_ITEM ( 'NONE', ( #4230 ), #61 ) ;
#7782 = LINE ( 'NONE', #5159, #6605 ) ;
#7783 = DIRECTION ( 'NONE',  ( -1.000000000000000000, 0.000000000000000000, 1.084202172485504040E-15 ) ) ;
#7784 = VERTEX_POINT ( 'NONE', #3435 ) ;
#7785 = CARTESIAN_POINT ( 'NONE',  ( 2.024999999999999467, 1.150000000000000133, 1.299999999999998046 ) ) ;
#7786 = PRESENTATION_LAYER_ASSIGNMENT (  '', '', ( #4949 ) ) ;
#7787 = LINE ( 'NONE', #4872, #3266 ) ;
#7788 = LINE ( 'NONE', #7832, #1560 ) ;
#7789 = VECTOR ( 'NONE', #1679, 1000.000000000000000 ) ;
#7790 = SURFACE_STYLE_FILL_AREA ( #5085 ) ;
#7791 = VERTEX_POINT ( 'NONE', #4026 ) ;
#7792 = DIRECTION ( 'NONE',  ( 1.000000000000000000, -1.428448831378997902E-30, -2.081668171172165989E-14 ) ) ;
#7793 = PRESENTATION_STYLE_ASSIGNMENT (( #3247 ) ) ;
#7794 = VERTEX_POINT ( 'NONE', #6591 ) ;
#7795 = ADVANCED_FACE ( 'NONE', ( #148 ), #2795, .F. ) ;
#7796 = PLANE ( 'NONE',  #4759 ) ;
#7797 = SURFACE_STYLE_USAGE ( .BOTH. , #4414 ) ;
#7798 = SURFACE_SIDE_STYLE ('',( #5751 ) ) ;
#7799 = FILL_AREA_STYLE_COLOUR ( '', #3893 ) ;
#7800 = ORIENTED_EDGE ( 'NONE', *, *, #827, .T. ) ;
#7801 = ORIENTED_EDGE ( 'NONE', *, *, #4291, .T. ) ;
#7802 = VERTEX_POINT ( 'NONE', #6673 ) ;
#7803 = FACE_OUTER_BOUND ( 'NONE', #3831, .T. ) ;
#7804 = LINE ( 'NONE', #1838, #8537 ) ;
#7805 = SURFACE_SIDE_STYLE ('',( #6540 ) ) ;
#7806 = LINE ( 'NONE', #4969, #517 ) ;
#7807 = EDGE_CURVE ( 'NONE', #6104, #3345, #2298, .T. ) ;
#7808 = LINE ( 'NONE', #3865, #547 ) ;
#7809 = VERTEX_POINT ( 'NONE', #6720 ) ;
#7810 = CARTESIAN_POINT ( 'NONE',  ( -1.474999999999999423, 1.149999999999999689, 1.299999999999998712 ) ) ;
#7811 = AXIS2_PLACEMENT_3D ( 'NONE', #976, #6224, #309 ) ;
#7812 = FACE_OUTER_BOUND ( 'NONE', #2957, .T. ) ;
#7813 = VERTEX_POINT ( 'NONE', #4719 ) ;
#7814 = ORIENTED_EDGE ( 'NONE', *, *, #1490, .T. ) ;
#7815 = CARTESIAN_POINT ( 'NONE',  ( -1.450000000000004174, 0.9499999999999998446, 1.800000000000000044 ) ) ;
#7816 = DIRECTION ( 'NONE',  ( 1.000000000000000000, 0.000000000000000000, 0.000000000000000000 ) ) ;
#7817 = ORIENTED_EDGE ( 'NONE', *, *, #7890, .T. ) ;
#7818 = MECHANICAL_DESIGN_GEOMETRIC_PRESENTATION_REPRESENTATION (  '', ( #5390 ), #1555 ) ;
#7819 = DIRECTION ( 'NONE',  ( 0.000000000000000000, 0.000000000000000000, 1.000000000000000000 ) ) ;
#7820 = SURFACE_STYLE_USAGE ( .BOTH. , #5073 ) ;
#7821 =( LENGTH_UNIT ( ) NAMED_UNIT ( * ) SI_UNIT ( .MILLI., .METRE. ) );
#7822 = PRESENTATION_STYLE_ASSIGNMENT (( #2479 ) ) ;
#7823 = SURFACE_SIDE_STYLE ('',( #2482 ) ) ;
#7824 = ORIENTED_EDGE ( 'NONE', *, *, #5446, .F. ) ;
#7825 =( NAMED_UNIT ( * ) PLANE_ANGLE_UNIT ( ) SI_UNIT ( $, .RADIAN. ) );
#7826 = EDGE_CURVE ( 'NONE', #2973, #3218, #8118, .T. ) ;
#7827 = AXIS2_PLACEMENT_3D ( 'NONE', #1558, #6911, #8444 ) ;
#7828 = DIRECTION ( 'NONE',  ( -0.000000000000000000, -0.000000000000000000, -1.000000000000000000 ) ) ;
#7829 = DIRECTION ( 'NONE',  ( -2.081668171172165989E-14, 0.000000000000000000, -1.000000000000000000 ) ) ;
#7830 = UNCERTAINTY_MEASURE_WITH_UNIT (LENGTH_MEASURE( 1.000000000000000082E-05 ), #5679, 'distance_accuracy_value', 'NONE');
#7831 = DIRECTION ( 'NONE',  ( -1.000000000000000000, 0.000000000000000000, 0.000000000000000000 ) ) ;
#7832 = CARTESIAN_POINT ( 'NONE',  ( 1.899999999999999689, -1.325000000000000178, -1.040834085586084257E-14 ) ) ;
#7833 = PRESENTATION_LAYER_ASSIGNMENT (  '', '', ( #2942 ) ) ;
#7834 = AXIS2_PLACEMENT_3D ( 'NONE', #6945, #163, #8180 ) ;
#7835 = ORIENTED_EDGE ( 'NONE', *, *, #5475, .T. ) ;
#7836 = LINE ( 'NONE', #7205, #2736 ) ;
#7837 = PRESENTATION_STYLE_ASSIGNMENT (( #7933 ) ) ;
#7838 = DIRECTION ( 'NONE',  ( -0.000000000000000000, -0.000000000000000000, -1.000000000000000000 ) ) ;
#7839 = UNCERTAINTY_MEASURE_WITH_UNIT (LENGTH_MEASURE( 1.000000000000000082E-05 ), #7821, 'distance_accuracy_value', 'NONE');
#7840 = CARTESIAN_POINT ( 'NONE',  ( -0.8500000000000004219, 0.9499999999999998446, 0.4499999999999997335 ) ) ;
#7841 = EDGE_LOOP ( 'NONE', ( #1671, #6054 ) ) ;
#7842 = EDGE_CURVE ( 'NONE', #8341, #5794, #816, .T. ) ;
#7843 = VECTOR ( 'NONE', #3995, 1000.000000000000000 ) ;
#7844 = ORIENTED_EDGE ( 'NONE', *, *, #1060, .T. ) ;
#7845 =( NAMED_UNIT ( * ) PLANE_ANGLE_UNIT ( ) SI_UNIT ( $, .RADIAN. ) );
#7846 = CARTESIAN_POINT ( 'NONE',  ( 1.000000000000000000, 1.149999999999999911, 0.5000000000000003331 ) ) ;
#7847 = CARTESIAN_POINT ( 'NONE',  ( -1.374999999999999778, -1.150000000000000355, 1.199999999999981082 ) ) ;
#7848 = AXIS2_PLACEMENT_3D ( 'NONE', #4784, #7640, #173 ) ;
#7849 = UNCERTAINTY_MEASURE_WITH_UNIT (LENGTH_MEASURE( 1.000000000000000082E-05 ), #7914, 'distance_accuracy_value', 'NONE');
#7850 = SURFACE_STYLE_USAGE ( .BOTH. , #7805 ) ;
#7851 = STYLED_ITEM ( 'NONE', ( #3925 ), #1602 ) ;
#7852 = ORIENTED_EDGE ( 'NONE', *, *, #8485, .T. ) ;
#7854 = DIRECTION ( 'NONE',  ( -0.000000000000000000, 0.000000000000000000, 1.000000000000000000 ) ) ;
#7853 = COLOUR_RGB ( '',0.8509803921568627194, 0.8509803921568627194, 0.8509803921568627194 ) ;
#7855 = LINE ( 'NONE', #6460, #6125 ) ;
#7856 = VECTOR ( 'NONE', #2667, 1000.000000000000000 ) ;
#7857 = CARTESIAN_POINT ( 'NONE',  ( -0.8500000000000005329, 2.349999999999999645, 1.249999999999999556 ) ) ;
#7858 =( NAMED_UNIT ( * ) SI_UNIT ( $, .STERADIAN. ) SOLID_ANGLE_UNIT ( ) );
#7859 = VERTEX_POINT ( 'NONE', #855 ) ;
#7860 = ORIENTED_EDGE ( 'NONE', *, *, #1465, .F. ) ;
#7861 = FILL_AREA_STYLE ('',( #2095 ) ) ;
#7862 = FILL_AREA_STYLE_COLOUR ( '', #2455 ) ;
#7863 = AXIS2_PLACEMENT_3D ( 'NONE', #1229, #5649, #6966 ) ;
#7864 = VECTOR ( 'NONE', #8265, 1000.000000000000000 ) ;
#7865 = ORIENTED_EDGE ( 'NONE', *, *, #3286, .F. ) ;
#7866 = CARTESIAN_POINT ( 'NONE',  ( 0.8999999999999994671, 1.149999999999999911, 1.399999999999999689 ) ) ;
#7867 = COLOUR_RGB ( '',0.8431372549019607865, 0.8156862745098039102, 0.7529411764705882248 ) ;
#7868 = LINE ( 'NONE', #3149, #8482 ) ;
#7869 = DIRECTION ( 'NONE',  ( 0.000000000000000000, 1.000000000000000000, -0.000000000000000000 ) ) ;
#7870 = DIRECTION ( 'NONE',  ( -1.000000000000000000, -8.340016711426956274E-16, 0.000000000000000000 ) ) ;
#7871 = ORIENTED_EDGE ( 'NONE', *, *, #294, .T. ) ;
#7872 = AXIS2_PLACEMENT_3D ( 'NONE', #5047, #4365, #7749 ) ;
#7873 = COLOUR_RGB ( '',0.2235294117647058654, 0.2235294117647058654, 0.2235294117647058654 ) ;
#7874 = PRESENTATION_LAYER_ASSIGNMENT (  '', '', ( #3269 ) ) ;
#7875 = CIRCLE ( 'NONE', #6439, 0.2000000000000051459 ) ;
#7876 = LINE ( 'NONE', #1912, #2969 ) ;
#7877 = EDGE_CURVE ( 'NONE', #6476, #1206, #1334, .T. ) ;
#7878 = CARTESIAN_POINT ( 'NONE',  ( -1.450000000000003952, 0.3799999999999988387, 1.799999999999999822 ) ) ;
#7879 = CARTESIAN_POINT ( 'NONE',  ( 2.274999999999999911, 0.9500000000000000666, 1.649999999999999245 ) ) ;
#7880 = DIRECTION ( 'NONE',  ( -1.000000000000000000, 0.000000000000000000, 0.000000000000000000 ) ) ;
#7881 = VECTOR ( 'NONE', #4563, 1000.000000000000000 ) ;
#7882 = DIRECTION ( 'NONE',  ( 1.000000000000000000, -1.084202172485504040E-15, 8.673617379884013778E-16 ) ) ;
#7883 = MECHANICAL_DESIGN_GEOMETRIC_PRESENTATION_REPRESENTATION (  '', ( #8435 ), #4511 ) ;
#7884 = ORIENTED_EDGE ( 'NONE', *, *, #4898, .T. ) ;
#7885 = VERTEX_POINT ( 'NONE', #3469 ) ;
#7886 = DIRECTION ( 'NONE',  ( -5.421010862427523156E-16, 0.000000000000000000, 1.000000000000000000 ) ) ;
#7887 = ADVANCED_FACE ( 'NONE', ( #5275 ), #7986, .T. ) ;
#7888 = EDGE_CURVE ( 'NONE', #3950, #5053, #2269, .T. ) ;
#7889 =( LENGTH_UNIT ( ) NAMED_UNIT ( * ) SI_UNIT ( .MILLI., .METRE. ) );
#7890 = EDGE_CURVE ( 'NONE', #8301, #1327, #4966, .T. ) ;
#7891 = VECTOR ( 'NONE', #4590, 1000.000000000000000 ) ;
#7892 = FILL_AREA_STYLE_COLOUR ( '', #6009 ) ;
#7893 =( LENGTH_UNIT ( ) NAMED_UNIT ( * ) SI_UNIT ( .MILLI., .METRE. ) );
#7894 = SURFACE_STYLE_USAGE ( .BOTH. , #2579 ) ;
#7895 = ORIENTED_EDGE ( 'NONE', *, *, #5882, .T. ) ;
#7896 = ORIENTED_EDGE ( 'NONE', *, *, #4488, .F. ) ;
#7897 = CIRCLE ( 'NONE', #7453, 0.1000000000000000472 ) ;
#7898 = DIRECTION ( 'NONE',  ( 2.710505431213761085E-16, 0.000000000000000000, 1.000000000000000000 ) ) ;
#7899 = ADVANCED_FACE ( 'NONE', ( #8237 ), #5479, .T. ) ;
#7900 = COLOUR_RGB ( '',0.8431372549019607865, 0.8156862745098039102, 0.7529411764705882248 ) ;
#7901 = LINE ( 'NONE', #3181, #630 ) ;
#7902 = LINE ( 'NONE', #7227, #7156 ) ;
#7903 = TOROIDAL_SURFACE ( 'NONE', #6597, 0.1999999999999997613, 0.1000000000000000056 ) ;
#7904 =( NAMED_UNIT ( * ) SI_UNIT ( $, .STERADIAN. ) SOLID_ANGLE_UNIT ( ) );
#7905 = EDGE_LOOP ( 'NONE', ( #1521, #3740, #7884, #3632 ) ) ;
#7906 = CARTESIAN_POINT ( 'NONE',  ( 2.274999999999999911, 0.9500000000000001776, 1.649999999999999245 ) ) ;
#7907 = CARTESIAN_POINT ( 'NONE',  ( -1.000000000000000000, 0.3799999999999990608, 1.299999999999999156 ) ) ;
#7908 = AXIS2_PLACEMENT_3D ( 'NONE', #1767, #1026, #3612 ) ;
#7909 = EDGE_CURVE ( 'NONE', #1164, #5102, #1574, .T. ) ;
#7910 = ORIENTED_EDGE ( 'NONE', *, *, #5654, .T. ) ;
#7911 = UNCERTAINTY_MEASURE_WITH_UNIT (LENGTH_MEASURE( 1.000000000000000082E-05 ), #3246, 'distance_accuracy_value', 'NONE');
#7912 = DIRECTION ( 'NONE',  ( 1.000000000000000000, 1.428448831378997902E-30, 2.081668171172165989E-14 ) ) ;
#7913 = ORIENTED_EDGE ( 'NONE', *, *, #1749, .F. ) ;
#7914 =( LENGTH_UNIT ( ) NAMED_UNIT ( * ) SI_UNIT ( .MILLI., .METRE. ) );
#7915 = FACE_OUTER_BOUND ( 'NONE', #4458, .T. ) ;
#7917 =( GEOMETRIC_REPRESENTATION_CONTEXT ( 3 ) GLOBAL_UNCERTAINTY_ASSIGNED_CONTEXT ( ( #1233 ) ) GLOBAL_UNIT_ASSIGNED_CONTEXT ( ( #4454, #3369, #8014 ) ) REPRESENTATION_CONTEXT ( 'NONE', 'WORKASPACE' ) );
#7916 = AXIS2_PLACEMENT_3D ( 'NONE', #4722, #859, #1384 ) ;
#7918 = FILL_AREA_STYLE_COLOUR ( '', #8326 ) ;
#7919 =( NAMED_UNIT ( * ) PLANE_ANGLE_UNIT ( ) SI_UNIT ( $, .RADIAN. ) );
#7920 = CARTESIAN_POINT ( 'NONE',  ( 1.874999999999999334, 0.9500000000000001776, 1.199999999999999512 ) ) ;
#7921 = VERTEX_POINT ( 'NONE', #6322 ) ;
#7922 = VECTOR ( 'NONE', #8374, 1000.000000000000000 ) ;
#7923 =( NAMED_UNIT ( * ) SI_UNIT ( $, .STERADIAN. ) SOLID_ANGLE_UNIT ( ) );
#7924 = SURFACE_STYLE_FILL_AREA ( #8619 ) ;
#7925 = DIRECTION ( 'NONE',  ( 0.000000000000000000, 0.000000000000000000, 1.000000000000000000 ) ) ;
#7926 = DIRECTION ( 'NONE',  ( -1.000000000000000000, 1.084202172485504040E-15, -8.673617379884013778E-16 ) ) ;
#7927 = ADVANCED_FACE ( 'NONE', ( #4193 ), #2311, .T. ) ;
#7928 =( NAMED_UNIT ( * ) PLANE_ANGLE_UNIT ( ) SI_UNIT ( $, .RADIAN. ) );
#7929 = EDGE_LOOP ( 'NONE', ( #7528, #3880, #4316, #5241, #5226 ) ) ;
#7930 = LINE ( 'NONE', #5126, #5357 ) ;
#7931 = SURFACE_SIDE_STYLE ('',( #7061 ) ) ;
#7932 = EDGE_LOOP ( 'NONE', ( #1422, #4938, #7168 ) ) ;
#7933 = SURFACE_STYLE_USAGE ( .BOTH. , #4624 ) ;
#7934 = FILL_AREA_STYLE_COLOUR ( '', #5170 ) ;
#7935 = PRESENTATION_STYLE_ASSIGNMENT (( #8633 ) ) ;
#7936 = CARTESIAN_POINT ( 'NONE',  ( -2.274999999999998579, 0.9499999999999997335, 1.299999999999999156 ) ) ;
#7937 = EDGE_CURVE ( 'NONE', #7316, #5021, #2463, .T. ) ;
#7938 = EDGE_CURVE ( 'NONE', #4941, #8338, #1662, .T. ) ;
#7939 = DIRECTION ( 'NONE',  ( 1.000000000000000000, -0.000000000000000000, -0.000000000000000000 ) ) ;
#7940 = ORIENTED_EDGE ( 'NONE', *, *, #1990, .F. ) ;
#7941 = PRESENTATION_LAYER_ASSIGNMENT (  '', '', ( #6632 ) ) ;
#7942 = MANIFOLD_SOLID_BREP ( '¾µÏò2', #3452 ) ;
#7943 = CARTESIAN_POINT ( 'NONE',  ( -2.075000000000000622, 0.4799999999999993716, 0.4999999999999989453 ) ) ;
#7944 = EDGE_CURVE ( 'NONE', #7482, #5137, #6455, .T. ) ;
#7945 = SURFACE_STYLE_FILL_AREA ( #8069 ) ;
#7946 = CARTESIAN_POINT ( 'NONE',  ( 2.024999999999999911, 0.9000000000000002442, 0.000000000000000000 ) ) ;
#7947 = UNCERTAINTY_MEASURE_WITH_UNIT (LENGTH_MEASURE( 1.000000000000000082E-05 ), #4049, 'distance_accuracy_value', 'NONE');
#7948 = FILL_AREA_STYLE_COLOUR ( '', #6128 ) ;
#7949 = AXIS2_PLACEMENT_3D ( 'NONE', #3379, #723, #3339 ) ;
#7950 =( LENGTH_UNIT ( ) NAMED_UNIT ( * ) SI_UNIT ( .MILLI., .METRE. ) );
#7951 = EDGE_LOOP ( 'NONE', ( #6745, #198, #3652, #8472 ) ) ;
#7952 = CARTESIAN_POINT ( 'NONE',  ( 2.274999999999987033, -0.6250000000000003331, 1.799999999999999822 ) ) ;
#7953 =( LENGTH_UNIT ( ) NAMED_UNIT ( * ) SI_UNIT ( .MILLI., .METRE. ) );
#7954 = VERTEX_POINT ( 'NONE', #6405 ) ;
#7955 = ORIENTED_EDGE ( 'NONE', *, *, #7373, .F. ) ;
#7956 = FILL_AREA_STYLE ('',( #5939 ) ) ;
#7957 = CARTESIAN_POINT ( 'NONE',  ( 2.274999999999987921, 0.9500000000000001776, 1.799999999999999822 ) ) ;
#7958 = EDGE_CURVE ( 'NONE', #6702, #3394, #1839, .T. ) ;
#7959 = STYLED_ITEM ( 'NONE', ( #5049 ), #3604 ) ;
#7960 = DIRECTION ( 'NONE',  ( 1.070816960479510870E-16, -1.000000000000000000, 0.000000000000000000 ) ) ;
#7961 = CARTESIAN_POINT ( 'NONE',  ( 2.025000000000000355, 0.5799999999999997380, 0.2000000000000000111 ) ) ;
#7962 = ORIENTED_EDGE ( 'NONE', *, *, #275, .T. ) ;
#7963 =( NAMED_UNIT ( * ) PLANE_ANGLE_UNIT ( ) SI_UNIT ( $, .RADIAN. ) );
#7964 = VECTOR ( 'NONE', #2087, 1000.000000000000000 ) ;
#7965 = PRESENTATION_STYLE_ASSIGNMENT (( #1988 ) ) ;
#7966 = CARTESIAN_POINT ( 'NONE',  ( 1.899999999999999689, -1.325000000000000178, 0.1499999999999895861 ) ) ;
#7967 = SURFACE_SIDE_STYLE ('',( #4621 ) ) ;
#7968 = FILL_AREA_STYLE_COLOUR ( '', #522 ) ;
#7969 = VECTOR ( 'NONE', #5459, 1000.000000000000000 ) ;
#7970 = PRESENTATION_STYLE_ASSIGNMENT (( #4010 ) ) ;
#7971 = CARTESIAN_POINT ( 'NONE',  ( -0.8999999999999992450, 1.149999999999999911, 1.399999999999999689 ) ) ;
#7972 = DIRECTION ( 'NONE',  ( -1.070816960479510870E-16, 1.000000000000000000, -0.000000000000000000 ) ) ;
#7973 = MECHANICAL_DESIGN_GEOMETRIC_PRESENTATION_REPRESENTATION (  '', ( #8528 ), #8240 ) ;
#7974 = FACE_OUTER_BOUND ( 'NONE', #2281, .T. ) ;
#7975 = VERTEX_POINT ( 'NONE', #1105 ) ;
#7976 = COLOUR_RGB ( '',0.8431372549019607865, 0.8156862745098039102, 0.7529411764705882248 ) ;
#7977 = STYLED_ITEM ( 'NONE', ( #4135 ), #2865 ) ;
#7978 = FILL_AREA_STYLE_COLOUR ( '', #8288 ) ;
#7979 = DIRECTION ( 'NONE',  ( -1.000000000000000000, 0.000000000000000000, -1.734723475976796445E-15 ) ) ;
#7980 = EDGE_CURVE ( 'NONE', #5020, #6863, #1888, .T. ) ;
#7981 = VECTOR ( 'NONE', #1219, 1000.000000000000000 ) ;
#7982 = CYLINDRICAL_SURFACE ( 'NONE', #8201, 0.1000000000000000472 ) ;
#7983 = ORIENTED_EDGE ( 'NONE', *, *, #6823, .T. ) ;
#7984 = LINE ( 'NONE', #7267, #5025 ) ;
#7985 = DIRECTION ( 'NONE',  ( -1.224646799147353207E-16, 1.000000000000000000, 0.000000000000000000 ) ) ;
#7986 = CYLINDRICAL_SURFACE ( 'NONE', #228, 0.2999999999999998224 ) ;
#7987 = EDGE_CURVE ( 'NONE', #1504, #1623, #1798, .T. ) ;
#7988 = ORIENTED_EDGE ( 'NONE', *, *, #2886, .T. ) ;
#7989 = CARTESIAN_POINT ( 'NONE',  ( -1.774999999999999467, 1.249999999999999778, 1.199999999999999512 ) ) ;
#7990 = ORIENTED_EDGE ( 'NONE', *, *, #1861, .T. ) ;
#7991 = SURFACE_STYLE_USAGE ( .BOTH. , #5280 ) ;
#7992 = CARTESIAN_POINT ( 'NONE',  ( -1.375000000000024869, -0.6250000000000003331, -1.040834085586005371E-14 ) ) ;
#7993 = CIRCLE ( 'NONE', #5856, 0.1000000000000000472 ) ;
#7994 = CYLINDRICAL_SURFACE ( 'NONE', #4332, 0.1000000000000000472 ) ;
#7995 =( LENGTH_UNIT ( ) NAMED_UNIT ( * ) SI_UNIT ( .MILLI., .METRE. ) );
#7996 = ORIENTED_EDGE ( 'NONE', *, *, #7826, .F. ) ;
#7997 = DIRECTION ( 'NONE',  ( 0.000000000000000000, 0.000000000000000000, -1.000000000000000000 ) ) ;
#7998 = COLOUR_RGB ( '',0.8509803921568627194, 0.8509803921568627194, 0.8509803921568627194 ) ;
#7999 = AXIS2_PLACEMENT_3D ( 'NONE', #5, #2700, #7300 ) ;
#8000 = FACE_OUTER_BOUND ( 'NONE', #6033, .T. ) ;
#8001 = AXIS2_PLACEMENT_3D ( 'NONE', #314, #2309, #4927 ) ;
#8002 = ADVANCED_FACE ( 'NONE', ( #4425 ), #2499, .F. ) ;
#8003 = SURFACE_STYLE_USAGE ( .BOTH. , #3324 ) ;
#8004 = SURFACE_STYLE_FILL_AREA ( #2684 ) ;
#8005 = DIRECTION ( 'NONE',  ( -1.000000000000000000, 0.000000000000000000, 0.000000000000000000 ) ) ;
#8006 =( LENGTH_UNIT ( ) NAMED_UNIT ( * ) SI_UNIT ( .MILLI., .METRE. ) );
#8007 = CARTESIAN_POINT ( 'NONE',  ( 1.374999999999987121, -1.150000000000000355, 1.799999999999981171 ) ) ;
#8008 = STYLED_ITEM ( 'NONE', ( #7019 ), #1227 ) ;
#8009 = CIRCLE ( 'NONE', #5309, 0.1999999999999997613 ) ;
#8011 = VECTOR ( 'NONE', #2735, 1000.000000000000000 ) ;
#8010 = LINE ( 'NONE', #6648, #4652 ) ;
#8012 = PRESENTATION_LAYER_ASSIGNMENT (  '', '', ( #5569 ) ) ;
#8013 = DIRECTION ( 'NONE',  ( 1.000000000000000000, 0.000000000000000000, 0.000000000000000000 ) ) ;
#8014 =( NAMED_UNIT ( * ) SI_UNIT ( $, .STERADIAN. ) SOLID_ANGLE_UNIT ( ) );
#8015 = FILL_AREA_STYLE_COLOUR ( '', #2274 ) ;
#8016 = VECTOR ( 'NONE', #3350, 1000.000000000000000 ) ;
#8017 = FILL_AREA_STYLE ('',( #2816 ) ) ;
#8018 = VECTOR ( 'NONE', #8428, 1000.000000000000000 ) ;
#8019 = FACE_OUTER_BOUND ( 'NONE', #8342, .T. ) ;
#8020 = FACE_OUTER_BOUND ( 'NONE', #7114, .T. ) ;
#8021 = EDGE_LOOP ( 'NONE', ( #5174, #1636, #3375, #2524 ) ) ;
#8022 = ORIENTED_EDGE ( 'NONE', *, *, #5267, .F. ) ;
#8023 = VECTOR ( 'NONE', #6013, 1000.000000000000000 ) ;
#8024 = VECTOR ( 'NONE', #8464, 1000.000000000000000 ) ;
#8025 = CYLINDRICAL_SURFACE ( 'NONE', #6422, 0.1000000000000000472 ) ;
#8026 = DIRECTION ( 'NONE',  ( -1.070816960479510870E-16, 1.000000000000000000, 0.000000000000000000 ) ) ;
#8027 = CARTESIAN_POINT ( 'NONE',  ( -2.074999999999997957, -1.150000000000000355, 1.199999999999995515 ) ) ;
#8028 = UNCERTAINTY_MEASURE_WITH_UNIT (LENGTH_MEASURE( 1.000000000000000082E-05 ), #6259, 'distance_accuracy_value', 'NONE');
#8029 = FILL_AREA_STYLE_COLOUR ( '', #4958 ) ;
#8030 = CARTESIAN_POINT ( 'NONE',  ( 2.274999999999999023, -0.6249999999999998890, 1.299999999999999156 ) ) ;
#8031 = SURFACE_STYLE_FILL_AREA ( #4566 ) ;
#8032 = CIRCLE ( 'NONE', #8311, 0.1000000000000001582 ) ;
#8033 = FILL_AREA_STYLE ('',( #1325 ) ) ;
#8034 = DIRECTION ( 'NONE',  ( 2.096124200138641695E-14, -1.807003620809173892E-16, -1.000000000000000000 ) ) ;
#8035 = EDGE_CURVE ( 'NONE', #5847, #7517, #3178, .T. ) ;
#8036 = CARTESIAN_POINT ( 'NONE',  ( 0.000000000000000000, 0.000000000000000000, 0.000000000000000000 ) ) ;
#8037 = LINE ( 'NONE', #4763, #1858 ) ;
#8038 = EDGE_CURVE ( 'NONE', #2278, #7369, #2543, .T. ) ;
#8039 = AXIS2_PLACEMENT_3D ( 'NONE', #7679, #8183, #4853 ) ;
#8040 =( NAMED_UNIT ( * ) PLANE_ANGLE_UNIT ( ) SI_UNIT ( $, .RADIAN. ) );
#8041 = ORIENTED_EDGE ( 'NONE', *, *, #6022, .T. ) ;
#8042 = AXIS2_PLACEMENT_3D ( 'NONE', #7639, #5685, #3158 ) ;
#8043 =( LENGTH_UNIT ( ) NAMED_UNIT ( * ) SI_UNIT ( .MILLI., .METRE. ) );
#8044 = ORIENTED_EDGE ( 'NONE', *, *, #1205, .F. ) ;
#8045 = DIRECTION ( 'NONE',  ( 0.000000000000000000, 0.000000000000000000, 1.000000000000000000 ) ) ;
#8046 = EDGE_CURVE ( 'NONE', #7545, #771, #1929, .T. ) ;
#8047 = EDGE_CURVE ( 'NONE', #3098, #2864, #3340, .T. ) ;
#8048 = SURFACE_STYLE_FILL_AREA ( #5940 ) ;
#8049 = EDGE_CURVE ( 'NONE', #2367, #2114, #6859, .T. ) ;
#8050 = AXIS2_PLACEMENT_3D ( 'NONE', #698, #3323, #609 ) ;
#8051 = PLANE ( 'NONE',  #57 ) ;
#8052 = CARTESIAN_POINT ( 'NONE',  ( 2.275000000000000355, 0.3800000000000001155, 1.800000000000000044 ) ) ;
#8053 = EDGE_CURVE ( 'NONE', #2597, #4941, #5321, .T. ) ;
#8054 = DIRECTION ( 'NONE',  ( -0.000000000000000000, -0.000000000000000000, -1.000000000000000000 ) ) ;
#8055 = AXIS2_PLACEMENT_3D ( 'NONE', #6899, #3732, #1080 ) ;
#8056 = FILL_AREA_STYLE ('',( #8091 ) ) ;
#8057 = SURFACE_SIDE_STYLE ('',( #3748 ) ) ;
#8058 = CARTESIAN_POINT ( 'NONE',  ( 0.6989513836793942447, -1.150000000000000355, 0.4955507190332970602 ) ) ;
#8059 = DIRECTION ( 'NONE',  ( 0.000000000000000000, 6.862039066364035213E-17, 1.000000000000000000 ) ) ;
#8060 =( GEOMETRIC_REPRESENTATION_CONTEXT ( 3 ) GLOBAL_UNCERTAINTY_ASSIGNED_CONTEXT ( ( #505 ) ) GLOBAL_UNIT_ASSIGNED_CONTEXT ( ( #1803, #7125, #498 ) ) REPRESENTATION_CONTEXT ( 'NONE', 'WORKASPACE' ) );
#8061 = DIRECTION ( 'NONE',  ( -1.070816960479510870E-16, 1.000000000000000000, 0.000000000000000000 ) ) ;
#8062 = COLOUR_RGB ( '',0.8431372549019607865, 0.8156862745098039102, 0.7529411764705882248 ) ;
#8063 = EDGE_LOOP ( 'NONE', ( #2697, #4980, #2403, #6227 ) ) ;
#8064 = ADVANCED_FACE ( 'NONE', ( #3980 ), #101, .F. ) ;
#8065 = ORIENTED_EDGE ( 'NONE', *, *, #5057, .F. ) ;
#8066 = COLOUR_RGB ( '',0.8431372549019607865, 0.8156862745098039102, 0.7529411764705882248 ) ;
#8067 = PRESENTATION_STYLE_ASSIGNMENT (( #3939 ) ) ;
#8068 = VECTOR ( 'NONE', #5363, 1000.000000000000000 ) ;
#8069 = FILL_AREA_STYLE ('',( #3303 ) ) ;
#8070 = STYLED_ITEM ( 'NONE', ( #6880 ), #52 ) ;
#8071 = SURFACE_STYLE_FILL_AREA ( #7861 ) ;
#8072 = PLANE ( 'NONE',  #8203 ) ;
#8073 = FILL_AREA_STYLE_COLOUR ( '', #4292 ) ;
#8074 =( NAMED_UNIT ( * ) SI_UNIT ( $, .STERADIAN. ) SOLID_ANGLE_UNIT ( ) );
#8075 = AXIS2_PLACEMENT_3D ( 'NONE', #4093, #5466, #1438 ) ;
#8076 = DIRECTION ( 'NONE',  ( 1.000000000000000000, 0.000000000000000000, 0.000000000000000000 ) ) ;
#8077 = SURFACE_STYLE_USAGE ( .BOTH. , #1977 ) ;
#8078 = LINE ( 'NONE', #1414, #7531 ) ;
#8079 = ORIENTED_EDGE ( 'NONE', *, *, #4844, .T. ) ;
#8080 = COLOUR_RGB ( '',0.8431372549019607865, 0.8156862745098039102, 0.7529411764705882248 ) ;
#8081 = SURFACE_SIDE_STYLE ('',( #5365 ) ) ;
#8082 = ORIENTED_EDGE ( 'NONE', *, *, #8586, .F. ) ;
#8083 =( NAMED_UNIT ( * ) SI_UNIT ( $, .STERADIAN. ) SOLID_ANGLE_UNIT ( ) );
#8084 =( GEOMETRIC_REPRESENTATION_CONTEXT ( 3 ) GLOBAL_UNCERTAINTY_ASSIGNED_CONTEXT ( ( #1292 ) ) GLOBAL_UNIT_ASSIGNED_CONTEXT ( ( #785, #3409, #2203 ) ) REPRESENTATION_CONTEXT ( 'NONE', 'WORKASPACE' ) );
#8085 =( LENGTH_UNIT ( ) NAMED_UNIT ( * ) SI_UNIT ( .MILLI., .METRE. ) );
#8086 = SURFACE_STYLE_USAGE ( .BOTH. , #2765 ) ;
#8087 = UNCERTAINTY_MEASURE_WITH_UNIT (LENGTH_MEASURE( 1.000000000000000082E-05 ), #2894, 'distance_accuracy_value', 'NONE');
#8088 = FACE_OUTER_BOUND ( 'NONE', #6940, .T. ) ;
#8089 =( NAMED_UNIT ( * ) SI_UNIT ( $, .STERADIAN. ) SOLID_ANGLE_UNIT ( ) );
#8090 = AXIS2_PLACEMENT_3D ( 'NONE', #2218, #4102, #7350 ) ;
#8091 = FILL_AREA_STYLE_COLOUR ( '', #7867 ) ;
#8092 = ADVANCED_FACE ( 'NONE', ( #6583 ), #7302, .F. ) ;
#8093 = SURFACE_SIDE_STYLE ('',( #5381 ) ) ;
#8094 = LINE ( 'NONE', #4085, #8336 ) ;
#8095 = EDGE_CURVE ( 'NONE', #488, #3731, #6353, .T. ) ;
#8096 = SURFACE_STYLE_FILL_AREA ( #34 ) ;
#8097 = VERTEX_POINT ( 'NONE', #4271 ) ;
#8098 = FILL_AREA_STYLE ('',( #35 ) ) ;
#8099 = COLOUR_RGB ( '',0.8509803921568627194, 0.8509803921568627194, 0.8509803921568627194 ) ;
#8100 = UNCERTAINTY_MEASURE_WITH_UNIT (LENGTH_MEASURE( 1.000000000000000082E-05 ), #4261, 'distance_accuracy_value', 'NONE');
#8101 = CARTESIAN_POINT ( 'NONE',  ( -2.074999999999997957, -1.150000000000000355, 1.299999999999998934 ) ) ;
#8102 = CARTESIAN_POINT ( 'NONE',  ( 0.9499999999999998446, 2.250000000000000444, 1.349999999999999645 ) ) ;
#8103 =( NAMED_UNIT ( * ) PLANE_ANGLE_UNIT ( ) SI_UNIT ( $, .RADIAN. ) );
#8104 =( NAMED_UNIT ( * ) PLANE_ANGLE_UNIT ( ) SI_UNIT ( $, .RADIAN. ) );
#8105 = SPHERICAL_SURFACE ( 'NONE', #3869, 0.1000000000000000056 ) ;
#8106 = MECHANICAL_DESIGN_GEOMETRIC_PRESENTATION_REPRESENTATION (  '', ( #2547 ), #3904 ) ;
#8107 = EDGE_LOOP ( 'NONE', ( #1983, #2134, #948, #689, #7643, #7480, #5764, #2247 ) ) ;
#8108 = ORIENTED_EDGE ( 'NONE', *, *, #7594, .T. ) ;
#8109 = SURFACE_STYLE_FILL_AREA ( #5228 ) ;
#8110 = PRESENTATION_STYLE_ASSIGNMENT (( #3423 ) ) ;
#8111 = CARTESIAN_POINT ( 'NONE',  ( 1.899999999999999689, -0.7750000000000003553, 0.5999999999999999778 ) ) ;
#8112 = EDGE_CURVE ( 'NONE', #5766, #5777, #7738, .T. ) ;
#8113 = PLANE ( 'NONE',  #8300 ) ;
#8114 = VECTOR ( 'NONE', #2965, 1000.000000000000000 ) ;
#8115 = DIRECTION ( 'NONE',  ( 1.000000000000000000, 0.000000000000000000, 0.000000000000000000 ) ) ;
#8116 = CARTESIAN_POINT ( 'NONE',  ( 1.000000000000000000, 0.9500000000000000666, 1.299999999999999156 ) ) ;
#8117 = LINE ( 'NONE', #2714, #1998 ) ;
#8118 = LINE ( 'NONE', #7430, #8016 ) ;
#8119 = VECTOR ( 'NONE', #6360, 1000.000000000000000 ) ;
#8120 = AXIS2_PLACEMENT_3D ( 'NONE', #1949, #2037, #3966 ) ;
#8121 = CARTESIAN_POINT ( 'NONE',  ( 2.074999999999998845, -1.149999999999999911, 1.199999999999995515 ) ) ;
#8122 = AXIS2_PLACEMENT_3D ( 'NONE', #5719, #2414, #456 ) ;
#8123 =( NAMED_UNIT ( * ) PLANE_ANGLE_UNIT ( ) SI_UNIT ( $, .RADIAN. ) );
#8124 = SURFACE_SIDE_STYLE ('',( #6031 ) ) ;
#8125 = FACE_OUTER_BOUND ( 'NONE', #8227, .T. ) ;
#8126 = AXIS2_PLACEMENT_3D ( 'NONE', #8602, #635, #8 ) ;
#8127 = ORIENTED_EDGE ( 'NONE', *, *, #2535, .F. ) ;
#8128 = CARTESIAN_POINT ( 'NONE',  ( -1.149999999999999689, 0.2499999999999998335, 0.000000000000000000 ) ) ;
#8129 = FACE_OUTER_BOUND ( 'NONE', #7159, .T. ) ;
#8130 =( GEOMETRIC_REPRESENTATION_CONTEXT ( 3 ) GLOBAL_UNCERTAINTY_ASSIGNED_CONTEXT ( ( #2538 ) ) GLOBAL_UNIT_ASSIGNED_CONTEXT ( ( #564, #8390, #1732 ) ) REPRESENTATION_CONTEXT ( 'NONE', 'WORKASPACE' ) );
#8131 =( NAMED_UNIT ( * ) SI_UNIT ( $, .STERADIAN. ) SOLID_ANGLE_UNIT ( ) );
#8132 = VECTOR ( 'NONE', #4382, 1000.000000000000000 ) ;
#8133 = CARTESIAN_POINT ( 'NONE',  ( 0.8499999999999999778, 0.2499999999999997780, 0.000000000000000000 ) ) ;
#8134 = DIRECTION ( 'NONE',  ( 0.000000000000000000, -0.000000000000000000, 1.000000000000000000 ) ) ;
#8135 = DIRECTION ( 'NONE',  ( 1.070816960479510993E-16, -1.000000000000000000, -0.000000000000000000 ) ) ;
#8136 = EDGE_LOOP ( 'NONE', ( #5151, #5576, #3712, #2766 ) ) ;
#8137 = LINE ( 'NONE', #5341, #6987 ) ;
#8138 = STYLED_ITEM ( 'NONE', ( #7965 ), #1620 ) ;
#8139 = STYLED_ITEM ( 'NONE', ( #3902 ), #7269 ) ;
#8140 = EDGE_CURVE ( 'NONE', #5976, #1715, #4996, .T. ) ;
#8141 = SURFACE_SIDE_STYLE ('',( #6171 ) ) ;
#8142 =( LENGTH_UNIT ( ) NAMED_UNIT ( * ) SI_UNIT ( .MILLI., .METRE. ) );
#8143 = SURFACE_STYLE_USAGE ( .BOTH. , #7340 ) ;
#8144 = FACE_OUTER_BOUND ( 'NONE', #4787, .T. ) ;
#8145 = PRESENTATION_LAYER_ASSIGNMENT (  '', '', ( #8417 ) ) ;
#8146 = SURFACE_SIDE_STYLE ('',( #5344 ) ) ;
#8147 = ORIENTED_EDGE ( 'NONE', *, *, #8149, .F. ) ;
#8148 = EDGE_CURVE ( 'NONE', #4203, #2973, #8032, .T. ) ;
#8149 = EDGE_CURVE ( 'NONE', #2004, #2580, #4524, .T. ) ;
#8150 = VERTEX_POINT ( 'NONE', #3679 ) ;
#8151 = ADVANCED_FACE ( 'NONE', ( #8228 ), #4716, .T. ) ;
#8152 = EDGE_CURVE ( 'NONE', #5017, #1120, #3627, .T. ) ;
#8153 = SURFACE_SIDE_STYLE ('',( #5602 ) ) ;
#8154 = MECHANICAL_DESIGN_GEOMETRIC_PRESENTATION_REPRESENTATION (  '', ( #3269 ), #2590 ) ;
#8155 = FILL_AREA_STYLE_COLOUR ( '', #4785 ) ;
#8156 =( GEOMETRIC_REPRESENTATION_CONTEXT ( 3 ) GLOBAL_UNCERTAINTY_ASSIGNED_CONTEXT ( ( #6138 ) ) GLOBAL_UNIT_ASSIGNED_CONTEXT ( ( #3871, #5851, #6511 ) ) REPRESENTATION_CONTEXT ( 'NONE', 'WORKASPACE' ) );
#8157 =( LENGTH_UNIT ( ) NAMED_UNIT ( * ) SI_UNIT ( .MILLI., .METRE. ) );
#8158 = EDGE_LOOP ( 'NONE', ( #237, #657, #3301, #4450 ) ) ;
#8159 = LINE ( 'NONE', #8030, #5116 ) ;
#8160 = FILL_AREA_STYLE ('',( #4103 ) ) ;
#8161 = VECTOR ( 'NONE', #2586, 1000.000000000000000 ) ;
#8162 = DIRECTION ( 'NONE',  ( 0.000000000000000000, 0.000000000000000000, 1.000000000000000000 ) ) ;
#8163 = DIRECTION ( 'NONE',  ( 1.000000000000000000, 0.000000000000000000, 0.000000000000000000 ) ) ;
#8164 = EDGE_CURVE ( 'NONE', #5816, #5777, #6716, .T. ) ;
#8165 =( GEOMETRIC_REPRESENTATION_CONTEXT ( 3 ) GLOBAL_UNCERTAINTY_ASSIGNED_CONTEXT ( ( #8465 ) ) GLOBAL_UNIT_ASSIGNED_CONTEXT ( ( #8587, #1955, #5043 ) ) REPRESENTATION_CONTEXT ( 'NONE', 'WORKASPACE' ) );
#8166 = CARTESIAN_POINT ( 'NONE',  ( 1.899999999999999689, -0.6250000000000004441, 0.2000000000000000111 ) ) ;
#8167 = FACE_OUTER_BOUND ( 'NONE', #8176, .T. ) ;
#8168 = DIRECTION ( 'NONE',  ( 0.000000000000000000, 0.000000000000000000, -1.000000000000000000 ) ) ;
#8169 = FILL_AREA_STYLE_COLOUR ( '', #4109 ) ;
#8171 = EDGE_LOOP ( 'NONE', ( #1419, #3138, #2106, #3856 ) ) ;
#8170 = AXIS2_PLACEMENT_3D ( 'NONE', #5118, #2607, #3707 ) ;
#8172 = ADVANCED_FACE ( 'NONE', ( #809 ), #968, .F. ) ;
#8173 = ORIENTED_EDGE ( 'NONE', *, *, #2500, .F. ) ;
#8174 = PRESENTATION_STYLE_ASSIGNMENT (( #3961 ) ) ;
#8175 = AXIS2_PLACEMENT_3D ( 'NONE', #4789, #2990, #5603 ) ;
#8176 = EDGE_LOOP ( 'NONE', ( #4964, #7455, #5925, #1378 ) ) ;
#8177 = CARTESIAN_POINT ( 'NONE',  ( 2.274999999999999911, 0.9000000000000002442, 1.800000000000000044 ) ) ;
#8178 = VECTOR ( 'NONE', #2029, 1000.000000000000000 ) ;
#8179 = ORIENTED_EDGE ( 'NONE', *, *, #7268, .T. ) ;
#8180 = DIRECTION ( 'NONE',  ( 0.000000000000000000, 0.000000000000000000, 1.000000000000000000 ) ) ;
#8181 = DIRECTION ( 'NONE',  ( -0.000000000000000000, -0.000000000000000000, -1.000000000000000000 ) ) ;
#8182 = SURFACE_STYLE_USAGE ( .BOTH. , #341 ) ;
#8183 = DIRECTION ( 'NONE',  ( -0.000000000000000000, -0.000000000000000000, -1.000000000000000000 ) ) ;
#8184 = ORIENTED_EDGE ( 'NONE', *, *, #6199, .T. ) ;
#8185 = PLANE ( 'NONE',  #5544 ) ;
#8186 = EDGE_CURVE ( 'NONE', #4797, #5962, #7836, .T. ) ;
#8187 = FILL_AREA_STYLE ('',( #1607 ) ) ;
#8188 = LINE ( 'NONE', #2696, #721 ) ;
#8189 = EDGE_LOOP ( 'NONE', ( #4925, #7852, #3573, #6132 ) ) ;
#8190 = VERTEX_POINT ( 'NONE', #3163 ) ;
#8191 = DIRECTION ( 'NONE',  ( 9.531447670202286736E-17, -1.000000000000000000, -0.000000000000000000 ) ) ;
#8192 = FACE_OUTER_BOUND ( 'NONE', #3284, .T. ) ;
#8193 = UNCERTAINTY_MEASURE_WITH_UNIT (LENGTH_MEASURE( 1.000000000000000082E-05 ), #3352, 'distance_accuracy_value', 'NONE');
#8194 = ADVANCED_FACE ( 'NONE', ( #8448 ), #5787, .F. ) ;
#8195 = FILL_AREA_STYLE_COLOUR ( '', #1804 ) ;
#8196 = LINE ( 'NONE', #6712, #584 ) ;
#8197 = CARTESIAN_POINT ( 'NONE',  ( -0.9500000000000005107, 2.349999999999999645, 0.4499999999999997335 ) ) ;
#8198 = PRESENTATION_STYLE_ASSIGNMENT (( #936 ) ) ;
#8199 = EDGE_LOOP ( 'NONE', ( #6646, #3575, #8082, #4915 ) ) ;
#8200 = EDGE_CURVE ( 'NONE', #3758, #7009, #1917, .T. ) ;
#8201 = AXIS2_PLACEMENT_3D ( 'NONE', #729, #6016, #8076 ) ;
#8202 = CARTESIAN_POINT ( 'NONE',  ( -1.474999999999999423, 1.249999999999999778, 0.5999999999999994227 ) ) ;
#8203 = AXIS2_PLACEMENT_3D ( 'NONE', #7461, #6711, #6839 ) ;
#8204 = LINE ( 'NONE', #6604, #5150 ) ;
#8205 = PRESENTATION_LAYER_ASSIGNMENT (  '', '', ( #1810 ) ) ;
#8206 = CARTESIAN_POINT ( 'NONE',  ( -2.074999999999997957, -1.150000000000000355, 1.299999999999998934 ) ) ;
#8207 = AXIS2_PLACEMENT_3D ( 'NONE', #6357, #484, #3592 ) ;
#8208 = ORIENTED_EDGE ( 'NONE', *, *, #3528, .F. ) ;
#8209 = DIRECTION ( 'NONE',  ( 1.070816960479510993E-16, -1.000000000000000000, -0.000000000000000000 ) ) ;
#8210 = DIRECTION ( 'NONE',  ( -0.000000000000000000, 0.000000000000000000, 1.000000000000000000 ) ) ;
#8211 = VECTOR ( 'NONE', #6771, 1000.000000000000000 ) ;
#8212 = LINE ( 'NONE', #3653, #8284 ) ;
#8213 = ORIENTED_EDGE ( 'NONE', *, *, #3152, .F. ) ;
#8214 = CARTESIAN_POINT ( 'NONE',  ( 0.6500000000000001332, 0.2499999999999997780, -0.3000000000000000444 ) ) ;
#8215 = PLANE ( 'NONE',  #4486 ) ;
#8216 = ORIENTED_EDGE ( 'NONE', *, *, #2663, .T. ) ;
#8217 = SURFACE_SIDE_STYLE ('',( #7441 ) ) ;
#8218 = CARTESIAN_POINT ( 'NONE',  ( 2.275000000000000355, 0.3800000000000001155, 1.800000000000000044 ) ) ;
#8219 = PRESENTATION_STYLE_ASSIGNMENT (( #7584 ) ) ;
#8220 = STYLED_ITEM ( 'NONE', ( #2687 ), #4748 ) ;
#8221 = LINE ( 'NONE', #1595, #2099 ) ;
#8222 = LINE ( 'NONE', #7487, #1723 ) ;
#8223 = ORIENTED_EDGE ( 'NONE', *, *, #5014, .F. ) ;
#8224 = PLANE ( 'NONE',  #8042 ) ;
#8225 = DIRECTION ( 'NONE',  ( 1.070816960479510870E-16, -1.000000000000000000, -0.000000000000000000 ) ) ;
#8226 = FILL_AREA_STYLE ('',( #5498 ) ) ;
#8227 = EDGE_LOOP ( 'NONE', ( #4418, #2450, #4703, #1268, #3618, #2556, #7577, #3013 ) ) ;
#8228 = FACE_OUTER_BOUND ( 'NONE', #3852, .T. ) ;
#8229 = SURFACE_STYLE_USAGE ( .BOTH. , #8153 ) ;
#8230 = SURFACE_STYLE_FILL_AREA ( #5551 ) ;
#8231 = SURFACE_STYLE_FILL_AREA ( #1791 ) ;
#8232 = CARTESIAN_POINT ( 'NONE',  ( 1.574999999999999512, 1.350000000000000089, 1.199999999999999512 ) ) ;
#8233 = ORIENTED_EDGE ( 'NONE', *, *, #2863, .F. ) ;
#8234 = ORIENTED_EDGE ( 'NONE', *, *, #5965, .T. ) ;
#8235 = CARTESIAN_POINT ( 'NONE',  ( 1.899999999999999689, -1.325000000000000178, 0.1499999999999895861 ) ) ;
#8236 = LINE ( 'NONE', #7469, #4468 ) ;
#8237 = FACE_OUTER_BOUND ( 'NONE', #8515, .T. ) ;
#8238 = EDGE_CURVE ( 'NONE', #128, #576, #618, .T. ) ;
#8239 = LINE ( 'NONE', #8414, #5283 ) ;
#8240 =( GEOMETRIC_REPRESENTATION_CONTEXT ( 3 ) GLOBAL_UNCERTAINTY_ASSIGNED_CONTEXT ( ( #7849 ) ) GLOBAL_UNIT_ASSIGNED_CONTEXT ( ( #7914, #4577, #3317 ) ) REPRESENTATION_CONTEXT ( 'NONE', 'WORKASPACE' ) );
#8241 = CARTESIAN_POINT ( 'NONE',  ( -2.274999999999992362, 1.149999999999999689, 1.749999999999975575 ) ) ;
#8242 = CARTESIAN_POINT ( 'NONE',  ( 1.874999999999998224, 0.9500000000000001776, 0.5999999999999999778 ) ) ;
#8243 = ORIENTED_EDGE ( 'NONE', *, *, #912, .T. ) ;
#8244 = ORIENTED_EDGE ( 'NONE', *, *, #8140, .T. ) ;
#8245 = CARTESIAN_POINT ( 'NONE',  ( -2.174999999999998490, 0.9499999999999997335, 1.399999999999998801 ) ) ;
#8246 = EDGE_CURVE ( 'NONE', #5128, #1317, #1176, .T. ) ;
#8247 = CARTESIAN_POINT ( 'NONE',  ( 1.374999999999997558, -1.150000000000000355, 1.299999999999998934 ) ) ;
#8248 = ADVANCED_FACE ( 'NONE', ( #6485 ), #5746, .F. ) ;
#8249 = EDGE_CURVE ( 'NONE', #179, #415, #5418, .T. ) ;
#8250 =( GEOMETRIC_REPRESENTATION_CONTEXT ( 3 ) GLOBAL_UNCERTAINTY_ASSIGNED_CONTEXT ( ( #171 ) ) GLOBAL_UNIT_ASSIGNED_CONTEXT ( ( #2416, #4472, #5721 ) ) REPRESENTATION_CONTEXT ( 'NONE', 'WORKASPACE' ) );
#8251 = DIRECTION ( 'NONE',  ( -9.531447670202287969E-17, 1.000000000000000000, -0.000000000000000000 ) ) ;
#8252 = VERTEX_POINT ( 'NONE', #5952 ) ;
#8253 = ORIENTED_EDGE ( 'NONE', *, *, #1344, .F. ) ;
#8254 = DIRECTION ( 'NONE',  ( -1.000000000000000000, 0.000000000000000000, 0.000000000000000000 ) ) ;
#8255 = AXIS2_PLACEMENT_3D ( 'NONE', #8036, #6589, #811 ) ;
#8256 = ORIENTED_EDGE ( 'NONE', *, *, #5475, .F. ) ;
#8257 = PLANE ( 'NONE',  #6389 ) ;
#8258 = SURFACE_SIDE_STYLE ('',( #4983 ) ) ;
#8259 = CARTESIAN_POINT ( 'NONE',  ( 0.6989513836793942447, -0.9578422717728222180, 0.4955507190332495981 ) ) ;
#8260 = COLOUR_RGB ( '',0.8509803921568627194, 0.8509803921568627194, 0.8509803921568627194 ) ;
#8261 = CARTESIAN_POINT ( 'NONE',  ( -2.024999999999999467, 0.9499999999999997335, 1.800000000000000044 ) ) ;
#8262 = STYLED_ITEM ( 'NONE', ( #4376 ), #3234 ) ;
#8263 = DIRECTION ( 'NONE',  ( -0.000000000000000000, -0.000000000000000000, -1.000000000000000000 ) ) ;
#8264 = ORIENTED_EDGE ( 'NONE', *, *, #7698, .F. ) ;
#8265 = DIRECTION ( 'NONE',  ( -0.000000000000000000, -0.000000000000000000, -1.000000000000000000 ) ) ;
#8266 = ADVANCED_FACE ( 'NONE', ( #3329 ), #8627, .F. ) ;
#8267 = PRESENTATION_LAYER_ASSIGNMENT (  '', '', ( #1588 ) ) ;
#8268 = PRESENTATION_LAYER_ASSIGNMENT (  '', '', ( #1458 ) ) ;
#8269 = CARTESIAN_POINT ( 'NONE',  ( 2.274999999999999911, 0.9500000000000001776, 1.399999999999998357 ) ) ;
#8270 = DIRECTION ( 'NONE',  ( 1.000000000000000000, 0.000000000000000000, 0.000000000000000000 ) ) ;
#8271 = ORIENTED_EDGE ( 'NONE', *, *, #4955, .F. ) ;
#8272 = VECTOR ( 'NONE', #180, 1000.000000000000000 ) ;
#8273 = MECHANICAL_DESIGN_GEOMETRIC_PRESENTATION_REPRESENTATION (  '', ( #202 ), #216 ) ;
#8274 = EDGE_CURVE ( 'NONE', #6738, #4431, #6041, .T. ) ;
#8275 =( NAMED_UNIT ( * ) SI_UNIT ( $, .STERADIAN. ) SOLID_ANGLE_UNIT ( ) );
#8276 = SURFACE_SIDE_STYLE ('',( #3462 ) ) ;
#8277 = AXIS2_PLACEMENT_3D ( 'NONE', #1589, #158, #7406 ) ;
#8278 = PRESENTATION_STYLE_ASSIGNMENT (( #2943 ) ) ;
#8279 = VECTOR ( 'NONE', #3752, 1000.000000000000000 ) ;
#8280 = COLOUR_RGB ( '',0.8509803921568627194, 0.8509803921568627194, 0.8509803921568627194 ) ;
#8281 = LINE ( 'NONE', #4922, #2796 ) ;
#8282 = AXIS2_PLACEMENT_3D ( 'NONE', #4677, #3425, #2552 ) ;
#8283 = ORIENTED_EDGE ( 'NONE', *, *, #1696, .F. ) ;
#8285 = CARTESIAN_POINT ( 'NONE',  ( -1.874999999999998002, -0.6250000000000003331, 0.5999999999999998668 ) ) ;
#8284 = VECTOR ( 'NONE', #4846, 1000.000000000000000 ) ;
#8286 = PRESENTATION_LAYER_ASSIGNMENT (  '', '', ( #5450 ) ) ;
#8287 = DIRECTION ( 'NONE',  ( 0.000000000000000000, 0.000000000000000000, -1.000000000000000000 ) ) ;
#8288 = COLOUR_RGB ( '',0.8431372549019607865, 0.8156862745098039102, 0.7529411764705882248 ) ;
#8289 = EDGE_CURVE ( 'NONE', #93, #6924, #5293, .T. ) ;
#8290 = DIRECTION ( 'NONE',  ( -1.000000000000000000, 0.000000000000000000, 0.000000000000000000 ) ) ;
#8291 =( LENGTH_UNIT ( ) NAMED_UNIT ( * ) SI_UNIT ( .MILLI., .METRE. ) );
#8292 = EDGE_CURVE ( 'NONE', #2415, #5828, #8010, .T. ) ;
#8293 = EDGE_LOOP ( 'NONE', ( #5704, #1567, #5483, #5745 ) ) ;
#8294 = EDGE_LOOP ( 'NONE', ( #7626, #1826, #8539, #8529, #7637, #2237 ) ) ;
#8295 = SURFACE_SIDE_STYLE ('',( #5572 ) ) ;
#8296 = SURFACE_SIDE_STYLE ('',( #327 ) ) ;
#8297 = ORIENTED_EDGE ( 'NONE', *, *, #347, .T. ) ;
#8298 = VECTOR ( 'NONE', #5501, 1000.000000000000000 ) ;
#8299 = PLANE ( 'NONE',  #5181 ) ;
#8300 = AXIS2_PLACEMENT_3D ( 'NONE', #805, #2793, #6668 ) ;
#8301 = VERTEX_POINT ( 'NONE', #871 ) ;
#8302 = LINE ( 'NONE', #6419, #2754 ) ;
#8303 = DIRECTION ( 'NONE',  ( 0.000000000000000000, 1.000000000000000000, 0.000000000000000000 ) ) ;
#8304 = ADVANCED_FACE ( 'NONE', ( #2812 ), #3410, .F. ) ;
#8305 = ADVANCED_FACE ( 'NONE', ( #167 ), #2165, .F. ) ;
#8306 = ORIENTED_EDGE ( 'NONE', *, *, #5695, .F. ) ;
#8307 = SURFACE_STYLE_USAGE ( .BOTH. , #8217 ) ;
#8308 = ADVANCED_FACE ( 'NONE', ( #6208 ), #6950, .T. ) ;
#8309 = DIRECTION ( 'NONE',  ( 9.531447670202287969E-17, -1.000000000000000000, 0.000000000000000000 ) ) ;
#8310 = PLANE ( 'NONE',  #8620 ) ;
#8311 = AXIS2_PLACEMENT_3D ( 'NONE', #5694, #6963, #3031 ) ;
#8312 = PRESENTATION_LAYER_ASSIGNMENT (  '', '', ( #7169 ) ) ;
#8313 =( NAMED_UNIT ( * ) PLANE_ANGLE_UNIT ( ) SI_UNIT ( $, .RADIAN. ) );
#8314 = DIRECTION ( 'NONE',  ( 1.000000000000000000, -0.000000000000000000, -0.000000000000000000 ) ) ;
#8315 = EDGE_CURVE ( 'NONE', #344, #1141, #807, .T. ) ;
#8316 = ORIENTED_EDGE ( 'NONE', *, *, #6662, .T. ) ;
#8317 = FILL_AREA_STYLE_COLOUR ( '', #2264 ) ;
#8318 = SURFACE_STYLE_FILL_AREA ( #8187 ) ;
#8319 = ORIENTED_EDGE ( 'NONE', *, *, #2903, .F. ) ;
#8320 = STYLED_ITEM ( 'NONE', ( #5372 ), #813 ) ;
#8321 = PLANE ( 'NONE',  #3658 ) ;
#8322 = PRESENTATION_STYLE_ASSIGNMENT (( #6916 ) ) ;
#8323 =( NAMED_UNIT ( * ) PLANE_ANGLE_UNIT ( ) SI_UNIT ( $, .RADIAN. ) );
#8324 = DIRECTION ( 'NONE',  ( 0.000000000000000000, 0.000000000000000000, -1.000000000000000000 ) ) ;
#8325 = ORIENTED_EDGE ( 'NONE', *, *, #5306, .T. ) ;
#8327 = VECTOR ( 'NONE', #1526, 1000.000000000000000 ) ;
#8326 = COLOUR_RGB ( '',0.8431372549019607865, 0.8156862745098039102, 0.7529411764705882248 ) ;
#8328 = ADVANCED_FACE ( 'NONE', ( #7589 ), #2205, .T. ) ;
#8329 = ORIENTED_EDGE ( 'NONE', *, *, #4844, .F. ) ;
#8330 = ORIENTED_EDGE ( 'NONE', *, *, #4383, .F. ) ;
#8331 = DIRECTION ( 'NONE',  ( -1.000000000000000000, 0.000000000000000000, 0.000000000000000000 ) ) ;
#8333 = UNCERTAINTY_MEASURE_WITH_UNIT (LENGTH_MEASURE( 1.000000000000000082E-05 ), #4202, 'distance_accuracy_value', 'NONE');
#8332 = DIRECTION ( 'NONE',  ( -0.000000000000000000, 0.000000000000000000, 1.000000000000000000 ) ) ;
#8334 = CARTESIAN_POINT ( 'NONE',  ( 0.8000000000000038192, 0.9500000000000000666, 1.800000000000000044 ) ) ;
#8335 =( LENGTH_UNIT ( ) NAMED_UNIT ( * ) SI_UNIT ( .MILLI., .METRE. ) );
#8336 = VECTOR ( 'NONE', #2081, 1000.000000000000000 ) ;
#8337 = ORIENTED_EDGE ( 'NONE', *, *, #1688, .T. ) ;
#8338 = VERTEX_POINT ( 'NONE', #5206 ) ;
#8339 =( LENGTH_UNIT ( ) NAMED_UNIT ( * ) SI_UNIT ( .MILLI., .METRE. ) );
#8340 = FACE_OUTER_BOUND ( 'NONE', #5136, .T. ) ;
#8341 = VERTEX_POINT ( 'NONE', #7920 ) ;
#8342 = EDGE_LOOP ( 'NONE', ( #3694, #4096, #8381, #8253 ) ) ;
#8343 = PRESENTATION_LAYER_ASSIGNMENT (  '', '', ( #1115 ) ) ;
#8344 = DIRECTION ( 'NONE',  ( -1.000000000000000000, 0.000000000000000000, 0.000000000000000000 ) ) ;
#8345 = LINE ( 'NONE', #1719, #7725 ) ;
#8346 = ORIENTED_EDGE ( 'NONE', *, *, #6037, .F. ) ;
#8347 = CARTESIAN_POINT ( 'NONE',  ( -2.274999999999987477, -1.150000000000000355, 1.799999999999999822 ) ) ;
#8348 = VERTEX_POINT ( 'NONE', #7048 ) ;
#8349 = CARTESIAN_POINT ( 'NONE',  ( 1.000000000000000000, 1.149999999999999911, 1.299999999999999156 ) ) ;
#8350 =( NAMED_UNIT ( * ) SI_UNIT ( $, .STERADIAN. ) SOLID_ANGLE_UNIT ( ) );
#8351 = DIRECTION ( 'NONE',  ( -1.000000000000000000, -1.070816960479511117E-16, 0.000000000000000000 ) ) ;
#8352 = LINE ( 'NONE', #8269, #5143 ) ;
#8353 = CIRCLE ( 'NONE', #6638, 0.1000000000000000472 ) ;
#8354 = PLANE ( 'NONE',  #3614 ) ;
#8355 = CARTESIAN_POINT ( 'NONE',  ( 1.874999999999999556, 1.350000000000000311, 1.199999999999999512 ) ) ;
#8356 = ORIENTED_EDGE ( 'NONE', *, *, #2076, .T. ) ;
#8357 = SURFACE_STYLE_FILL_AREA ( #6309 ) ;
#8358 = CIRCLE ( 'NONE', #4584, 0.1000000000000000472 ) ;
#8359 = DIRECTION ( 'NONE',  ( -1.000000000000000000, -0.000000000000000000, -0.000000000000000000 ) ) ;
#8360 = UNCERTAINTY_MEASURE_WITH_UNIT (LENGTH_MEASURE( 1.000000000000000082E-05 ), #6498, 'distance_accuracy_value', 'NONE');
#8361 = FILL_AREA_STYLE_COLOUR ( '', #5896 ) ;
#8362 = SURFACE_STYLE_FILL_AREA ( #5652 ) ;
#8363 = UNCERTAINTY_MEASURE_WITH_UNIT (LENGTH_MEASURE( 1.000000000000000082E-05 ), #6379, 'distance_accuracy_value', 'NONE');
#8364 = PRESENTATION_LAYER_ASSIGNMENT (  '', '', ( #3342 ) ) ;
#8365 = ORIENTED_EDGE ( 'NONE', *, *, #5815, .T. ) ;
#8366 = ORIENTED_EDGE ( 'NONE', *, *, #3349, .F. ) ;
#8367 = FACE_OUTER_BOUND ( 'NONE', #8588, .T. ) ;
#8368 = CARTESIAN_POINT ( 'NONE',  ( 1.450000000000003508, 0.9500000000000000666, 1.799999999999999822 ) ) ;
#8369 =( LENGTH_UNIT ( ) NAMED_UNIT ( * ) SI_UNIT ( .MILLI., .METRE. ) );
#8370 = UNCERTAINTY_MEASURE_WITH_UNIT (LENGTH_MEASURE( 1.000000000000000082E-05 ), #90, 'distance_accuracy_value', 'NONE');
#8371 = CARTESIAN_POINT ( 'NONE',  ( -2.274999999999998579, 0.9499999999999997335, 1.299999999999999156 ) ) ;
#8372 = FILL_AREA_STYLE_COLOUR ( '', #3822 ) ;
#8373 = SURFACE_SIDE_STYLE ('',( #7215 ) ) ;
#8374 = DIRECTION ( 'NONE',  ( -0.000000000000000000, -0.000000000000000000, -1.000000000000000000 ) ) ;
#8375 = ORIENTED_EDGE ( 'NONE', *, *, #6335, .T. ) ;
#8376 = ORIENTED_EDGE ( 'NONE', *, *, #3901, .T. ) ;
#8377 = CARTESIAN_POINT ( 'NONE',  ( 1.474999999999999201, 0.9500000000000000666, 1.199999999999999512 ) ) ;
#8378 = SURFACE_SIDE_STYLE ('',( #2508 ) ) ;
#8379 = ORIENTED_EDGE ( 'NONE', *, *, #7605, .F. ) ;
#8380 = ORIENTED_EDGE ( 'NONE', *, *, #2621, .T. ) ;
#8381 = ORIENTED_EDGE ( 'NONE', *, *, #932, .T. ) ;
#8382 = CARTESIAN_POINT ( 'NONE',  ( -0.7058717852661396952, -0.9578422717728223290, 0.4955507190332495981 ) ) ;
#8383 = COLOUR_RGB ( '',0.8509803921568627194, 0.8509803921568627194, 0.8509803921568627194 ) ;
#8384 = DIRECTION ( 'NONE',  ( 0.000000000000000000, 0.000000000000000000, 1.000000000000000000 ) ) ;
#8385 = ORIENTED_EDGE ( 'NONE', *, *, #5268, .F. ) ;
#8386 = DIRECTION ( 'NONE',  ( 0.000000000000000000, 1.000000000000000000, 0.000000000000000000 ) ) ;
#8387 = PLANE ( 'NONE',  #7712 ) ;
#8388 = AXIS2_PLACEMENT_3D ( 'NONE', #3479, #8210, #2234 ) ;
#8389 = DIRECTION ( 'NONE',  ( -3.614007241618347785E-16, -3.444672090321739649E-32, 1.000000000000000000 ) ) ;
#8390 =( NAMED_UNIT ( * ) PLANE_ANGLE_UNIT ( ) SI_UNIT ( $, .RADIAN. ) );
#8391 = CARTESIAN_POINT ( 'NONE',  ( 2.074999999999998845, -0.6250000000000004441, 1.299999999999998934 ) ) ;
#8392 =( GEOMETRIC_REPRESENTATION_CONTEXT ( 3 ) GLOBAL_UNCERTAINTY_ASSIGNED_CONTEXT ( ( #1194 ) ) GLOBAL_UNIT_ASSIGNED_CONTEXT ( ( #7508, #2223, #938 ) ) REPRESENTATION_CONTEXT ( 'NONE', 'WORKASPACE' ) );
#8393 = VECTOR ( 'NONE', #2834, 1000.000000000000000 ) ;
#8394 = FACE_OUTER_BOUND ( 'NONE', #631, .T. ) ;
#8395 =( LENGTH_UNIT ( ) NAMED_UNIT ( * ) SI_UNIT ( .MILLI., .METRE. ) );
#8396 = DIRECTION ( 'NONE',  ( -2.081668171172165989E-14, 0.000000000000000000, -1.000000000000000000 ) ) ;
#8397 = ORIENTED_EDGE ( 'NONE', *, *, #5519, .T. ) ;
#8398 = EDGE_CURVE ( 'NONE', #6738, #7674, #4581, .T. ) ;
#8399 = EDGE_CURVE ( 'NONE', #5987, #2420, #530, .T. ) ;
#8400 = STYLED_ITEM ( 'NONE', ( #493 ), #3336 ) ;
#8401 = CARTESIAN_POINT ( 'NONE',  ( 1.899999999999999689, -1.325000000000000178, -1.040834085586084257E-14 ) ) ;
#8402 = CARTESIAN_POINT ( 'NONE',  ( -1.899999999999999689, -0.8250000000000002887, -1.040834085586084257E-14 ) ) ;
#8403 = AXIS2_PLACEMENT_3D ( 'NONE', #1605, #5426, #6871 ) ;
#8404 = ADVANCED_FACE ( 'NONE', ( #1906 ), #5732, .T. ) ;
#8405 = AXIS2_PLACEMENT_3D ( 'NONE', #285, #2959, #6894 ) ;
#8406 = EDGE_CURVE ( 'NONE', #5500, #8301, #3155, .T. ) ;
#8407 = EDGE_CURVE ( 'NONE', #226, #6331, #3104, .T. ) ;
#8408 = ORIENTED_EDGE ( 'NONE', *, *, #7888, .F. ) ;
#8409 = ORIENTED_EDGE ( 'NONE', *, *, #6068, .T. ) ;
#8410 =( LENGTH_UNIT ( ) NAMED_UNIT ( * ) SI_UNIT ( .MILLI., .METRE. ) );
#8411 = AXIS2_PLACEMENT_3D ( 'NONE', #4730, #5487, #1155 ) ;
#8412 = COLOUR_RGB ( '',0.8509803921568627194, 0.8509803921568627194, 0.8509803921568627194 ) ;
#8413 = DIRECTION ( 'NONE',  ( -1.000000000000000000, 0.000000000000000000, 0.000000000000000000 ) ) ;
#8414 = CARTESIAN_POINT ( 'NONE',  ( -0.7999999999999960476, 0.8999999999999999112, 1.800000000000000044 ) ) ;
#8415 = CARTESIAN_POINT ( 'NONE',  ( 1.574999999999999289, 0.9500000000000000666, 0.4999999999999993339 ) ) ;
#8416 = MECHANICAL_DESIGN_GEOMETRIC_PRESENTATION_REPRESENTATION (  '', ( #4503 ), #1052 ) ;
#8417 = STYLED_ITEM ( 'NONE', ( #7648 ), #7503 ) ;
#8418 = AXIS2_PLACEMENT_3D ( 'NONE', #3330, #6693, #834 ) ;
#8419 = FILL_AREA_STYLE_COLOUR ( '', #1796 ) ;
#8420 = PRESENTATION_LAYER_ASSIGNMENT (  '', '', ( #1610 ) ) ;
#8421 = ORIENTED_EDGE ( 'NONE', *, *, #3331, .F. ) ;
#8422 =( NAMED_UNIT ( * ) PLANE_ANGLE_UNIT ( ) SI_UNIT ( $, .RADIAN. ) );
#8423 = DIRECTION ( 'NONE',  ( -1.000000000000000000, 0.000000000000000000, -0.000000000000000000 ) ) ;
#8424 = PRESENTATION_STYLE_ASSIGNMENT (( #7234 ) ) ;
#8425 = ORIENTED_EDGE ( 'NONE', *, *, #4855, .F. ) ;
#8426 = UNCERTAINTY_MEASURE_WITH_UNIT (LENGTH_MEASURE( 1.000000000000000082E-05 ), #5415, 'distance_accuracy_value', 'NONE');
#8427 = DIRECTION ( 'NONE',  ( 0.000000000000000000, -1.000000000000000000, 0.000000000000000000 ) ) ;
#8428 = DIRECTION ( 'NONE',  ( 1.000000000000000000, 1.070816960479510993E-16, 5.421010862427529073E-16 ) ) ;
#8429 = ORIENTED_EDGE ( 'NONE', *, *, #1835, .F. ) ;
#8430 =( NAMED_UNIT ( * ) PLANE_ANGLE_UNIT ( ) SI_UNIT ( $, .RADIAN. ) );
#8431 = CARTESIAN_POINT ( 'NONE',  ( 2.274999999999999911, 1.150000000000000133, 1.649999999999999245 ) ) ;
#8432 = ADVANCED_FACE ( 'NONE', ( #516 ), #4483, .T. ) ;
#8433 =( GEOMETRIC_REPRESENTATION_CONTEXT ( 3 ) GLOBAL_UNCERTAINTY_ASSIGNED_CONTEXT ( ( #3628 ) ) GLOBAL_UNIT_ASSIGNED_CONTEXT ( ( #5659, #6148, #5610 ) ) REPRESENTATION_CONTEXT ( 'NONE', 'WORKASPACE' ) );
#8434 = CARTESIAN_POINT ( 'NONE',  ( 1.000000000000000000, 0.9500000000000000666, 1.800000000000000044 ) ) ;
#8435 = STYLED_ITEM ( 'NONE', ( #3268 ), #2126 ) ;
#8436 = ORIENTED_EDGE ( 'NONE', *, *, #2886, .F. ) ;
#8437 = LINE ( 'NONE', #519, #4761 ) ;
#8438 = UNCERTAINTY_MEASURE_WITH_UNIT (LENGTH_MEASURE( 1.000000000000000082E-05 ), #3697, 'distance_accuracy_value', 'NONE');
#8439 = SURFACE_STYLE_USAGE ( .BOTH. , #1820 ) ;
#8440 = LINE ( 'NONE', #3840, #906 ) ;
#8441 = PLANE ( 'NONE',  #7264 ) ;
#8442 = UNCERTAINTY_MEASURE_WITH_UNIT (LENGTH_MEASURE( 1.000000000000000082E-05 ), #2118, 'distance_accuracy_value', 'NONE');
#8443 = FILL_AREA_STYLE_COLOUR ( '', #1340 ) ;
#8444 = DIRECTION ( 'NONE',  ( 0.000000000000000000, -1.000000000000000000, 0.000000000000000000 ) ) ;
#8445 = PRESENTATION_STYLE_ASSIGNMENT (( #5827 ) ) ;
#8446 = EDGE_LOOP ( 'NONE', ( #7003, #7860, #8044, #1372 ) ) ;
#8447 = FACE_OUTER_BOUND ( 'NONE', #4246, .T. ) ;
#8448 = FACE_OUTER_BOUND ( 'NONE', #5903, .T. ) ;
#8449 =( LENGTH_UNIT ( ) NAMED_UNIT ( * ) SI_UNIT ( .MILLI., .METRE. ) );
#8450 = FILL_AREA_STYLE_COLOUR ( '', #222 ) ;
#8451 = DIRECTION ( 'NONE',  ( -1.000000000000000000, 0.000000000000000000, 0.000000000000000000 ) ) ;
#8452 = EDGE_CURVE ( 'NONE', #436, #3777, #4724, .T. ) ;
#8453 =( NAMED_UNIT ( * ) SI_UNIT ( $, .STERADIAN. ) SOLID_ANGLE_UNIT ( ) );
#8454 = UNCERTAINTY_MEASURE_WITH_UNIT (LENGTH_MEASURE( 1.000000000000000082E-05 ), #335, 'distance_accuracy_value', 'NONE');
#8455 = CARTESIAN_POINT ( 'NONE',  ( 0.6989513836793942447, -1.150000000000000355, 1.800000000000000044 ) ) ;
#8456 = MECHANICAL_DESIGN_GEOMETRIC_PRESENTATION_REPRESENTATION (  '', ( #1922 ), #5066 ) ;
#8457 = EDGE_LOOP ( 'NONE', ( #8329, #3523, #1809, #3353 ) ) ;
#8458 = DIRECTION ( 'NONE',  ( 0.000000000000000000, 1.000000000000000000, -0.000000000000000000 ) ) ;
#8459 = CARTESIAN_POINT ( 'NONE',  ( -0.8500000000000004219, 0.9499999999999998446, 1.349999999999999645 ) ) ;
#8460 = PRESENTATION_LAYER_ASSIGNMENT (  '', '', ( #119 ) ) ;
#8461 = CIRCLE ( 'NONE', #5347, 0.1000000000000000472 ) ;
#8462 = UNCERTAINTY_MEASURE_WITH_UNIT (LENGTH_MEASURE( 1.000000000000000082E-05 ), #4177, 'distance_accuracy_value', 'NONE');
#8463 = DIRECTION ( 'NONE',  ( 1.000000000000000000, 9.531447670202286736E-17, -3.614007241618347785E-16 ) ) ;
#8464 = DIRECTION ( 'NONE',  ( -2.096124200138642642E-14, 6.828347369432958034E-33, -1.000000000000000000 ) ) ;
#8465 = UNCERTAINTY_MEASURE_WITH_UNIT (LENGTH_MEASURE( 1.000000000000000082E-05 ), #8587, 'distance_accuracy_value', 'NONE');
#8466 = EDGE_CURVE ( 'NONE', #1631, #2240, #6729, .T. ) ;
#8467 = SURFACE_STYLE_FILL_AREA ( #5804 ) ;
#8468 = VERTEX_POINT ( 'NONE', #6598 ) ;
#8469 = CARTESIAN_POINT ( 'NONE',  ( -1.774999999999998357, 0.9499999999999997335, 0.5999999999999983125 ) ) ;
#8470 = AXIS2_PLACEMENT_3D ( 'NONE', #7514, #4245, #6988 ) ;
#8471 = CARTESIAN_POINT ( 'NONE',  ( 2.274999999999999023, -1.149999999999999911, 1.299999999999999156 ) ) ;
#8472 = ORIENTED_EDGE ( 'NONE', *, *, #4499, .T. ) ;
#8473 = DIRECTION ( 'NONE',  ( 0.000000000000000000, 0.000000000000000000, -1.000000000000000000 ) ) ;
#8474 = DIRECTION ( 'NONE',  ( -1.070816960479510870E-16, 1.000000000000000000, -0.000000000000000000 ) ) ;
#8475 = VERTEX_POINT ( 'NONE', #121 ) ;
#8476 = LINE ( 'NONE', #2558, #3321 ) ;
#8477 = LINE ( 'NONE', #1772, #541 ) ;
#8478 = CARTESIAN_POINT ( 'NONE',  ( -1.474999999999998535, 1.149999999999999689, 0.5999999999999985345 ) ) ;
#8479 = FILL_AREA_STYLE ('',( #1946 ) ) ;
#8480 = ORIENTED_EDGE ( 'NONE', *, *, #164, .T. ) ;
#8481 = SURFACE_STYLE_USAGE ( .BOTH. , #3922 ) ;
#8482 = VECTOR ( 'NONE', #3059, 1000.000000000000000 ) ;
#8483 =( GEOMETRIC_REPRESENTATION_CONTEXT ( 3 ) GLOBAL_UNCERTAINTY_ASSIGNED_CONTEXT ( ( #4921 ) ) GLOBAL_UNIT_ASSIGNED_CONTEXT ( ( #5352, #2217, #2140 ) ) REPRESENTATION_CONTEXT ( 'NONE', 'WORKASPACE' ) );
#8484 = CARTESIAN_POINT ( 'NONE',  ( -1.899999999999999689, -0.8250000000000002887, 0.2000000000000000111 ) ) ;
#8485 = EDGE_CURVE ( 'NONE', #2593, #7482, #3403, .T. ) ;
#8486 = LINE ( 'NONE', #1217, #1038 ) ;
#8487 = FILL_AREA_STYLE_COLOUR ( '', #5986 ) ;
#8488 = DIRECTION ( 'NONE',  ( -0.000000000000000000, -0.000000000000000000, -1.000000000000000000 ) ) ;
#8489 = SURFACE_SIDE_STYLE ('',( #5039 ) ) ;
#8490 = SURFACE_SIDE_STYLE ('',( #7790 ) ) ;
#8491 = ORIENTED_EDGE ( 'NONE', *, *, #6451, .F. ) ;
#8492 = LINE ( 'NONE', #7104, #1391 ) ;
#8493 = PRESENTATION_STYLE_ASSIGNMENT (( #4545 ) ) ;
#8494 = VERTEX_POINT ( 'NONE', #777 ) ;
#8495 = SURFACE_SIDE_STYLE ('',( #3806 ) ) ;
#8496 = SURFACE_SIDE_STYLE ('',( #1875 ) ) ;
#8497 = DIRECTION ( 'NONE',  ( 1.000000000000000000, 0.000000000000000000, 0.000000000000000000 ) ) ;
#8498 = CYLINDRICAL_SURFACE ( 'NONE', #7872, 0.09999999999999999167 ) ;
#8499 = VERTEX_POINT ( 'NONE', #6560 ) ;
#8500 = PRESENTATION_LAYER_ASSIGNMENT (  '', '', ( #3878 ) ) ;
#8501 = ORIENTED_EDGE ( 'NONE', *, *, #1004, .T. ) ;
#8502 = ORIENTED_EDGE ( 'NONE', *, *, #1089, .F. ) ;
#8503 = DIRECTION ( 'NONE',  ( 0.000000000000000000, 0.000000000000000000, -1.000000000000000000 ) ) ;
#8504 = UNCERTAINTY_MEASURE_WITH_UNIT (LENGTH_MEASURE( 1.000000000000000082E-05 ), #5253, 'distance_accuracy_value', 'NONE');
#8505 = PRESENTATION_LAYER_ASSIGNMENT (  '', '', ( #7959 ) ) ;
#8506 =( NAMED_UNIT ( * ) PLANE_ANGLE_UNIT ( ) SI_UNIT ( $, .RADIAN. ) );
#8507 = VERTEX_POINT ( 'NONE', #153 ) ;
#8508 = AXIS2_PLACEMENT_3D ( 'NONE', #715, #3333, #6656 ) ;
#8509 = FILL_AREA_STYLE ('',( #3274 ) ) ;
#8510 = EDGE_CURVE ( 'NONE', #6116, #1628, #7022, .T. ) ;
#8511 = PRESENTATION_STYLE_ASSIGNMENT (( #3093 ) ) ;
#8512 = ORIENTED_EDGE ( 'NONE', *, *, #318, .T. ) ;
#8513 = CARTESIAN_POINT ( 'NONE',  ( -2.274999999999987921, 0.9499999999999997335, 1.799999999999999822 ) ) ;
#8514 = SURFACE_SIDE_STYLE ('',( #3279 ) ) ;
#8515 = EDGE_LOOP ( 'NONE', ( #1185, #6052, #5214, #60 ) ) ;
#8516 = MECHANICAL_DESIGN_GEOMETRIC_PRESENTATION_REPRESENTATION (  '', ( #602 ), #7507 ) ;
#8517 = EDGE_CURVE ( 'NONE', #2930, #7274, #7402, .T. ) ;
#8518 = ADVANCED_FACE ( 'NONE', ( #4655 ), #694, .T. ) ;
#8519 = FILL_AREA_STYLE_COLOUR ( '', #1644 ) ;
#8520 = ADVANCED_FACE ( 'NONE', ( #8125 ), #7323, .T. ) ;
#8521 = ORIENTED_EDGE ( 'NONE', *, *, #3229, .F. ) ;
#8522 = SURFACE_STYLE_FILL_AREA ( #5904 ) ;
#8523 = UNCERTAINTY_MEASURE_WITH_UNIT (LENGTH_MEASURE( 1.000000000000000082E-05 ), #5009, 'distance_accuracy_value', 'NONE');
#8524 = CYLINDRICAL_SURFACE ( 'NONE', #8050, 0.1000000000000000472 ) ;
#8525 = CARTESIAN_POINT ( 'NONE',  ( 1.499999999999999778, -0.8250000000000002887, 0.2000000000000000111 ) ) ;
#8526 = FACE_OUTER_BOUND ( 'NONE', #8199, .T. ) ;
#8527 = SURFACE_STYLE_USAGE ( .BOTH. , #8490 ) ;
#8528 = STYLED_ITEM ( 'NONE', ( #2025 ), #2610 ) ;
#8529 = ORIENTED_EDGE ( 'NONE', *, *, #555, .T. ) ;
#8530 = CARTESIAN_POINT ( 'NONE',  ( -1.375000000000024869, 9.637352644315598941E-17, 2.895181201260512737E-14 ) ) ;
#8531 = EDGE_LOOP ( 'NONE', ( #4826, #3609, #1964, #6134 ) ) ;
#8532 = EDGE_CURVE ( 'NONE', #7699, #4653, #2841, .T. ) ;
#8533 = SURFACE_STYLE_FILL_AREA ( #671 ) ;
#8534 = DIRECTION ( 'NONE',  ( 1.000000000000000000, 0.000000000000000000, 0.000000000000000000 ) ) ;
#8535 =( NAMED_UNIT ( * ) SI_UNIT ( $, .STERADIAN. ) SOLID_ANGLE_UNIT ( ) );
#8536 = VECTOR ( 'NONE', #6231, 1000.000000000000000 ) ;
#8537 = VECTOR ( 'NONE', #4464, 1000.000000000000000 ) ;
#8538 = SURFACE_SIDE_STYLE ('',( #7258 ) ) ;
#8539 = ORIENTED_EDGE ( 'NONE', *, *, #6889, .T. ) ;
#8540 = DIRECTION ( 'NONE',  ( -1.000000000000000000, -9.531447670202290434E-17, -0.000000000000000000 ) ) ;
#8541 = EDGE_LOOP ( 'NONE', ( #2636, #7722, #5252, #8079, #2378, #264, #95, #2308 ) ) ;
#8542 = EDGE_CURVE ( 'NONE', #5021, #6594, #4250, .T. ) ;
#8543 = VECTOR ( 'NONE', #4194, 1000.000000000000000 ) ;
#8544 = VERTEX_POINT ( 'NONE', #899 ) ;
#8545 = LINE ( 'NONE', #2497, #8119 ) ;
#8546 = MECHANICAL_DESIGN_GEOMETRIC_PRESENTATION_REPRESENTATION (  '', ( #7695 ), #200 ) ;
#8547 = MECHANICAL_DESIGN_GEOMETRIC_PRESENTATION_REPRESENTATION (  '', ( #2277 ), #3516 ) ;
#8548 =( NAMED_UNIT ( * ) PLANE_ANGLE_UNIT ( ) SI_UNIT ( $, .RADIAN. ) );
#8549 = CARTESIAN_POINT ( 'NONE',  ( -1.774999999999999467, 0.9499999999999997335, 0.4999999999999994449 ) ) ;
#8550 = UNCERTAINTY_MEASURE_WITH_UNIT (LENGTH_MEASURE( 1.000000000000000082E-05 ), #3693, 'distance_accuracy_value', 'NONE');
#8551 = DIRECTION ( 'NONE',  ( 1.000000000000000000, -0.000000000000000000, 0.000000000000000000 ) ) ;
#8552 = MECHANICAL_DESIGN_GEOMETRIC_PRESENTATION_REPRESENTATION (  '', ( #4058 ), #2150 ) ;
#8553 = EDGE_LOOP ( 'NONE', ( #4709, #960, #5898, #7669, #5526, #7600, #685, #1765, #6075, #3320, #1215, #4087 ) ) ;
#8555 =( LENGTH_UNIT ( ) NAMED_UNIT ( * ) SI_UNIT ( .MILLI., .METRE. ) );
#8554 = MECHANICAL_DESIGN_GEOMETRIC_PRESENTATION_REPRESENTATION (  '', ( #8139 ), #3115 ) ;
#8556 = PRESENTATION_LAYER_ASSIGNMENT (  '', '', ( #5166 ) ) ;
#8557 = CYLINDRICAL_SURFACE ( 'NONE', #3913, 0.1000000000000000472 ) ;
#8558 = CARTESIAN_POINT ( 'NONE',  ( 1.450000000000003508, 0.3799999999999992828, 1.799999999999999822 ) ) ;
#8559 = VERTEX_POINT ( 'NONE', #8247 ) ;
#8560 = EDGE_LOOP ( 'NONE', ( #4569, #3717, #4460, #1134 ) ) ;
#8561 = ADVANCED_FACE ( 'NONE', ( #6895 ), #4200, .F. ) ;
#8562 = VECTOR ( 'NONE', #1447, 1000.000000000000000 ) ;
#8563 = DIRECTION ( 'NONE',  ( -1.000000000000000000, -9.531447670202287969E-17, 4.818676322157799347E-16 ) ) ;
#8564 = STYLED_ITEM ( 'NONE', ( #3791 ), #6652 ) ;
#8565 = VERTEX_POINT ( 'NONE', #988 ) ;
#8566 = CIRCLE ( 'NONE', #651, 0.1000000000000000472 ) ;
#8567 =( LENGTH_UNIT ( ) NAMED_UNIT ( * ) SI_UNIT ( .MILLI., .METRE. ) );
#8568 = FILL_AREA_STYLE ('',( #8519 ) ) ;
#8569 = LINE ( 'NONE', #559, #4323 ) ;
#8570 =( NAMED_UNIT ( * ) SI_UNIT ( $, .STERADIAN. ) SOLID_ANGLE_UNIT ( ) );
#8571 = ORIENTED_EDGE ( 'NONE', *, *, #8532, .F. ) ;
#8572 = FILL_AREA_STYLE_COLOUR ( '', #2985 ) ;
#8573 = VECTOR ( 'NONE', #6232, 1000.000000000000000 ) ;
#8574 = MECHANICAL_DESIGN_GEOMETRIC_PRESENTATION_REPRESENTATION (  '', ( #3271 ), #6014 ) ;
#8575 = ADVANCED_FACE ( 'NONE', ( #4843 ), #2195, .T. ) ;
#8576 = ADVANCED_FACE ( 'NONE', ( #6936 ), #4888, .T. ) ;
#8577 = CARTESIAN_POINT ( 'NONE',  ( 1.499999999999999778, -0.6250000000000003331, 1.779999999999980931 ) ) ;
#8578 = CARTESIAN_POINT ( 'NONE',  ( -1.375000000000012212, -0.6250000000000003331, 0.5999999999999894307 ) ) ;
#8579 = CARTESIAN_POINT ( 'NONE',  ( 0.9000000000000002442, 0.3799999999999990608, 0.4999999999999995559 ) ) ;
#8580 = CARTESIAN_POINT ( 'NONE',  ( 2.075000000000000622, 0.3799999999999998934, 0.3999999999999999667 ) ) ;
#8581 = MECHANICAL_DESIGN_GEOMETRIC_PRESENTATION_REPRESENTATION (  '', ( #1066 ), #7154 ) ;
#8582 =( NAMED_UNIT ( * ) PLANE_ANGLE_UNIT ( ) SI_UNIT ( $, .RADIAN. ) );
#8583 = AXIS2_PLACEMENT_3D ( 'NONE', #3644, #6235, #6275 ) ;
#8584 = EDGE_LOOP ( 'NONE', ( #720, #5598, #7523, #4295 ) ) ;
#8585 = DIRECTION ( 'NONE',  ( -1.000000000000000000, 0.000000000000000000, 0.000000000000000000 ) ) ;
#8586 = EDGE_CURVE ( 'NONE', #2820, #3950, #5279, .T. ) ;
#8587 =( LENGTH_UNIT ( ) NAMED_UNIT ( * ) SI_UNIT ( .MILLI., .METRE. ) );
#8588 = EDGE_LOOP ( 'NONE', ( #1187, #3019, #2762, #7621 ) ) ;
#8589 = FILL_AREA_STYLE ('',( #3294 ) ) ;
#8590 = STYLED_ITEM ( 'NONE', ( #3431 ), #8172 ) ;
#8591 = FILL_AREA_STYLE_COLOUR ( '', #5607 ) ;
#8592 = DIRECTION ( 'NONE',  ( 1.000000000000000000, 0.000000000000000000, 0.000000000000000000 ) ) ;
#8593 = CARTESIAN_POINT ( 'NONE',  ( -1.574999999999999956, 0.9499999999999997335, 0.05000000000000000278 ) ) ;
#8594 = LINE ( 'NONE', #5225, #2220 ) ;
#8595 = ORIENTED_EDGE ( 'NONE', *, *, #2960, .F. ) ;
#8596 = MECHANICAL_DESIGN_GEOMETRIC_PRESENTATION_REPRESENTATION (  '', ( #3290 ), #808 ) ;
#8597 = DIRECTION ( 'NONE',  ( -1.000000000000000000, -1.070816960479510993E-16, 0.000000000000000000 ) ) ;
#8598 = PLANE ( 'NONE',  #245 ) ;
#8600 = UNCERTAINTY_MEASURE_WITH_UNIT (LENGTH_MEASURE( 1.000000000000000082E-05 ), #209, 'distance_accuracy_value', 'NONE');
#8599 =( NAMED_UNIT ( * ) PLANE_ANGLE_UNIT ( ) SI_UNIT ( $, .RADIAN. ) );
#8601 = ADVANCED_FACE ( 'NONE', ( #1203 ), #7718, .F. ) ;
#8602 = CARTESIAN_POINT ( 'NONE',  ( 2.024999999999999911, 0.9000000000000002442, 0.5000000000000000000 ) ) ;
#8603 = CYLINDRICAL_SURFACE ( 'NONE', #5188, 0.2999999999999998224 ) ;
#8604 =( GEOMETRIC_REPRESENTATION_CONTEXT ( 3 ) GLOBAL_UNCERTAINTY_ASSIGNED_CONTEXT ( ( #1833 ) ) GLOBAL_UNIT_ASSIGNED_CONTEXT ( ( #875, #2858, #7093 ) ) REPRESENTATION_CONTEXT ( 'NONE', 'WORKASPACE' ) );
#8605 = FACE_OUTER_BOUND ( 'NONE', #925, .T. ) ;
#8606 = ORIENTED_EDGE ( 'NONE', *, *, #1758, .F. ) ;
#8607 =( LENGTH_UNIT ( ) NAMED_UNIT ( * ) SI_UNIT ( .MILLI., .METRE. ) );
#8608 = FILL_AREA_STYLE ('',( #4643 ) ) ;
#8609 = DIRECTION ( 'NONE',  ( -1.000000000000000000, -1.070816960479510870E-16, 0.000000000000000000 ) ) ;
#8610 = ORIENTED_EDGE ( 'NONE', *, *, #3384, .T. ) ;
#8611 = VERTEX_POINT ( 'NONE', #4384 ) ;
#8612 = UNCERTAINTY_MEASURE_WITH_UNIT (LENGTH_MEASURE( 1.000000000000000082E-05 ), #8335, 'distance_accuracy_value', 'NONE');
#8613 = DIRECTION ( 'NONE',  ( 0.000000000000000000, 1.000000000000000000, 0.000000000000000000 ) ) ;
#8614 = ORIENTED_EDGE ( 'NONE', *, *, #3476, .F. ) ;
#8615 = VECTOR ( 'NONE', #2521, 1000.000000000000000 ) ;
#8616 =( NAMED_UNIT ( * ) SI_UNIT ( $, .STERADIAN. ) SOLID_ANGLE_UNIT ( ) );
#8617 = AXIS2_PLACEMENT_3D ( 'NONE', #3185, #5763, #5101 ) ;
#8618 = SURFACE_SIDE_STYLE ('',( #5906 ) ) ;
#8620 = AXIS2_PLACEMENT_3D ( 'NONE', #868, #6251, #955 ) ;
#8619 = FILL_AREA_STYLE ('',( #4694 ) ) ;
#8621 = CARTESIAN_POINT ( 'NONE',  ( 1.874999999999998446, -0.6250000000000003331, 0.5999999999999999778 ) ) ;
#8622 = SURFACE_STYLE_FILL_AREA ( #8056 ) ;
#8623 = FILL_AREA_STYLE ('',( #4082 ) ) ;
#8624 = CARTESIAN_POINT ( 'NONE',  ( 1.474999999999999423, 0.9500000000000000666, 0.5999999999999994227 ) ) ;
#8625 = CARTESIAN_POINT ( 'NONE',  ( -1.899999999999999689, -1.325000000000000178, -1.040834085586084257E-14 ) ) ;
#8626 = MECHANICAL_DESIGN_GEOMETRIC_PRESENTATION_REPRESENTATION (  '', ( #1941 ), #2002 ) ;
#8627 = CYLINDRICAL_SURFACE ( 'NONE', #2470, 0.05000000000000012768 ) ;
#8628 = ORIENTED_EDGE ( 'NONE', *, *, #6015, .T. ) ;
#8629 = PRESENTATION_STYLE_ASSIGNMENT (( #5915 ) ) ;
#8630 = CARTESIAN_POINT ( 'NONE',  ( 2.275000000000000355, 0.5799999999999999600, 0.000000000000000000 ) ) ;
#8631 = EDGE_CURVE ( 'NONE', #7629, #1156, #7855, .T. ) ;
#8632 = UNCERTAINTY_MEASURE_WITH_UNIT (LENGTH_MEASURE( 1.000000000000000082E-05 ), #491, 'distance_accuracy_value', 'NONE');
#8633 = SURFACE_STYLE_USAGE ( .BOTH. , #5343 ) ;
#8634 =( NAMED_UNIT ( * ) PLANE_ANGLE_UNIT ( ) SI_UNIT ( $, .RADIAN. ) );
#8635 =( NAMED_UNIT ( * ) PLANE_ANGLE_UNIT ( ) SI_UNIT ( $, .RADIAN. ) );
#8636 = VECTOR ( 'NONE', #7238, 1000.000000000000000 ) ;
#8637 = DIRECTION ( 'NONE',  ( -1.000000000000000000, 0.000000000000000000, 0.000000000000000000 ) ) ;
#8638 =( GEOMETRIC_REPRESENTATION_CONTEXT ( 3 ) GLOBAL_UNCERTAINTY_ASSIGNED_CONTEXT ( ( #1566 ) ) GLOBAL_UNIT_ASSIGNED_CONTEXT ( ( #398, #3035, #5653 ) ) REPRESENTATION_CONTEXT ( 'NONE', 'WORKASPACE' ) );
ENDSEC;
END-ISO-10303-21;
